task_id,image_path,normalized_image_path,mre_pixels,num_points
A4C,images/A4C/PNG_IM_0716-013.png,A4C/PNG_IM_0716-013.png,234.2685546875,16
A4C,images/A4C/PNG_IM_0713-003.png,A4C/PNG_IM_0713-003.png,202.1376953125,16
A4C,images/A4C/PNG_IM_0765.png,A4C/PNG_IM_0765.png,47.05244445800781,16
A4C,images/A4C/PNG_IM_0293.png,A4C/PNG_IM_0293.png,42.404178619384766,16
A4C,images/A4C/PNG_IM_0757.png,A4C/PNG_IM_0757.png,41.7939338684082,16
A4C,images/A4C/PNG_IM_0389-003.png,A4C/PNG_IM_0389-003.png,33.393653869628906,16
A4C,images/A4C/DCM_IM_0022_s01_frame020.png,A4C/DCM_IM_0022_s01_frame020.png,33.36750411987305,16
A4C,images/A4C/PNG_IM_0317-008.png,A4C/PNG_IM_0317-008.png,28.823822021484375,16
A4C,images/A4C/PNG_IM_0766.png,A4C/PNG_IM_0766.png,27.606191635131836,16
A4C,images/A4C/PNG_IM_0772.png,A4C/PNG_IM_0772.png,26.151405334472656,16
A4C,images/A4C/DCM_IM_0049_frame000.png,A4C/DCM_IM_0049_frame000.png,22.397146224975586,16
A4C,images/A4C/DCM_IM_0026_frame031.png,A4C/DCM_IM_0026_frame031.png,21.43899917602539,16
A4C,images/A4C/DCM_IM_0045_frame014.png,A4C/DCM_IM_0045_frame014.png,20.923585891723633,16
A4C,images/A4C/PNG_IM_0244-028.png,A4C/PNG_IM_0244-028.png,18.828800201416016,16
A4C,images/A4C/DCM_IM_0100_frame024.png,A4C/DCM_IM_0100_frame024.png,15.425660133361816,16
A4C,images/A4C/DCM_IM_0047_frame065.png,A4C/DCM_IM_0047_frame065.png,14.50283145904541,16
A4C,images/A4C/DCM_IM_0007_frame007.png,A4C/DCM_IM_0007_frame007.png,14.395130157470703,16
A4C,images/A4C/DCM_IM_0087_frame001.png,A4C/DCM_IM_0087_frame001.png,14.206029891967773,16
A4C,images/A4C/DCM_IM_0171_frame018.png,A4C/DCM_IM_0171_frame018.png,13.600849151611328,16
A4C,images/A4C/PNG_IM_0867-008.png,A4C/PNG_IM_0867-008.png,12.841196060180664,16
A4C,images/A4C/PNG_IM_0730-009.png,A4C/PNG_IM_0730-009.png,12.534469604492188,16
A4C,images/A4C/PNG_IM_0710-000.png,A4C/PNG_IM_0710-000.png,11.619073867797852,16
A4C,images/A4C/PNG_IM_0575.png,A4C/PNG_IM_0575.png,9.562114715576172,16
A4C,images/A4C/PNG_IM_0329-002.png,A4C/PNG_IM_0329-002.png,8.424121856689453,16
A4C,images/A4C/PNG_IM_0758.png,A4C/PNG_IM_0758.png,8.235376358032227,16
A4C,images/A4C/DCM_IM_0079_frame065.png,A4C/DCM_IM_0079_frame065.png,8.108603477478027,16
A4C,images/A4C/PNG_IM_0729-002.png,A4C/PNG_IM_0729-002.png,7.961162567138672,16
A4C,images/A4C/PNG_IM_0372.png,A4C/PNG_IM_0372.png,7.80374002456665,16
A4C,images/A4C/PNG_IM_0035-019.png,A4C/PNG_IM_0035-019.png,7.421524524688721,16
A4C,images/A4C/PNG_IM_0417.png,A4C/PNG_IM_0417.png,7.413336277008057,16
A4C,images/A4C/PNG_IM_0346-016.png,A4C/PNG_IM_0346-016.png,7.241268634796143,16
A4C,images/A4C/PNG_IM_0331-001.png,A4C/PNG_IM_0331-001.png,7.204208850860596,16
A4C,images/A4C/PNG_IM_0553.png,A4C/PNG_IM_0553.png,7.0352935791015625,16
A4C,images/A4C/PNG_IM_0713-000.png,A4C/PNG_IM_0713-000.png,7.019933223724365,16
A4C,images/A4C/PNG_IM_0728-001.png,A4C/PNG_IM_0728-001.png,6.965841293334961,16
A4C,images/A4C/PNG_IM_0050.png,A4C/PNG_IM_0050.png,6.929452896118164,16
A4C,images/A4C/PNG_IM_0294.png,A4C/PNG_IM_0294.png,6.840615272521973,16
A4C,images/A4C/PNG_IM_0345-013.png,A4C/PNG_IM_0345-013.png,6.835216522216797,16
A4C,images/A4C/PNG_IM_0579.png,A4C/PNG_IM_0579.png,6.810013771057129,16
A4C,images/A4C/PNG_IM_0016_frame000.png,A4C/PNG_IM_0016_frame000.png,6.756349086761475,16
A4C,images/A4C/DCM_IM_0049_frame022.png,A4C/DCM_IM_0049_frame022.png,6.727504730224609,16
A4C,images/A4C/PNG_IM_0249-005.png,A4C/PNG_IM_0249-005.png,6.722817897796631,16
A4C,images/A4C/DCM_IM_0044_s02_frame029.png,A4C/DCM_IM_0044_s02_frame029.png,6.71305513381958,16
A4C,images/A4C/PNG_IM_0365.png,A4C/PNG_IM_0365.png,6.699965476989746,16
A4C,images/A4C/DCM_IM_0083_frame108.png,A4C/DCM_IM_0083_frame108.png,6.6912946701049805,16
A4C,images/A4C/PNG_IM_0878-010.png,A4C/PNG_IM_0878-010.png,6.685717582702637,16
A4C,images/A4C/DCM_IM_0044_s01_frame001.png,A4C/DCM_IM_0044_s01_frame001.png,6.660731315612793,16
A4C,images/A4C/PNG_IM_0867-052.png,A4C/PNG_IM_0867-052.png,6.654938697814941,16
A4C,images/A4C/PNG_IM_0248-001.png,A4C/PNG_IM_0248-001.png,6.54433536529541,16
A4C,images/A4C/PNG_IM_0716-012.png,A4C/PNG_IM_0716-012.png,6.4601569175720215,16
A4C,images/A4C/PNG_IM_0254-005.png,A4C/PNG_IM_0254-005.png,6.422694683074951,16
A4C,images/A4C/DCM_IM_0101_frame101.png,A4C/DCM_IM_0101_frame101.png,6.389326095581055,16
A4C,images/A4C/PNG_IM_0345-000.png,A4C/PNG_IM_0345-000.png,6.35400915145874,16
A4C,images/A4C/DCM_IM_0101_frame081.png,A4C/DCM_IM_0101_frame081.png,6.353721618652344,16
A4C,images/A4C/PNG_IM_0877-031.png,A4C/PNG_IM_0877-031.png,6.325333595275879,16
A4C,images/A4C/PNG_IM_0712-015.png,A4C/PNG_IM_0712-015.png,6.28909969329834,16
A4C,images/A4C/DCM_IM_0102_frame005.png,A4C/DCM_IM_0102_frame005.png,6.2357306480407715,16
A4C,images/A4C/DCM_IM_0043_frame023.png,A4C/DCM_IM_0043_frame023.png,6.141739368438721,16
A4C,images/A4C/DCM_IM_0033_frame014.png,A4C/DCM_IM_0033_frame014.png,6.135102272033691,16
A4C,images/A4C/DCM_IM_0075_frame057.png,A4C/DCM_IM_0075_frame057.png,6.132072448730469,16
A4C,images/A4C/DCM_IM_0008_frame031.png,A4C/DCM_IM_0008_frame031.png,6.0562872886657715,16
A4C,images/A4C/DCM_IM_0102_frame023.png,A4C/DCM_IM_0102_frame023.png,6.048109531402588,16
A4C,images/A4C/PNG_IM_0726-028.png,A4C/PNG_IM_0726-028.png,6.033505439758301,16
A4C,images/A4C/PNG_IM_0578.png,A4C/PNG_IM_0578.png,5.963531494140625,16
A4C,images/A4C/DCM_IM_0023_s01_frame043.png,A4C/DCM_IM_0023_s01_frame043.png,5.919344902038574,16
A4C,images/A4C/PNG_IM_0317-002.png,A4C/PNG_IM_0317-002.png,5.897928237915039,16
A4C,images/A4C/PNG_IM_0013-007.png,A4C/PNG_IM_0013-007.png,5.877786636352539,16
A4C,images/A4C/DCM_IM_0068_frame112.png,A4C/DCM_IM_0068_frame112.png,5.86130428314209,16
A4C,images/A4C/DCM_IM_0154_frame055.png,A4C/DCM_IM_0154_frame055.png,5.85708475112915,16
A4C,images/A4C/PNG_IM_0330-007.png,A4C/PNG_IM_0330-007.png,5.843625545501709,16
A4C,images/A4C/PNG_IM_0253-009.png,A4C/PNG_IM_0253-009.png,5.7540998458862305,16
A4C,images/A4C/PNG_IM_0886-023.png,A4C/PNG_IM_0886-023.png,5.745007038116455,16
A4C,images/A4C/DCM_IM_0053_frame037.png,A4C/DCM_IM_0053_frame037.png,5.7280592918396,16
A4C,images/A4C/DCM_IM_0119_s01_frame021.png,A4C/DCM_IM_0119_s01_frame021.png,5.722487449645996,16
A4C,images/A4C/PNG_IM_0710-081.png,A4C/PNG_IM_0710-081.png,5.716704845428467,16
A4C,images/A4C/DCM_IM_0053_frame015.png,A4C/DCM_IM_0053_frame015.png,5.695111274719238,16
A4C,images/A4C/DCM_IM_0009_frame053.png,A4C/DCM_IM_0009_frame053.png,5.690935134887695,16
A4C,images/A4C/PNG_IM_0800-006.png,A4C/PNG_IM_0800-006.png,5.667608261108398,16
A4C,images/A4C/DCM_IM_0111_frame025.png,A4C/DCM_IM_0111_frame025.png,5.652039527893066,16
A4C,images/A4C/DCM_IM_0067_frame023.png,A4C/DCM_IM_0067_frame023.png,5.616666316986084,16
A4C,images/A4C/PNG_IM_0728-002.png,A4C/PNG_IM_0728-002.png,5.605639457702637,16
A4C,images/A4C/DCM_IM_0078_frame006.png,A4C/DCM_IM_0078_frame006.png,5.603064060211182,16
A4C,images/A4C/PNG_IM_0254-000.png,A4C/PNG_IM_0254-000.png,5.554718017578125,16
A4C,images/A4C/DCM_IM_0170_frame038.png,A4C/DCM_IM_0170_frame038.png,5.481566429138184,16
A4C,images/A4C/DCM_IM_0083_frame088.png,A4C/DCM_IM_0083_frame088.png,5.480628967285156,16
A4C,images/A4C/PNG_IM_0875-016.png,A4C/PNG_IM_0875-016.png,5.478522300720215,16
A4C,images/A4C/DCM_IM_0117_frame035.png,A4C/DCM_IM_0117_frame035.png,5.454347610473633,16
A4C,images/A4C/DCM_IM_0024_s01_frame015.png,A4C/DCM_IM_0024_s01_frame015.png,5.45357608795166,16
A4C,images/A4C/DCM_IM_0046_s02_frame106.png,A4C/DCM_IM_0046_s02_frame106.png,5.4096879959106445,16
A4C,images/A4C/PNG_IM_0318-009.png,A4C/PNG_IM_0318-009.png,5.4087042808532715,16
A4C,images/A4C/DCM_IM_0024_s02_frame007.png,A4C/DCM_IM_0024_s02_frame007.png,5.39755916595459,16
A4C,images/A4C/PNG_IM_0712-013.png,A4C/PNG_IM_0712-013.png,5.373350143432617,16
A4C,images/A4C/DCM_IM_0032_frame010.png,A4C/DCM_IM_0032_frame010.png,5.323305606842041,16
A4C,images/A4C/DCM_IM_0170_frame057.png,A4C/DCM_IM_0170_frame057.png,5.322207927703857,16
A4C,images/A4C/PNG_IM_0883-005.png,A4C/PNG_IM_0883-005.png,5.317752838134766,16
A4C,images/A4C/DCM_IM_0045_frame010.png,A4C/DCM_IM_0045_frame010.png,5.26002311706543,16
A4C,images/A4C/DCM_IM_0153_frame021.png,A4C/DCM_IM_0153_frame021.png,5.210405349731445,16
A4C,images/A4C/PNG_IM_0244-012.png,A4C/PNG_IM_0244-012.png,5.166489601135254,16
A4C,images/A4C/PNG_IM_0876-018.png,A4C/PNG_IM_0876-018.png,5.1255269050598145,16
A4C,images/A4C/DCM_IM_0008_frame061.png,A4C/DCM_IM_0008_frame061.png,5.11785888671875,16
A4C,images/A4C/PNG_IM_0878-015.png,A4C/PNG_IM_0878-015.png,4.92713737487793,16
A4C,images/A4C/PNG_IM_0328-009.png,A4C/PNG_IM_0328-009.png,4.900260925292969,16
A4C,images/A4C/DCM_IM_0026_frame001.png,A4C/DCM_IM_0026_frame001.png,4.8960113525390625,16
A4C,images/A4C/DCM_IM_0117_frame017.png,A4C/DCM_IM_0117_frame017.png,4.775486946105957,16
A4C,images/A4C/DCM_IM_0041_frame013.png,A4C/DCM_IM_0041_frame013.png,4.68295955657959,16
A4C,images/A4C/PNG_IM_0876-010.png,A4C/PNG_IM_0876-010.png,4.613113880157471,16
A4C,images/A4C/PNG_IM_0720-017.png,A4C/PNG_IM_0720-017.png,4.608348846435547,16
A4C,images/A4C/PNG_IM_0730-001.png,A4C/PNG_IM_0730-001.png,4.43919563293457,16
AOP,images/AOP/00815.jpg,AOP/00815.jpg,88.19294738769531,4
AOP,images/AOP/03640.jpg,AOP/03640.jpg,39.06365966796875,4
AOP,images/AOP/03639.jpg,AOP/03639.jpg,36.961456298828125,4
AOP,images/AOP/01274.jpg,AOP/01274.jpg,32.77587127685547,4
AOP,images/AOP/03986.jpg,AOP/03986.jpg,30.09146499633789,4
AOP,images/AOP/03931.jpg,AOP/03931.jpg,29.89480972290039,4
AOP,images/AOP/00256.jpg,AOP/00256.jpg,29.09854507446289,4
AOP,images/AOP/01272.jpg,AOP/01272.jpg,28.57188606262207,4
AOP,images/AOP/00007.jpg,AOP/00007.jpg,27.31078338623047,4
AOP,images/AOP/03996.jpg,AOP/03996.jpg,27.284358978271484,4
AOP,images/AOP/01273.jpg,AOP/01273.jpg,26.74477767944336,4
AOP,images/AOP/00334.jpg,AOP/00334.jpg,26.24606704711914,4
AOP,images/AOP/00600.jpg,AOP/00600.jpg,24.651371002197266,4
AOP,images/AOP/02178.jpg,AOP/02178.jpg,24.392616271972656,4
AOP,images/AOP/00601.jpg,AOP/00601.jpg,24.357913970947266,4
AOP,images/AOP/03637.jpg,AOP/03637.jpg,23.365310668945312,4
AOP,images/AOP/02952.jpg,AOP/02952.jpg,23.046184539794922,4
AOP,images/AOP/00588.jpg,AOP/00588.jpg,22.918487548828125,4
AOP,images/AOP/01270.jpg,AOP/01270.jpg,22.791488647460938,4
AOP,images/AOP/02951.jpg,AOP/02951.jpg,22.650341033935547,4
AOP,images/AOP/03753.jpg,AOP/03753.jpg,22.64894676208496,4
AOP,images/AOP/00759.jpg,AOP/00759.jpg,22.255706787109375,4
AOP,images/AOP/03755.jpg,AOP/03755.jpg,22.240625381469727,4
AOP,images/AOP/03638.jpg,AOP/03638.jpg,22.2310791015625,4
AOP,images/AOP/00792.jpg,AOP/00792.jpg,22.0342960357666,4
AOP,images/AOP/03995.jpg,AOP/03995.jpg,21.900676727294922,4
AOP,images/AOP/00212.jpg,AOP/00212.jpg,21.776840209960938,4
AOP,images/AOP/00541.jpg,AOP/00541.jpg,21.75088882446289,4
AOP,images/AOP/03071.jpg,AOP/03071.jpg,21.541954040527344,4
AOP,images/AOP/00335.jpg,AOP/00335.jpg,21.450523376464844,4
AOP,images/AOP/03987.jpg,AOP/03987.jpg,21.343673706054688,4
AOP,images/AOP/00129.jpg,AOP/00129.jpg,21.27018928527832,4
AOP,images/AOP/03757.jpg,AOP/03757.jpg,21.13690185546875,4
AOP,images/AOP/00580.jpg,AOP/00580.jpg,20.729310989379883,4
AOP,images/AOP/00130.jpg,AOP/00130.jpg,20.658706665039062,4
AOP,images/AOP/00603.jpg,AOP/00603.jpg,20.57830810546875,4
AOP,images/AOP/00606.jpg,AOP/00606.jpg,20.532958984375,4
AOP,images/AOP/00159.jpg,AOP/00159.jpg,20.417465209960938,4
AOP,images/AOP/00170.jpg,AOP/00170.jpg,20.388755798339844,4
AOP,images/AOP/00426.jpg,AOP/00426.jpg,20.25860595703125,4
AOP,images/AOP/00859.jpg,AOP/00859.jpg,20.0258731842041,4
AOP,images/AOP/00542.jpg,AOP/00542.jpg,20.002361297607422,4
AOP,images/AOP/03988.jpg,AOP/03988.jpg,19.93001937866211,4
AOP,images/AOP/00791.jpg,AOP/00791.jpg,19.91015625,4
AOP,images/AOP/02805.jpg,AOP/02805.jpg,19.80380630493164,4
AOP,images/AOP/03072.jpg,AOP/03072.jpg,19.791812896728516,4
AOP,images/AOP/00615.jpg,AOP/00615.jpg,19.622398376464844,4
AOP,images/AOP/03073.jpg,AOP/03073.jpg,19.605419158935547,4
AOP,images/AOP/03074.jpg,AOP/03074.jpg,19.605419158935547,4
AOP,images/AOP/00626.jpg,AOP/00626.jpg,19.534820556640625,4
AOP,images/AOP/00607.jpg,AOP/00607.jpg,19.3697509765625,4
AOP,images/AOP/00599.jpg,AOP/00599.jpg,19.300296783447266,4
AOP,images/AOP/01669.jpg,AOP/01669.jpg,19.296754837036133,4
AOP,images/AOP/00760.jpg,AOP/00760.jpg,19.190101623535156,4
AOP,images/AOP/01269.jpg,AOP/01269.jpg,19.16111183166504,4
AOP,images/AOP/00545.jpg,AOP/00545.jpg,19.119773864746094,4
AOP,images/AOP/00008.jpg,AOP/00008.jpg,18.99273681640625,4
AOP,images/AOP/03962.jpg,AOP/03962.jpg,18.874942779541016,4
AOP,images/AOP/01271.jpg,AOP/01271.jpg,18.764419555664062,4
AOP,images/AOP/00955.jpg,AOP/00955.jpg,18.75838851928711,4
AOP,images/AOP/03766.jpg,AOP/03766.jpg,18.62754249572754,4
AOP,images/AOP/02807.jpg,AOP/02807.jpg,18.609737396240234,4
AOP,images/AOP/00936.jpg,AOP/00936.jpg,18.600595474243164,4
AOP,images/AOP/01763.jpg,AOP/01763.jpg,18.57168197631836,4
AOP,images/AOP/00302.jpg,AOP/00302.jpg,18.566118240356445,4
AOP,images/AOP/00816.jpg,AOP/00816.jpg,18.55544662475586,4
AOP,images/AOP/01341.jpg,AOP/01341.jpg,18.482589721679688,4
AOP,images/AOP/00543.jpg,AOP/00543.jpg,18.38758659362793,4
AOP,images/AOP/03930.jpg,AOP/03930.jpg,18.319963455200195,4
AOP,images/AOP/00608.jpg,AOP/00608.jpg,18.301376342773438,4
AOP,images/AOP/00741.jpg,AOP/00741.jpg,18.267196655273438,4
AOP,images/AOP/00793.jpg,AOP/00793.jpg,18.25949478149414,4
AOP,images/AOP/02806.jpg,AOP/02806.jpg,18.253875732421875,4
AOP,images/AOP/00627.jpg,AOP/00627.jpg,18.212268829345703,4
AOP,images/AOP/00538.jpg,AOP/00538.jpg,18.158903121948242,4
AOP,images/AOP/00947.jpg,AOP/00947.jpg,18.118412017822266,4
AOP,images/AOP/00832.jpg,AOP/00832.jpg,18.10834503173828,4
AOP,images/AOP/03767.jpg,AOP/03767.jpg,18.037586212158203,4
AOP,images/AOP/03070.jpg,AOP/03070.jpg,18.031044006347656,4
AOP,images/AOP/00620.jpg,AOP/00620.jpg,17.99738121032715,4
AOP,images/AOP/00131.jpg,AOP/00131.jpg,17.971920013427734,4
AOP,images/AOP/01991.jpg,AOP/01991.jpg,17.884258270263672,4
AOP,images/AOP/00752.jpg,AOP/00752.jpg,17.837162017822266,4
AOP,images/AOP/00539.jpg,AOP/00539.jpg,17.81348991394043,4
AOP,images/AOP/03997.jpg,AOP/03997.jpg,17.727798461914062,4
AOP,images/AOP/00821.jpg,AOP/00821.jpg,17.499727249145508,4
AOP,images/AOP/00152.jpg,AOP/00152.jpg,17.409862518310547,4
AOP,images/AOP/02360.jpg,AOP/02360.jpg,17.34859275817871,4
AOP,images/AOP/00433.jpg,AOP/00433.jpg,17.316865921020508,4
AOP,images/AOP/00153.jpg,AOP/00153.jpg,17.304744720458984,4
AOP,images/AOP/00598.jpg,AOP/00598.jpg,17.183958053588867,4
AOP,images/AOP/00614.jpg,AOP/00614.jpg,17.125595092773438,4
AOP,images/AOP/00763.jpg,AOP/00763.jpg,17.09493637084961,4
AOP,images/AOP/00508.jpg,AOP/00508.jpg,17.092782974243164,4
AOP,images/AOP/00856.jpg,AOP/00856.jpg,17.04114532470703,4
AOP,images/AOP/03991.jpg,AOP/03991.jpg,17.011383056640625,4
AOP,images/AOP/01309.jpg,AOP/01309.jpg,16.972309112548828,4
AOP,images/AOP/02633.jpg,AOP/02633.jpg,16.968908309936523,4
AOP,images/AOP/00544.jpg,AOP/00544.jpg,16.945945739746094,4
AOP,images/AOP/01144.jpg,AOP/01144.jpg,16.73564338684082,4
AOP,images/AOP/00333.jpg,AOP/00333.jpg,16.686355590820312,4
AOP,images/AOP/03822.jpg,AOP/03822.jpg,16.629295349121094,4
AOP,images/AOP/00006.jpg,AOP/00006.jpg,16.45553970336914,4
AOP,images/AOP/00920.jpg,AOP/00920.jpg,16.452842712402344,4
AOP,images/AOP/00811.jpg,AOP/00811.jpg,16.431476593017578,4
AOP,images/AOP/03641.jpg,AOP/03641.jpg,16.421506881713867,4
AOP,images/AOP/00257.jpg,AOP/00257.jpg,16.353046417236328,4
AOP,images/AOP/00181.jpg,AOP/00181.jpg,16.342147827148438,4
AOP,images/AOP/03998.jpg,AOP/03998.jpg,16.341583251953125,4
AOP,images/AOP/00049.jpg,AOP/00049.jpg,16.322288513183594,4
AOP,images/AOP/00273.jpg,AOP/00273.jpg,16.270475387573242,4
AOP,images/AOP/03114.jpg,AOP/03114.jpg,16.26742172241211,4
AOP,images/AOP/03943.jpg,AOP/03943.jpg,16.164941787719727,4
AOP,images/AOP/03963.jpg,AOP/03963.jpg,16.114765167236328,4
AOP,images/AOP/00271.jpg,AOP/00271.jpg,16.114547729492188,4
AOP,images/AOP/00318.jpg,AOP/00318.jpg,16.10257339477539,4
AOP,images/AOP/00732.jpg,AOP/00732.jpg,16.098533630371094,4
AOP,images/AOP/00158.jpg,AOP/00158.jpg,16.01392364501953,4
AOP,images/AOP/01320.jpg,AOP/01320.jpg,16.01244354248047,4
AOP,images/AOP/01945.jpg,AOP/01945.jpg,15.949784278869629,4
AOP,images/AOP/00017.jpg,AOP/00017.jpg,15.943745613098145,4
AOP,images/AOP/00595.jpg,AOP/00595.jpg,15.938465118408203,4
AOP,images/AOP/00404.jpg,AOP/00404.jpg,15.936455726623535,4
AOP,images/AOP/03870.jpg,AOP/03870.jpg,15.904191970825195,4
AOP,images/AOP/03636.jpg,AOP/03636.jpg,15.863065719604492,4
AOP,images/AOP/03782.jpg,AOP/03782.jpg,15.833022117614746,4
AOP,images/AOP/00191.jpg,AOP/00191.jpg,15.819601058959961,4
AOP,images/AOP/01931.jpg,AOP/01931.jpg,15.784158706665039,4
AOP,images/AOP/00590.jpg,AOP/00590.jpg,15.765427589416504,4
AOP,images/AOP/01338.jpg,AOP/01338.jpg,15.758464813232422,4
AOP,images/AOP/02851.jpg,AOP/02851.jpg,15.74946403503418,4
AOP,images/AOP/02008.jpg,AOP/02008.jpg,15.74560832977295,4
AOP,images/AOP/00115.jpg,AOP/00115.jpg,15.739224433898926,4
AOP,images/AOP/01275.jpg,AOP/01275.jpg,15.687722206115723,4
AOP,images/AOP/00724.jpg,AOP/00724.jpg,15.63397216796875,4
AOP,images/AOP/03747.jpg,AOP/03747.jpg,15.627593994140625,4
AOP,images/AOP/00150.jpg,AOP/00150.jpg,15.584452629089355,4
AOP,images/AOP/03754.jpg,AOP/03754.jpg,15.5492582321167,4
AOP,images/AOP/00858.jpg,AOP/00858.jpg,15.545930862426758,4
AOP,images/AOP/02963.jpg,AOP/02963.jpg,15.545524597167969,4
AOP,images/AOP/02964.jpg,AOP/02964.jpg,15.545524597167969,4
AOP,images/AOP/01156.jpg,AOP/01156.jpg,15.525299072265625,4
AOP,images/AOP/00693.jpg,AOP/00693.jpg,15.499241828918457,4
AOP,images/AOP/00610.jpg,AOP/00610.jpg,15.428180694580078,4
AOP,images/AOP/00604.jpg,AOP/00604.jpg,15.359594345092773,4
AOP,images/AOP/00151.jpg,AOP/00151.jpg,15.278556823730469,4
AOP,images/AOP/03885.jpg,AOP/03885.jpg,15.23731517791748,4
AOP,images/AOP/01717.jpg,AOP/01717.jpg,15.211410522460938,4
AOP,images/AOP/03847.jpg,AOP/03847.jpg,15.184820175170898,4
AOP,images/AOP/02697.jpg,AOP/02697.jpg,15.14997673034668,4
AOP,images/AOP/02809.jpg,AOP/02809.jpg,15.148580551147461,4
AOP,images/AOP/00266.jpg,AOP/00266.jpg,15.133212089538574,4
AOP,images/AOP/00149.jpg,AOP/00149.jpg,15.12855052947998,4
AOP,images/AOP/00945.jpg,AOP/00945.jpg,15.1011962890625,4
AOP,images/AOP/03994.jpg,AOP/03994.jpg,15.08456802368164,4
AOP,images/AOP/00938.jpg,AOP/00938.jpg,15.059866905212402,4
AOP,images/AOP/02802.jpg,AOP/02802.jpg,15.037233352661133,4
AOP,images/AOP/03068.jpg,AOP/03068.jpg,15.036247253417969,4
AOP,images/AOP/03069.jpg,AOP/03069.jpg,15.036247253417969,4
AOP,images/AOP/00126.jpg,AOP/00126.jpg,15.029989242553711,4
AOP,images/AOP/00688.jpg,AOP/00688.jpg,15.016109466552734,4
AOP,images/AOP/00168.jpg,AOP/00168.jpg,15.009286880493164,4
AOP,images/AOP/02592.jpg,AOP/02592.jpg,15.003124237060547,4
AOP,images/AOP/03744.jpg,AOP/03744.jpg,14.932775497436523,4
AOP,images/AOP/00063.jpg,AOP/00063.jpg,14.896549224853516,4
AOP,images/AOP/02961.jpg,AOP/02961.jpg,14.883674621582031,4
AOP,images/AOP/02962.jpg,AOP/02962.jpg,14.883674621582031,4
AOP,images/AOP/03845.jpg,AOP/03845.jpg,14.88031005859375,4
AOP,images/AOP/03763.jpg,AOP/03763.jpg,14.87503719329834,4
AOP,images/AOP/00552.jpg,AOP/00552.jpg,14.87348461151123,4
AOP,images/AOP/00762.jpg,AOP/00762.jpg,14.865924835205078,4
AOP,images/AOP/00984.jpg,AOP/00984.jpg,14.83167839050293,4
AOP,images/AOP/01890.jpg,AOP/01890.jpg,14.797576904296875,4
AOP,images/AOP/01625.jpg,AOP/01625.jpg,14.783903121948242,4
AOP,images/AOP/01332.jpg,AOP/01332.jpg,14.72900104522705,4
AOP,images/AOP/03992.jpg,AOP/03992.jpg,14.704307556152344,4
AOP,images/AOP/03821.jpg,AOP/03821.jpg,14.691338539123535,4
AOP,images/AOP/00321.jpg,AOP/00321.jpg,14.67040729522705,4
AOP,images/AOP/02176.jpg,AOP/02176.jpg,14.6378173828125,4
AOP,images/AOP/03776.jpg,AOP/03776.jpg,14.603007316589355,4
AOP,images/AOP/02040.jpg,AOP/02040.jpg,14.570655822753906,4
AOP,images/AOP/02801.jpg,AOP/02801.jpg,14.566665649414062,4
AOP,images/AOP/02053.jpg,AOP/02053.jpg,14.530878067016602,4
AOP,images/AOP/00308.jpg,AOP/00308.jpg,14.498603820800781,4
AOP,images/AOP/01944.jpg,AOP/01944.jpg,14.465198516845703,4
AOP,images/AOP/02834.jpg,AOP/02834.jpg,14.463701248168945,4
AOP,images/AOP/01041.jpg,AOP/01041.jpg,14.417856216430664,4
AOP,images/AOP/02425.jpg,AOP/02425.jpg,14.369182586669922,4
AOP,images/AOP/01307.jpg,AOP/01307.jpg,14.367070198059082,4
AOP,images/AOP/03780.jpg,AOP/03780.jpg,14.35207462310791,4
AOP,images/AOP/03853.jpg,AOP/03853.jpg,14.314902305603027,4
AOP,images/AOP/00789.jpg,AOP/00789.jpg,14.304956436157227,4
AOP,images/AOP/03775.jpg,AOP/03775.jpg,14.273655891418457,4
AOP,images/AOP/00596.jpg,AOP/00596.jpg,14.263092041015625,4
AOP,images/AOP/00597.jpg,AOP/00597.jpg,14.263092041015625,4
AOP,images/AOP/00244.jpg,AOP/00244.jpg,14.249289512634277,4
AOP,images/AOP/01626.jpg,AOP/01626.jpg,14.245171546936035,4
AOP,images/AOP/00183.jpg,AOP/00183.jpg,14.243203163146973,4
AOP,images/AOP/03850.jpg,AOP/03850.jpg,14.216878890991211,4
AOP,images/AOP/03453.jpg,AOP/03453.jpg,14.194540023803711,4
AOP,images/AOP/03454.jpg,AOP/03454.jpg,14.194540023803711,4
AOP,images/AOP/03765.jpg,AOP/03765.jpg,14.172309875488281,4
AOP,images/AOP/02180.jpg,AOP/02180.jpg,14.16584587097168,4
AOP,images/AOP/00730.jpg,AOP/00730.jpg,14.159055709838867,4
AOP,images/AOP/02171.jpg,AOP/02171.jpg,14.122113227844238,4
AOP,images/AOP/01053.jpg,AOP/01053.jpg,14.107277870178223,4
AOP,images/AOP/01920.jpg,AOP/01920.jpg,14.106801986694336,4
AOP,images/AOP/02019.jpg,AOP/02019.jpg,14.090738296508789,4
AOP,images/AOP/03778.jpg,AOP/03778.jpg,14.086109161376953,4
AOP,images/AOP/02685.jpg,AOP/02685.jpg,14.075220108032227,4
AOP,images/AOP/00047.jpg,AOP/00047.jpg,14.075217247009277,4
AOP,images/AOP/00269.jpg,AOP/00269.jpg,14.058091163635254,4
AOP,images/AOP/00221.jpg,AOP/00221.jpg,14.04938793182373,4
AOP,images/AOP/00948.jpg,AOP/00948.jpg,14.02929401397705,4
AOP,images/AOP/01011.jpg,AOP/01011.jpg,13.981354713439941,4
AOP,images/AOP/01936.jpg,AOP/01936.jpg,13.973158836364746,4
AOP,images/AOP/00313.jpg,AOP/00313.jpg,13.967509269714355,4
AOP,images/AOP/00128.jpg,AOP/00128.jpg,13.928058624267578,4
AOP,images/AOP/00934.jpg,AOP/00934.jpg,13.91454029083252,4
AOP,images/AOP/03932.jpg,AOP/03932.jpg,13.843944549560547,4
AOP,images/AOP/02707.jpg,AOP/02707.jpg,13.817848205566406,4
AOP,images/AOP/00703.jpg,AOP/00703.jpg,13.797454833984375,4
AOP,images/AOP/01587.jpg,AOP/01587.jpg,13.792791366577148,4
AOP,images/AOP/01042.jpg,AOP/01042.jpg,13.764355659484863,4
AOP,images/AOP/01043.jpg,AOP/01043.jpg,13.764355659484863,4
AOP,images/AOP/03891.jpg,AOP/03891.jpg,13.762226104736328,4
AOP,images/AOP/02668.jpg,AOP/02668.jpg,13.749441146850586,4
AOP,images/AOP/00833.jpg,AOP/00833.jpg,13.730321884155273,4
AOP,images/AOP/02173.jpg,AOP/02173.jpg,13.729055404663086,4
AOP,images/AOP/02496.jpg,AOP/02496.jpg,13.720345497131348,4
AOP,images/AOP/00121.jpg,AOP/00121.jpg,13.719603538513184,4
AOP,images/AOP/02815.jpg,AOP/02815.jpg,13.71265983581543,4
AOP,images/AOP/00493.jpg,AOP/00493.jpg,13.711478233337402,4
AOP,images/AOP/01897.jpg,AOP/01897.jpg,13.699588775634766,4
AOP,images/AOP/00161.jpg,AOP/00161.jpg,13.67441177368164,4
AOP,images/AOP/01155.jpg,AOP/01155.jpg,13.663179397583008,4
AOP,images/AOP/00628.jpg,AOP/00628.jpg,13.622749328613281,4
AOP,images/AOP/01943.jpg,AOP/01943.jpg,13.597830772399902,4
AOP,images/AOP/02170.jpg,AOP/02170.jpg,13.584142684936523,4
AOP,images/AOP/03849.jpg,AOP/03849.jpg,13.573222160339355,4
AOP,images/AOP/02408.jpg,AOP/02408.jpg,13.563630104064941,4
AOP,images/AOP/00237.jpg,AOP/00237.jpg,13.528610229492188,4
AOP,images/AOP/03905.jpg,AOP/03905.jpg,13.510292053222656,4
AOP,images/AOP/00052.jpg,AOP/00052.jpg,13.50532341003418,4
AOP,images/AOP/01124.jpg,AOP/01124.jpg,13.486710548400879,4
AOP,images/AOP/02667.jpg,AOP/02667.jpg,13.477619171142578,4
AOP,images/AOP/00540.jpg,AOP/00540.jpg,13.471179008483887,4
AOP,images/AOP/00316.jpg,AOP/00316.jpg,13.46036434173584,4
AOP,images/AOP/00317.jpg,AOP/00317.jpg,13.46036434173584,4
AOP,images/AOP/01010.jpg,AOP/01010.jpg,13.455262184143066,4
AOP,images/AOP/01054.jpg,AOP/01054.jpg,13.451562881469727,4
AOP,images/AOP/03785.jpg,AOP/03785.jpg,13.448047637939453,4
AOP,images/AOP/00337.jpg,AOP/00337.jpg,13.446388244628906,4
AOP,images/AOP/03749.jpg,AOP/03749.jpg,13.440982818603516,4
AOP,images/AOP/00731.jpg,AOP/00731.jpg,13.432908058166504,4
AOP,images/AOP/00156.jpg,AOP/00156.jpg,13.398763656616211,4
AOP,images/AOP/01526.jpg,AOP/01526.jpg,13.392044067382812,4
AOP,images/AOP/02303.jpg,AOP/02303.jpg,13.356929779052734,4
AOP,images/AOP/02356.jpg,AOP/02356.jpg,13.317520141601562,4
AOP,images/AOP/03843.jpg,AOP/03843.jpg,13.316354751586914,4
AOP,images/AOP/03769.jpg,AOP/03769.jpg,13.306690216064453,4
AOP,images/AOP/01421.jpg,AOP/01421.jpg,13.292760848999023,4
AOP,images/AOP/00689.jpg,AOP/00689.jpg,13.287761688232422,4
AOP,images/AOP/02006.jpg,AOP/02006.jpg,13.284629821777344,4
AOP,images/AOP/00102.jpg,AOP/00102.jpg,13.266355514526367,4
AOP,images/AOP/00800.jpg,AOP/00800.jpg,13.255853652954102,4
AOP,images/AOP/02177.jpg,AOP/02177.jpg,13.25420093536377,4
AOP,images/AOP/03777.jpg,AOP/03777.jpg,13.217190742492676,4
AOP,images/AOP/02872.jpg,AOP/02872.jpg,13.209785461425781,4
AOP,images/AOP/01854.jpg,AOP/01854.jpg,13.196563720703125,4
AOP,images/AOP/00206.jpg,AOP/00206.jpg,13.191043853759766,4
AOP,images/AOP/00788.jpg,AOP/00788.jpg,13.178731918334961,4
AOP,images/AOP/01310.jpg,AOP/01310.jpg,13.17530632019043,4
AOP,images/AOP/00225.jpg,AOP/00225.jpg,13.168815612792969,4
AOP,images/AOP/01239.jpg,AOP/01239.jpg,13.164751052856445,4
AOP,images/AOP/00421.jpg,AOP/00421.jpg,13.164196014404297,4
AOP,images/AOP/00686.jpg,AOP/00686.jpg,13.154012680053711,4
AOP,images/AOP/00194.jpg,AOP/00194.jpg,13.13339614868164,4
AOP,images/AOP/01047.jpg,AOP/01047.jpg,13.121356964111328,4
AOP,images/AOP/00924.jpg,AOP/00924.jpg,13.116602897644043,4
AOP,images/AOP/03017.jpg,AOP/03017.jpg,13.108087539672852,4
AOP,images/AOP/03018.jpg,AOP/03018.jpg,13.108087539672852,4
AOP,images/AOP/02175.jpg,AOP/02175.jpg,13.093335151672363,4
AOP,images/AOP/03774.jpg,AOP/03774.jpg,13.092187881469727,4
AOP,images/AOP/03954.jpg,AOP/03954.jpg,13.083901405334473,4
AOP,images/AOP/01064.jpg,AOP/01064.jpg,13.08083724975586,4
AOP,images/AOP/00430.jpg,AOP/00430.jpg,13.071991920471191,4
AOP,images/AOP/00190.jpg,AOP/00190.jpg,13.068269729614258,4
AOP,images/AOP/00171.jpg,AOP/00171.jpg,13.054643630981445,4
AOP,images/AOP/00142.jpg,AOP/00142.jpg,13.046530723571777,4
AOP,images/AOP/00997.jpg,AOP/00997.jpg,13.015138626098633,4
AOP,images/AOP/00751.jpg,AOP/00751.jpg,13.01145076751709,4
AOP,images/AOP/02588.jpg,AOP/02588.jpg,13.001191139221191,4
AOP,images/AOP/01065.jpg,AOP/01065.jpg,12.969545364379883,4
AOP,images/AOP/00101.jpg,AOP/00101.jpg,12.96932601928711,4
AOP,images/AOP/00985.jpg,AOP/00985.jpg,12.967803955078125,4
AOP,images/AOP/01315.jpg,AOP/01315.jpg,12.951988220214844,4
AOP,images/AOP/03115.jpg,AOP/03115.jpg,12.925285339355469,4
AOP,images/AOP/03116.jpg,AOP/03116.jpg,12.925285339355469,4
AOP,images/AOP/03815.jpg,AOP/03815.jpg,12.925281524658203,4
AOP,images/AOP/03784.jpg,AOP/03784.jpg,12.917659759521484,4
AOP,images/AOP/03918.jpg,AOP/03918.jpg,12.91004467010498,4
AOP,images/AOP/03993.jpg,AOP/03993.jpg,12.899290084838867,4
AOP,images/AOP/00863.jpg,AOP/00863.jpg,12.880260467529297,4
AOP,images/AOP/00319.jpg,AOP/00319.jpg,12.87246036529541,4
AOP,images/AOP/01899.jpg,AOP/01899.jpg,12.860760688781738,4
AOP,images/AOP/00444.jpg,AOP/00444.jpg,12.832560539245605,4
AOP,images/AOP/03902.jpg,AOP/03902.jpg,12.831620216369629,4
AOP,images/AOP/02389.jpg,AOP/02389.jpg,12.818414688110352,4
AOP,images/AOP/00210.jpg,AOP/00210.jpg,12.81352710723877,4
AOP,images/AOP/00674.jpg,AOP/00674.jpg,12.812562942504883,4
AOP,images/AOP/00702.jpg,AOP/00702.jpg,12.795907974243164,4
AOP,images/AOP/00824.jpg,AOP/00824.jpg,12.773580551147461,4
AOP,images/AOP/02873.jpg,AOP/02873.jpg,12.772470474243164,4
AOP,images/AOP/00921.jpg,AOP/00921.jpg,12.744220733642578,4
AOP,images/AOP/00922.jpg,AOP/00922.jpg,12.744220733642578,4
AOP,images/AOP/00926.jpg,AOP/00926.jpg,12.744220733642578,4
AOP,images/AOP/01055.jpg,AOP/01055.jpg,12.708450317382812,4
AOP,images/AOP/00419.jpg,AOP/00419.jpg,12.704168319702148,4
AOP,images/AOP/01714.jpg,AOP/01714.jpg,12.703168869018555,4
AOP,images/AOP/01012.jpg,AOP/01012.jpg,12.69709587097168,4
AOP,images/AOP/01753.jpg,AOP/01753.jpg,12.690247535705566,4
AOP,images/AOP/00646.jpg,AOP/00646.jpg,12.689682006835938,4
AOP,images/AOP/01843.jpg,AOP/01843.jpg,12.683521270751953,4
AOP,images/AOP/02573.jpg,AOP/02573.jpg,12.681632041931152,4
AOP,images/AOP/01929.jpg,AOP/01929.jpg,12.667327880859375,4
AOP,images/AOP/01690.jpg,AOP/01690.jpg,12.661775588989258,4
AOP,images/AOP/01691.jpg,AOP/01691.jpg,12.661775588989258,4
AOP,images/AOP/00223.jpg,AOP/00223.jpg,12.654706954956055,4
AOP,images/AOP/00715.jpg,AOP/00715.jpg,12.64301586151123,4
AOP,images/AOP/00169.jpg,AOP/00169.jpg,12.630802154541016,4
AOP,images/AOP/00929.jpg,AOP/00929.jpg,12.626290321350098,4
AOP,images/AOP/03809.jpg,AOP/03809.jpg,12.607187271118164,4
AOP,images/AOP/03119.jpg,AOP/03119.jpg,12.58972454071045,4
AOP,images/AOP/03120.jpg,AOP/03120.jpg,12.58972454071045,4
AOP,images/AOP/03121.jpg,AOP/03121.jpg,12.58972454071045,4
AOP,images/AOP/03122.jpg,AOP/03122.jpg,12.58972454071045,4
AOP,images/AOP/01420.jpg,AOP/01420.jpg,12.586854934692383,4
AOP,images/AOP/03631.jpg,AOP/03631.jpg,12.584616661071777,4
AOP,images/AOP/03209.jpg,AOP/03209.jpg,12.578229904174805,4
AOP,images/AOP/03210.jpg,AOP/03210.jpg,12.578229904174805,4
AOP,images/AOP/03989.jpg,AOP/03989.jpg,12.566876411437988,4
AOP,images/AOP/03772.jpg,AOP/03772.jpg,12.557439804077148,4
AOP,images/AOP/03790.jpg,AOP/03790.jpg,12.551237106323242,4
AOP,images/AOP/02808.jpg,AOP/02808.jpg,12.542825698852539,4
AOP,images/AOP/02366.jpg,AOP/02366.jpg,12.535470962524414,4
AOP,images/AOP/03634.jpg,AOP/03634.jpg,12.534634590148926,4
AOP,images/AOP/01700.jpg,AOP/01700.jpg,12.528554916381836,4
AOP,images/AOP/02624.jpg,AOP/02624.jpg,12.519500732421875,4
AOP,images/AOP/02549.jpg,AOP/02549.jpg,12.511796951293945,4
AOP,images/AOP/00127.jpg,AOP/00127.jpg,12.504288673400879,4
AOP,images/AOP/00709.jpg,AOP/00709.jpg,12.49624252319336,4
AOP,images/AOP/00336.jpg,AOP/00336.jpg,12.491649627685547,4
AOP,images/AOP/00250.jpg,AOP/00250.jpg,12.461177825927734,4
AOP,images/AOP/01905.jpg,AOP/01905.jpg,12.451789855957031,4
AOP,images/AOP/03630.jpg,AOP/03630.jpg,12.442497253417969,4
AOP,images/AOP/00251.jpg,AOP/00251.jpg,12.426558494567871,4
AOP,images/AOP/02321.jpg,AOP/02321.jpg,12.424396514892578,4
AOP,images/AOP/01194.jpg,AOP/01194.jpg,12.422367095947266,4
AOP,images/AOP/01964.jpg,AOP/01964.jpg,12.417465209960938,4
AOP,images/AOP/00729.jpg,AOP/00729.jpg,12.415955543518066,4
AOP,images/AOP/01539.jpg,AOP/01539.jpg,12.409265518188477,4
AOP,images/AOP/00195.jpg,AOP/00195.jpg,12.39598274230957,4
AOP,images/AOP/02550.jpg,AOP/02550.jpg,12.395291328430176,4
AOP,images/AOP/00834.jpg,AOP/00834.jpg,12.391164779663086,4
AOP,images/AOP/00652.jpg,AOP/00652.jpg,12.390357971191406,4
AOP,images/AOP/00565.jpg,AOP/00565.jpg,12.376995086669922,4
AOP,images/AOP/00157.jpg,AOP/00157.jpg,12.3704833984375,4
AOP,images/AOP/00034.jpg,AOP/00034.jpg,12.370074272155762,4
AOP,images/AOP/02127.jpg,AOP/02127.jpg,12.368063926696777,4
AOP,images/AOP/01560.jpg,AOP/01560.jpg,12.360522270202637,4
AOP,images/AOP/00701.jpg,AOP/00701.jpg,12.344791412353516,4
AOP,images/AOP/03990.jpg,AOP/03990.jpg,12.339550018310547,4
AOP,images/AOP/01654.jpg,AOP/01654.jpg,12.322242736816406,4
AOP,images/AOP/01647.jpg,AOP/01647.jpg,12.318875312805176,4
AOP,images/AOP/00325.jpg,AOP/00325.jpg,12.31104564666748,4
AOP,images/AOP/01987.jpg,AOP/01987.jpg,12.302300453186035,4
AOP,images/AOP/02853.jpg,AOP/02853.jpg,12.264403343200684,4
AOP,images/AOP/00475.jpg,AOP/00475.jpg,12.263211250305176,4
AOP,images/AOP/00100.jpg,AOP/00100.jpg,12.258224487304688,4
AOP,images/AOP/02903.jpg,AOP/02903.jpg,12.246458053588867,4
AOP,images/AOP/03880.jpg,AOP/03880.jpg,12.238058090209961,4
AOP,images/AOP/00690.jpg,AOP/00690.jpg,12.237300872802734,4
AOP,images/AOP/01450.jpg,AOP/01450.jpg,12.218202590942383,4
AOP,images/AOP/01363.jpg,AOP/01363.jpg,12.201921463012695,4
AOP,images/AOP/00691.jpg,AOP/00691.jpg,12.195699691772461,4
AOP,images/AOP/01228.jpg,AOP/01228.jpg,12.193798065185547,4
AOP,images/AOP/03881.jpg,AOP/03881.jpg,12.176799774169922,4
AOP,images/AOP/00765.jpg,AOP/00765.jpg,12.170706748962402,4
AOP,images/AOP/00766.jpg,AOP/00766.jpg,12.170706748962402,4
AOP,images/AOP/03814.jpg,AOP/03814.jpg,12.170061111450195,4
AOP,images/AOP/00232.jpg,AOP/00232.jpg,12.161149978637695,4
AOP,images/AOP/00548.jpg,AOP/00548.jpg,12.151016235351562,4
AOP,images/AOP/00124.jpg,AOP/00124.jpg,12.149698257446289,4
AOP,images/AOP/00010.jpg,AOP/00010.jpg,12.143214225769043,4
AOP,images/AOP/00197.jpg,AOP/00197.jpg,12.13698959350586,4
AOP,images/AOP/00267.jpg,AOP/00267.jpg,12.135479927062988,4
AOP,images/AOP/01938.jpg,AOP/01938.jpg,12.11422061920166,4
AOP,images/AOP/00507.jpg,AOP/00507.jpg,12.111370086669922,4
AOP,images/AOP/00777.jpg,AOP/00777.jpg,12.110029220581055,4
AOP,images/AOP/01418.jpg,AOP/01418.jpg,12.038394927978516,4
AOP,images/AOP/02612.jpg,AOP/02612.jpg,12.029009819030762,4
AOP,images/AOP/03761.jpg,AOP/03761.jpg,12.024462699890137,4
AOP,images/AOP/03760.jpg,AOP/03760.jpg,12.020801544189453,4
AOP,images/AOP/03660.jpg,AOP/03660.jpg,12.007084846496582,4
AOP,images/AOP/00561.jpg,AOP/00561.jpg,11.99351692199707,4
AOP,images/AOP/00299.jpg,AOP/00299.jpg,11.983107566833496,4
AOP,images/AOP/00009.jpg,AOP/00009.jpg,11.980022430419922,4
AOP,images/AOP/00611.jpg,AOP/00611.jpg,11.97908878326416,4
AOP,images/AOP/01932.jpg,AOP/01932.jpg,11.952141761779785,4
AOP,images/AOP/00569.jpg,AOP/00569.jpg,11.941231727600098,4
AOP,images/AOP/00814.jpg,AOP/00814.jpg,11.935001373291016,4
AOP,images/AOP/03211.jpg,AOP/03211.jpg,11.932891845703125,4
AOP,images/AOP/03212.jpg,AOP/03212.jpg,11.932891845703125,4
AOP,images/AOP/02055.jpg,AOP/02055.jpg,11.932802200317383,4
AOP,images/AOP/00725.jpg,AOP/00725.jpg,11.930084228515625,4
AOP,images/AOP/00184.jpg,AOP/00184.jpg,11.925451278686523,4
AOP,images/AOP/03979.jpg,AOP/03979.jpg,11.909671783447266,4
AOP,images/AOP/00013.jpg,AOP/00013.jpg,11.905012130737305,4
AOP,images/AOP/01644.jpg,AOP/01644.jpg,11.901288986206055,4
AOP,images/AOP/01040.jpg,AOP/01040.jpg,11.886834144592285,4
AOP,images/AOP/01044.jpg,AOP/01044.jpg,11.886834144592285,4
AOP,images/AOP/01045.jpg,AOP/01045.jpg,11.886834144592285,4
AOP,images/AOP/01046.jpg,AOP/01046.jpg,11.886834144592285,4
AOP,images/AOP/03896.jpg,AOP/03896.jpg,11.878969192504883,4
AOP,images/AOP/03771.jpg,AOP/03771.jpg,11.870804786682129,4
AOP,images/AOP/03768.jpg,AOP/03768.jpg,11.869104385375977,4
AOP,images/AOP/03750.jpg,AOP/03750.jpg,11.865192413330078,4
AOP,images/AOP/02683.jpg,AOP/02683.jpg,11.848748207092285,4
AOP,images/AOP/02682.jpg,AOP/02682.jpg,11.84866714477539,4
AOP,images/AOP/00012.jpg,AOP/00012.jpg,11.845046997070312,4
AOP,images/AOP/02484.jpg,AOP/02484.jpg,11.839286804199219,4
AOP,images/AOP/00199.jpg,AOP/00199.jpg,11.828691482543945,4
AOP,images/AOP/00764.jpg,AOP/00764.jpg,11.8181734085083,4
AOP,images/AOP/03779.jpg,AOP/03779.jpg,11.817798614501953,4
AOP,images/AOP/03589.jpg,AOP/03589.jpg,11.81135082244873,4
AOP,images/AOP/00118.jpg,AOP/00118.jpg,11.798571586608887,4
AOP,images/AOP/01720.jpg,AOP/01720.jpg,11.790594100952148,4
AOP,images/AOP/00230.jpg,AOP/00230.jpg,11.77747631072998,4
AOP,images/AOP/00322.jpg,AOP/00322.jpg,11.769506454467773,4
AOP,images/AOP/00270.jpg,AOP/00270.jpg,11.766037940979004,4
AOP,images/AOP/01855.jpg,AOP/01855.jpg,11.763524055480957,4
AOP,images/AOP/00560.jpg,AOP/00560.jpg,11.758959770202637,4
AOP,images/AOP/01468.jpg,AOP/01468.jpg,11.751489639282227,4
AOP,images/AOP/03921.jpg,AOP/03921.jpg,11.74852180480957,4
AOP,images/AOP/03945.jpg,AOP/03945.jpg,11.738931655883789,4
AOP,images/AOP/00141.jpg,AOP/00141.jpg,11.714621543884277,4
AOP,images/AOP/00035.jpg,AOP/00035.jpg,11.70883560180664,4
AOP,images/AOP/00065.jpg,AOP/00065.jpg,11.697677612304688,4
AOP,images/AOP/02625.jpg,AOP/02625.jpg,11.695181846618652,4
AOP,images/AOP/02186.jpg,AOP/02186.jpg,11.68386459350586,4
AOP,images/AOP/01662.jpg,AOP/01662.jpg,11.683197021484375,4
AOP,images/AOP/00420.jpg,AOP/00420.jpg,11.682241439819336,4
AOP,images/AOP/02804.jpg,AOP/02804.jpg,11.67698860168457,4
AOP,images/AOP/01627.jpg,AOP/01627.jpg,11.675484657287598,4
AOP,images/AOP/00268.jpg,AOP/00268.jpg,11.664868354797363,4
AOP,images/AOP/00786.jpg,AOP/00786.jpg,11.658940315246582,4
AOP,images/AOP/00473.jpg,AOP/00473.jpg,11.65264892578125,4
AOP,images/AOP/00160.jpg,AOP/00160.jpg,11.647492408752441,4
AOP,images/AOP/03208.jpg,AOP/03208.jpg,11.643192291259766,4
AOP,images/AOP/03857.jpg,AOP/03857.jpg,11.629402160644531,4
AOP,images/AOP/01721.jpg,AOP/01721.jpg,11.625795364379883,4
AOP,images/AOP/00254.jpg,AOP/00254.jpg,11.590814590454102,4
AOP,images/AOP/02701.jpg,AOP/02701.jpg,11.587138175964355,4
AOP,images/AOP/01062.jpg,AOP/01062.jpg,11.586932182312012,4
AOP,images/AOP/01157.jpg,AOP/01157.jpg,11.583720207214355,4
AOP,images/AOP/00923.jpg,AOP/00923.jpg,11.583540916442871,4
AOP,images/AOP/01048.jpg,AOP/01048.jpg,11.578449249267578,4
AOP,images/AOP/01989.jpg,AOP/01989.jpg,11.577693939208984,4
AOP,images/AOP/02684.jpg,AOP/02684.jpg,11.571149826049805,4
AOP,images/AOP/00188.jpg,AOP/00188.jpg,11.565813064575195,4
AOP,images/AOP/03770.jpg,AOP/03770.jpg,11.537734985351562,4
AOP,images/AOP/03933.jpg,AOP/03933.jpg,11.529594421386719,4
AOP,images/AOP/01061.jpg,AOP/01061.jpg,11.518289566040039,4
AOP,images/AOP/00222.jpg,AOP/00222.jpg,11.499290466308594,4
AOP,images/AOP/00189.jpg,AOP/00189.jpg,11.49492073059082,4
AOP,images/AOP/03949.jpg,AOP/03949.jpg,11.48788070678711,4
AOP,images/AOP/02850.jpg,AOP/02850.jpg,11.487415313720703,4
AOP,images/AOP/03681.jpg,AOP/03681.jpg,11.486797332763672,4
AOP,images/AOP/00734.jpg,AOP/00734.jpg,11.458465576171875,4
AOP,images/AOP/03813.jpg,AOP/03813.jpg,11.458410263061523,4
AOP,images/AOP/02128.jpg,AOP/02128.jpg,11.454599380493164,4
AOP,images/AOP/01321.jpg,AOP/01321.jpg,11.443358421325684,4
AOP,images/AOP/00326.jpg,AOP/00326.jpg,11.421504974365234,4
AOP,images/AOP/02795.jpg,AOP/02795.jpg,11.418097496032715,4
AOP,images/AOP/02339.jpg,AOP/02339.jpg,11.41539192199707,4
AOP,images/AOP/02357.jpg,AOP/02357.jpg,11.411226272583008,4
AOP,images/AOP/00995.jpg,AOP/00995.jpg,11.38776683807373,4
AOP,images/AOP/02702.jpg,AOP/02702.jpg,11.382855415344238,4
AOP,images/AOP/01918.jpg,AOP/01918.jpg,11.379423141479492,4
AOP,images/AOP/02262.jpg,AOP/02262.jpg,11.365152359008789,4
AOP,images/AOP/03964.jpg,AOP/03964.jpg,11.362918853759766,4
AOP,images/AOP/00651.jpg,AOP/00651.jpg,11.342273712158203,4
AOP,images/AOP/02719.jpg,AOP/02719.jpg,11.337549209594727,4
AOP,images/AOP/02369.jpg,AOP/02369.jpg,11.336909294128418,4
AOP,images/AOP/02824.jpg,AOP/02824.jpg,11.332275390625,4
AOP,images/AOP/01063.jpg,AOP/01063.jpg,11.312858581542969,4
AOP,images/AOP/02075.jpg,AOP/02075.jpg,11.308469772338867,4
AOP,images/AOP/00860.jpg,AOP/00860.jpg,11.29458999633789,4
AOP,images/AOP/03965.jpg,AOP/03965.jpg,11.281831741333008,4
AOP,images/AOP/01655.jpg,AOP/01655.jpg,11.277868270874023,4
AOP,images/AOP/03793.jpg,AOP/03793.jpg,11.262368202209473,4
AOP,images/AOP/01852.jpg,AOP/01852.jpg,11.258340835571289,4
AOP,images/AOP/00469.jpg,AOP/00469.jpg,11.252144813537598,4
AOP,images/AOP/01658.jpg,AOP/01658.jpg,11.248346328735352,4
AOP,images/AOP/00224.jpg,AOP/00224.jpg,11.243509292602539,4
AOP,images/AOP/01049.jpg,AOP/01049.jpg,11.243181228637695,4
AOP,images/AOP/02706.jpg,AOP/02706.jpg,11.240945816040039,4
AOP,images/AOP/01411.jpg,AOP/01411.jpg,11.240489959716797,4
AOP,images/AOP/01089.jpg,AOP/01089.jpg,11.226009368896484,4
AOP,images/AOP/00164.jpg,AOP/00164.jpg,11.222872734069824,4
AOP,images/AOP/01469.jpg,AOP/01469.jpg,11.210426330566406,4
AOP,images/AOP/01470.jpg,AOP/01470.jpg,11.204952239990234,4
AOP,images/AOP/01704.jpg,AOP/01704.jpg,11.203640937805176,4
AOP,images/AOP/02538.jpg,AOP/02538.jpg,11.192337036132812,4
AOP,images/AOP/01371.jpg,AOP/01371.jpg,11.188777923583984,4
AOP,images/AOP/00053.jpg,AOP/00053.jpg,11.186104774475098,4
AOP,images/AOP/01653.jpg,AOP/01653.jpg,11.182491302490234,4
AOP,images/AOP/00622.jpg,AOP/00622.jpg,11.173683166503906,4
AOP,images/AOP/01376.jpg,AOP/01376.jpg,11.166387557983398,4
AOP,images/AOP/01715.jpg,AOP/01715.jpg,11.162671089172363,4
AOP,images/AOP/03883.jpg,AOP/03883.jpg,11.15579891204834,4
AOP,images/AOP/00132.jpg,AOP/00132.jpg,11.1482515335083,4
AOP,images/AOP/00154.jpg,AOP/00154.jpg,11.142059326171875,4
AOP,images/AOP/03944.jpg,AOP/03944.jpg,11.136639595031738,4
AOP,images/AOP/02116.jpg,AOP/02116.jpg,11.124704360961914,4
AOP,images/AOP/00060.jpg,AOP/00060.jpg,11.116838455200195,4
AOP,images/AOP/00211.jpg,AOP/00211.jpg,11.110184669494629,4
AOP,images/AOP/03700.jpg,AOP/03700.jpg,11.106111526489258,4
AOP,images/AOP/01796.jpg,AOP/01796.jpg,11.104249000549316,4
AOP,images/AOP/03751.jpg,AOP/03751.jpg,11.103429794311523,4
AOP,images/AOP/01349.jpg,AOP/01349.jpg,11.102213859558105,4
AOP,images/AOP/03015.jpg,AOP/03015.jpg,11.097282409667969,4
AOP,images/AOP/03016.jpg,AOP/03016.jpg,11.097282409667969,4
AOP,images/AOP/03773.jpg,AOP/03773.jpg,11.092975616455078,4
AOP,images/AOP/01973.jpg,AOP/01973.jpg,11.09092903137207,4
AOP,images/AOP/00842.jpg,AOP/00842.jpg,11.086206436157227,4
AOP,images/AOP/02354.jpg,AOP/02354.jpg,11.079826354980469,4
AOP,images/AOP/00312.jpg,AOP/00312.jpg,11.076208114624023,4
AOP,images/AOP/02022.jpg,AOP/02022.jpg,11.060465812683105,4
AOP,images/AOP/01417.jpg,AOP/01417.jpg,11.0591459274292,4
AOP,images/AOP/02714.jpg,AOP/02714.jpg,11.054553985595703,4
AOP,images/AOP/02797.jpg,AOP/02797.jpg,11.046314239501953,4
AOP,images/AOP/02585.jpg,AOP/02585.jpg,11.045011520385742,4
AOP,images/AOP/00647.jpg,AOP/00647.jpg,11.04452133178711,4
AOP,images/AOP/00939.jpg,AOP/00939.jpg,11.026253700256348,4
AOP,images/AOP/02631.jpg,AOP/02631.jpg,11.015487670898438,4
AOP,images/AOP/03783.jpg,AOP/03783.jpg,10.974634170532227,4
AOP,images/AOP/00582.jpg,AOP/00582.jpg,10.962061882019043,4
AOP,images/AOP/00046.jpg,AOP/00046.jpg,10.958017349243164,4
AOP,images/AOP/01930.jpg,AOP/01930.jpg,10.955810546875,4
AOP,images/AOP/00213.jpg,AOP/00213.jpg,10.951066970825195,4
AOP,images/AOP/02629.jpg,AOP/02629.jpg,10.944767951965332,4
AOP,images/AOP/00555.jpg,AOP/00555.jpg,10.943058013916016,4
AOP,images/AOP/02230.jpg,AOP/02230.jpg,10.931154251098633,4
AOP,images/AOP/00562.jpg,AOP/00562.jpg,10.92906665802002,4
AOP,images/AOP/02023.jpg,AOP/02023.jpg,10.92896842956543,4
AOP,images/AOP/01689.jpg,AOP/01689.jpg,10.925975799560547,4
AOP,images/AOP/00062.jpg,AOP/00062.jpg,10.925491333007812,4
AOP,images/AOP/00705.jpg,AOP/00705.jpg,10.909902572631836,4
AOP,images/AOP/01646.jpg,AOP/01646.jpg,10.908206939697266,4
AOP,images/AOP/03798.jpg,AOP/03798.jpg,10.905200004577637,4
AOP,images/AOP/03919.jpg,AOP/03919.jpg,10.900982856750488,4
AOP,images/AOP/03746.jpg,AOP/03746.jpg,10.896717071533203,4
AOP,images/AOP/02132.jpg,AOP/02132.jpg,10.892230987548828,4
AOP,images/AOP/03818.jpg,AOP/03818.jpg,10.886594772338867,4
AOP,images/AOP/00263.jpg,AOP/00263.jpg,10.883150100708008,4
AOP,images/AOP/03592.jpg,AOP/03592.jpg,10.880859375,4
AOP,images/AOP/01853.jpg,AOP/01853.jpg,10.873903274536133,4
AOP,images/AOP/01557.jpg,AOP/01557.jpg,10.870495796203613,4
AOP,images/AOP/00946.jpg,AOP/00946.jpg,10.870354652404785,4
AOP,images/AOP/00713.jpg,AOP/00713.jpg,10.868714332580566,4
AOP,images/AOP/00048.jpg,AOP/00048.jpg,10.867685317993164,4
AOP,images/AOP/03745.jpg,AOP/03745.jpg,10.864507675170898,4
AOP,images/AOP/00096.jpg,AOP/00096.jpg,10.863937377929688,4
AOP,images/AOP/00981.jpg,AOP/00981.jpg,10.863910675048828,4
AOP,images/AOP/03709.jpg,AOP/03709.jpg,10.84546184539795,4
AOP,images/AOP/01516.jpg,AOP/01516.jpg,10.840328216552734,4
AOP,images/AOP/00874.jpg,AOP/00874.jpg,10.830106735229492,4
AOP,images/AOP/00692.jpg,AOP/00692.jpg,10.823749542236328,4
AOP,images/AOP/00768.jpg,AOP/00768.jpg,10.817412376403809,4
AOP,images/AOP/00004.jpg,AOP/00004.jpg,10.804224014282227,4
AOP,images/AOP/00841.jpg,AOP/00841.jpg,10.791937828063965,4
AOP,images/AOP/03341.jpg,AOP/03341.jpg,10.77589225769043,4
AOP,images/AOP/01472.jpg,AOP/01472.jpg,10.769601821899414,4
AOP,images/AOP/01474.jpg,AOP/01474.jpg,10.769601821899414,4
AOP,images/AOP/01475.jpg,AOP/01475.jpg,10.769601821899414,4
AOP,images/AOP/01476.jpg,AOP/01476.jpg,10.769601821899414,4
AOP,images/AOP/01660.jpg,AOP/01660.jpg,10.747329711914062,4
AOP,images/AOP/02642.jpg,AOP/02642.jpg,10.74418830871582,4
AOP,images/AOP/00533.jpg,AOP/00533.jpg,10.734607696533203,4
AOP,images/AOP/00099.jpg,AOP/00099.jpg,10.725170135498047,4
AOP,images/AOP/02426.jpg,AOP/02426.jpg,10.722512245178223,4
AOP,images/AOP/03960.jpg,AOP/03960.jpg,10.713462829589844,4
AOP,images/AOP/00314.jpg,AOP/00314.jpg,10.712810516357422,4
AOP,images/AOP/01553.jpg,AOP/01553.jpg,10.711775779724121,4
AOP,images/AOP/02105.jpg,AOP/02105.jpg,10.7108793258667,4
AOP,images/AOP/02015.jpg,AOP/02015.jpg,10.70590591430664,4
AOP,images/AOP/00066.jpg,AOP/00066.jpg,10.699671745300293,4
AOP,images/AOP/02136.jpg,AOP/02136.jpg,10.695671081542969,4
AOP,images/AOP/03812.jpg,AOP/03812.jpg,10.683034896850586,4
AOP,images/AOP/00019.jpg,AOP/00019.jpg,10.6804838180542,4
AOP,images/AOP/00245.jpg,AOP/00245.jpg,10.665410041809082,4
AOP,images/AOP/00577.jpg,AOP/00577.jpg,10.66164779663086,4
AOP,images/AOP/03942.jpg,AOP/03942.jpg,10.66047191619873,4
AOP,images/AOP/03904.jpg,AOP/03904.jpg,10.64334487915039,4
AOP,images/AOP/01906.jpg,AOP/01906.jpg,10.641746520996094,4
AOP,images/AOP/02182.jpg,AOP/02182.jpg,10.63564395904541,4
AOP,images/AOP/03117.jpg,AOP/03117.jpg,10.631790161132812,4
AOP,images/AOP/03118.jpg,AOP/03118.jpg,10.631790161132812,4
AOP,images/AOP/01953.jpg,AOP/01953.jpg,10.626617431640625,4
AOP,images/AOP/01462.jpg,AOP/01462.jpg,10.623687744140625,4
AOP,images/AOP/01679.jpg,AOP/01679.jpg,10.621441841125488,4
AOP,images/AOP/01642.jpg,AOP/01642.jpg,10.61845588684082,4
AOP,images/AOP/00289.jpg,AOP/00289.jpg,10.596397399902344,4
AOP,images/AOP/02441.jpg,AOP/02441.jpg,10.559635162353516,4
AOP,images/AOP/01639.jpg,AOP/01639.jpg,10.548650741577148,4
AOP,images/AOP/01111.jpg,AOP/01111.jpg,10.541202545166016,4
AOP,images/AOP/02778.jpg,AOP/02778.jpg,10.524238586425781,4
AOP,images/AOP/00274.jpg,AOP/00274.jpg,10.521257400512695,4
AOP,images/AOP/01814.jpg,AOP/01814.jpg,10.515983581542969,4
AOP,images/AOP/02114.jpg,AOP/02114.jpg,10.510053634643555,4
AOP,images/AOP/00200.jpg,AOP/00200.jpg,10.50610065460205,4
AOP,images/AOP/01066.jpg,AOP/01066.jpg,10.504718780517578,4
AOP,images/AOP/01567.jpg,AOP/01567.jpg,10.498869895935059,4
AOP,images/AOP/00476.jpg,AOP/00476.jpg,10.497629165649414,4
AOP,images/AOP/02400.jpg,AOP/02400.jpg,10.486283302307129,4
AOP,images/AOP/00122.jpg,AOP/00122.jpg,10.480866432189941,4
AOP,images/AOP/00406.jpg,AOP/00406.jpg,10.470895767211914,4
AOP,images/AOP/00487.jpg,AOP/00487.jpg,10.462532997131348,4
AOP,images/AOP/00125.jpg,AOP/00125.jpg,10.457331657409668,4
AOP,images/AOP/00320.jpg,AOP/00320.jpg,10.45212173461914,4
AOP,images/AOP/00837.jpg,AOP/00837.jpg,10.451708793640137,4
AOP,images/AOP/01699.jpg,AOP/01699.jpg,10.450078010559082,4
AOP,images/AOP/00110.jpg,AOP/00110.jpg,10.449897766113281,4
AOP,images/AOP/00140.jpg,AOP/00140.jpg,10.445404052734375,4
AOP,images/AOP/01121.jpg,AOP/01121.jpg,10.430550575256348,4
AOP,images/AOP/00998.jpg,AOP/00998.jpg,10.416330337524414,4
AOP,images/AOP/00196.jpg,AOP/00196.jpg,10.41604995727539,4
AOP,images/AOP/01723.jpg,AOP/01723.jpg,10.412603378295898,4
AOP,images/AOP/00767.jpg,AOP/00767.jpg,10.406867980957031,4
AOP,images/AOP/00249.jpg,AOP/00249.jpg,10.395920753479004,4
AOP,images/AOP/02020.jpg,AOP/02020.jpg,10.391201972961426,4
AOP,images/AOP/03837.jpg,AOP/03837.jpg,10.387720108032227,4
AOP,images/AOP/00082.jpg,AOP/00082.jpg,10.380758285522461,4
AOP,images/AOP/00485.jpg,AOP/00485.jpg,10.371625900268555,4
AOP,images/AOP/02338.jpg,AOP/02338.jpg,10.370506286621094,4
AOP,images/AOP/01802.jpg,AOP/01802.jpg,10.361123085021973,4
AOP,images/AOP/03619.jpg,AOP/03619.jpg,10.357871055603027,4
AOP,images/AOP/00114.jpg,AOP/00114.jpg,10.352348327636719,4
AOP,images/AOP/00716.jpg,AOP/00716.jpg,10.349248886108398,4
AOP,images/AOP/00020.jpg,AOP/00020.jpg,10.34626293182373,4
AOP,images/AOP/00228.jpg,AOP/00228.jpg,10.343436241149902,4
AOP,images/AOP/01631.jpg,AOP/01631.jpg,10.340145111083984,4
AOP,images/AOP/00349.jpg,AOP/00349.jpg,10.339532852172852,4
AOP,images/AOP/01759.jpg,AOP/01759.jpg,10.329000473022461,4
AOP,images/AOP/00754.jpg,AOP/00754.jpg,10.327451705932617,4
AOP,images/AOP/03633.jpg,AOP/03633.jpg,10.324987411499023,4
AOP,images/AOP/00061.jpg,AOP/00061.jpg,10.3233642578125,4
AOP,images/AOP/00192.jpg,AOP/00192.jpg,10.318778038024902,4
AOP,images/AOP/02169.jpg,AOP/02169.jpg,10.318146705627441,4
AOP,images/AOP/01682.jpg,AOP/01682.jpg,10.309375762939453,4
AOP,images/AOP/01645.jpg,AOP/01645.jpg,10.303699493408203,4
AOP,images/AOP/02882.jpg,AOP/02882.jpg,10.30354118347168,4
AOP,images/AOP/01972.jpg,AOP/01972.jpg,10.295917510986328,4
AOP,images/AOP/01322.jpg,AOP/01322.jpg,10.288116455078125,4
AOP,images/AOP/03764.jpg,AOP/03764.jpg,10.274836540222168,4
AOP,images/AOP/00097.jpg,AOP/00097.jpg,10.271446228027344,4
AOP,images/AOP/02258.jpg,AOP/02258.jpg,10.261871337890625,4
AOP,images/AOP/02057.jpg,AOP/02057.jpg,10.256793975830078,4
AOP,images/AOP/00699.jpg,AOP/00699.jpg,10.256595611572266,4
AOP,images/AOP/00977.jpg,AOP/00977.jpg,10.256024360656738,4
AOP,images/AOP/00869.jpg,AOP/00869.jpg,10.253091812133789,4
AOP,images/AOP/03889.jpg,AOP/03889.jpg,10.252046585083008,4
AOP,images/AOP/03948.jpg,AOP/03948.jpg,10.245901107788086,4
AOP,images/AOP/00084.jpg,AOP/00084.jpg,10.243733406066895,4
AOP,images/AOP/01993.jpg,AOP/01993.jpg,10.237571716308594,4
AOP,images/AOP/02126.jpg,AOP/02126.jpg,10.236787796020508,4
AOP,images/AOP/01813.jpg,AOP/01813.jpg,10.235480308532715,4
AOP,images/AOP/02731.jpg,AOP/02731.jpg,10.21094799041748,4
AOP,images/AOP/00116.jpg,AOP/00116.jpg,10.177597999572754,4
AOP,images/AOP/01698.jpg,AOP/01698.jpg,10.174758911132812,4
AOP,images/AOP/00864.jpg,AOP/00864.jpg,10.172765731811523,4
AOP,images/AOP/03455.jpg,AOP/03455.jpg,10.162419319152832,4
AOP,images/AOP/01630.jpg,AOP/01630.jpg,10.156953811645508,4
AOP,images/AOP/01736.jpg,AOP/01736.jpg,10.144685745239258,4
AOP,images/AOP/02052.jpg,AOP/02052.jpg,10.142645835876465,4
AOP,images/AOP/02054.jpg,AOP/02054.jpg,10.142645835876465,4
AOP,images/AOP/03606.jpg,AOP/03606.jpg,10.13679027557373,4
AOP,images/AOP/00549.jpg,AOP/00549.jpg,10.13365364074707,4
AOP,images/AOP/02437.jpg,AOP/02437.jpg,10.115074157714844,4
AOP,images/AOP/00554.jpg,AOP/00554.jpg,10.114483833312988,4
AOP,images/AOP/01564.jpg,AOP/01564.jpg,10.113021850585938,4
AOP,images/AOP/03748.jpg,AOP/03748.jpg,10.109073638916016,4
AOP,images/AOP/01774.jpg,AOP/01774.jpg,10.108711242675781,4
AOP,images/AOP/03019.jpg,AOP/03019.jpg,10.105329513549805,4
AOP,images/AOP/01319.jpg,AOP/01319.jpg,10.103340148925781,4
AOP,images/AOP/01300.jpg,AOP/01300.jpg,10.080597877502441,4
AOP,images/AOP/02445.jpg,AOP/02445.jpg,10.070176124572754,4
AOP,images/AOP/03618.jpg,AOP/03618.jpg,10.067676544189453,4
AOP,images/AOP/00711.jpg,AOP/00711.jpg,10.064339637756348,4
AOP,images/AOP/01758.jpg,AOP/01758.jpg,10.053450584411621,4
AOP,images/AOP/01057.jpg,AOP/01057.jpg,10.036247253417969,4
AOP,images/AOP/02358.jpg,AOP/02358.jpg,10.0319242477417,4
AOP,images/AOP/00134.jpg,AOP/00134.jpg,10.028888702392578,4
AOP,images/AOP/02044.jpg,AOP/02044.jpg,10.022432327270508,4
AOP,images/AOP/00472.jpg,AOP/00472.jpg,10.01634407043457,4
AOP,images/AOP/00483.jpg,AOP/00483.jpg,10.01634407043457,4
AOP,images/AOP/03824.jpg,AOP/03824.jpg,10.014726638793945,4
AOP,images/AOP/02705.jpg,AOP/02705.jpg,10.013213157653809,4
AOP,images/AOP/03951.jpg,AOP/03951.jpg,10.010698318481445,4
AOP,images/AOP/01683.jpg,AOP/01683.jpg,10.004216194152832,4
AOP,images/AOP/01634.jpg,AOP/01634.jpg,10.001956939697266,4
AOP,images/AOP/01716.jpg,AOP/01716.jpg,10.001426696777344,4
AOP,images/AOP/02720.jpg,AOP/02720.jpg,9.994720458984375,4
AOP,images/AOP/03301.jpg,AOP/03301.jpg,9.9922456741333,4
AOP,images/AOP/03302.jpg,AOP/03302.jpg,9.9922456741333,4
AOP,images/AOP/03308.jpg,AOP/03308.jpg,9.9922456741333,4
AOP,images/AOP/03309.jpg,AOP/03309.jpg,9.9922456741333,4
AOP,images/AOP/00656.jpg,AOP/00656.jpg,9.990646362304688,4
AOP,images/AOP/00534.jpg,AOP/00534.jpg,9.987837791442871,4
AOP,images/AOP/03762.jpg,AOP/03762.jpg,9.987287521362305,4
AOP,images/AOP/00021.jpg,AOP/00021.jpg,9.982564926147461,4
AOP,images/AOP/02724.jpg,AOP/02724.jpg,9.970044136047363,4
AOP,images/AOP/03868.jpg,AOP/03868.jpg,9.969265937805176,4
AOP,images/AOP/02341.jpg,AOP/02341.jpg,9.965581893920898,4
AOP,images/AOP/01661.jpg,AOP/01661.jpg,9.955728530883789,4
AOP,images/AOP/00324.jpg,AOP/00324.jpg,9.95067310333252,4
AOP,images/AOP/00942.jpg,AOP/00942.jpg,9.94947624206543,4
AOP,images/AOP/02574.jpg,AOP/02574.jpg,9.9451904296875,4
AOP,images/AOP/00753.jpg,AOP/00753.jpg,9.94440746307373,4
AOP,images/AOP/02915.jpg,AOP/02915.jpg,9.944337844848633,4
AOP,images/AOP/03795.jpg,AOP/03795.jpg,9.937396049499512,4
AOP,images/AOP/02835.jpg,AOP/02835.jpg,9.929840087890625,4
AOP,images/AOP/00018.jpg,AOP/00018.jpg,9.928655624389648,4
AOP,images/AOP/03055.jpg,AOP/03055.jpg,9.927069664001465,4
AOP,images/AOP/03056.jpg,AOP/03056.jpg,9.927069664001465,4
AOP,images/AOP/03057.jpg,AOP/03057.jpg,9.927069664001465,4
AOP,images/AOP/03058.jpg,AOP/03058.jpg,9.927069664001465,4
AOP,images/AOP/00687.jpg,AOP/00687.jpg,9.921887397766113,4
AOP,images/AOP/02012.jpg,AOP/02012.jpg,9.921579360961914,4
AOP,images/AOP/01123.jpg,AOP/01123.jpg,9.917825698852539,4
AOP,images/AOP/03213.jpg,AOP/03213.jpg,9.914107322692871,4
AOP,images/AOP/00179.jpg,AOP/00179.jpg,9.889951705932617,4
AOP,images/AOP/00790.jpg,AOP/00790.jpg,9.8897066116333,4
AOP,images/AOP/01196.jpg,AOP/01196.jpg,9.888043403625488,4
AOP,images/AOP/00889.jpg,AOP/00889.jpg,9.886961936950684,4
AOP,images/AOP/00781.jpg,AOP/00781.jpg,9.886575698852539,4
AOP,images/AOP/02666.jpg,AOP/02666.jpg,9.876261711120605,4
AOP,images/AOP/00123.jpg,AOP/00123.jpg,9.872342109680176,4
AOP,images/AOP/02241.jpg,AOP/02241.jpg,9.868301391601562,4
AOP,images/AOP/03661.jpg,AOP/03661.jpg,9.865880012512207,4
AOP,images/AOP/02540.jpg,AOP/02540.jpg,9.859508514404297,4
AOP,images/AOP/02686.jpg,AOP/02686.jpg,9.857501983642578,4
AOP,images/AOP/00644.jpg,AOP/00644.jpg,9.854694366455078,4
AOP,images/AOP/01839.jpg,AOP/01839.jpg,9.849594116210938,4
AOP,images/AOP/00085.jpg,AOP/00085.jpg,9.841538429260254,4
AOP,images/AOP/03887.jpg,AOP/03887.jpg,9.838191032409668,4
AOP,images/AOP/00714.jpg,AOP/00714.jpg,9.832247734069824,4
AOP,images/AOP/02774.jpg,AOP/02774.jpg,9.829231262207031,4
AOP,images/AOP/01608.jpg,AOP/01608.jpg,9.82706356048584,4
AOP,images/AOP/02355.jpg,AOP/02355.jpg,9.82607650756836,4
AOP,images/AOP/00003.jpg,AOP/00003.jpg,9.811210632324219,4
AOP,images/AOP/02725.jpg,AOP/02725.jpg,9.8045072555542,4
AOP,images/AOP/02393.jpg,AOP/02393.jpg,9.800487518310547,4
AOP,images/AOP/01163.jpg,AOP/01163.jpg,9.79895305633545,4
AOP,images/AOP/02779.jpg,AOP/02779.jpg,9.794075965881348,4
AOP,images/AOP/00586.jpg,AOP/00586.jpg,9.793681144714355,4
AOP,images/AOP/00857.jpg,AOP/00857.jpg,9.79265022277832,4
AOP,images/AOP/00414.jpg,AOP/00414.jpg,9.792462348937988,4
AOP,images/AOP/01362.jpg,AOP/01362.jpg,9.791343688964844,4
AOP,images/AOP/00717.jpg,AOP/00717.jpg,9.788250923156738,4
AOP,images/AOP/01439.jpg,AOP/01439.jpg,9.781773567199707,4
AOP,images/AOP/02626.jpg,AOP/02626.jpg,9.771482467651367,4
AOP,images/AOP/01138.jpg,AOP/01138.jpg,9.758225440979004,4
AOP,images/AOP/02336.jpg,AOP/02336.jpg,9.757073402404785,4
AOP,images/AOP/02647.jpg,AOP/02647.jpg,9.755492210388184,4
AOP,images/AOP/01729.jpg,AOP/01729.jpg,9.748969078063965,4
AOP,images/AOP/00950.jpg,AOP/00950.jpg,9.748006820678711,4
AOP,images/AOP/02609.jpg,AOP/02609.jpg,9.745893478393555,4
AOP,images/AOP/00771.jpg,AOP/00771.jpg,9.745458602905273,4
AOP,images/AOP/03952.jpg,AOP/03952.jpg,9.743820190429688,4
AOP,images/AOP/00676.jpg,AOP/00676.jpg,9.743392944335938,4
AOP,images/AOP/02420.jpg,AOP/02420.jpg,9.735738754272461,4
AOP,images/AOP/03917.jpg,AOP/03917.jpg,9.725021362304688,4
AOP,images/AOP/03872.jpg,AOP/03872.jpg,9.723274230957031,4
AOP,images/AOP/00468.jpg,AOP/00468.jpg,9.718273162841797,4
AOP,images/AOP/00470.jpg,AOP/00470.jpg,9.718273162841797,4
AOP,images/AOP/00482.jpg,AOP/00482.jpg,9.712202072143555,4
AOP,images/AOP/02874.jpg,AOP/02874.jpg,9.71213150024414,4
AOP,images/AOP/00685.jpg,AOP/00685.jpg,9.70219898223877,4
AOP,images/AOP/02404.jpg,AOP/02404.jpg,9.690509796142578,4
AOP,images/AOP/01304.jpg,AOP/01304.jpg,9.68764877319336,4
AOP,images/AOP/01888.jpg,AOP/01888.jpg,9.686182022094727,4
AOP,images/AOP/01413.jpg,AOP/01413.jpg,9.682899475097656,4
AOP,images/AOP/00881.jpg,AOP/00881.jpg,9.6824951171875,4
AOP,images/AOP/03342.jpg,AOP/03342.jpg,9.678173065185547,4
AOP,images/AOP/01546.jpg,AOP/01546.jpg,9.674548149108887,4
AOP,images/AOP/01318.jpg,AOP/01318.jpg,9.662755966186523,4
AOP,images/AOP/02451.jpg,AOP/02451.jpg,9.662725448608398,4
AOP,images/AOP/00233.jpg,AOP/00233.jpg,9.653566360473633,4
AOP,images/AOP/03150.jpg,AOP/03150.jpg,9.634947776794434,4
AOP,images/AOP/03151.jpg,AOP/03151.jpg,9.634947776794434,4
AOP,images/AOP/00120.jpg,AOP/00120.jpg,9.631582260131836,4
AOP,images/AOP/03878.jpg,AOP/03878.jpg,9.616310119628906,4
AOP,images/AOP/01389.jpg,AOP/01389.jpg,9.611923217773438,4
AOP,images/AOP/00051.jpg,AOP/00051.jpg,9.607458114624023,4
AOP,images/AOP/02832.jpg,AOP/02832.jpg,9.606008529663086,4
AOP,images/AOP/00033.jpg,AOP/00033.jpg,9.60264778137207,4
AOP,images/AOP/01685.jpg,AOP/01685.jpg,9.59860897064209,4
AOP,images/AOP/03752.jpg,AOP/03752.jpg,9.598031997680664,4
AOP,images/AOP/01882.jpg,AOP/01882.jpg,9.591625213623047,4
AOP,images/AOP/01160.jpg,AOP/01160.jpg,9.576736450195312,4
AOP,images/AOP/03149.jpg,AOP/03149.jpg,9.575854301452637,4
AOP,images/AOP/01607.jpg,AOP/01607.jpg,9.572607040405273,4
AOP,images/AOP/02249.jpg,AOP/02249.jpg,9.569707870483398,4
AOP,images/AOP/01766.jpg,AOP/01766.jpg,9.568635940551758,4
AOP,images/AOP/01995.jpg,AOP/01995.jpg,9.56612777709961,4
AOP,images/AOP/00986.jpg,AOP/00986.jpg,9.563498497009277,4
AOP,images/AOP/02726.jpg,AOP/02726.jpg,9.56132698059082,4
AOP,images/AOP/01898.jpg,AOP/01898.jpg,9.549273490905762,4
AOP,images/AOP/00553.jpg,AOP/00553.jpg,9.539796829223633,4
AOP,images/AOP/02172.jpg,AOP/02172.jpg,9.538793563842773,4
AOP,images/AOP/01352.jpg,AOP/01352.jpg,9.535874366760254,4
AOP,images/AOP/03133.jpg,AOP/03133.jpg,9.533086776733398,4
AOP,images/AOP/03134.jpg,AOP/03134.jpg,9.533086776733398,4
AOP,images/AOP/01364.jpg,AOP/01364.jpg,9.529794692993164,4
AOP,images/AOP/01195.jpg,AOP/01195.jpg,9.524911880493164,4
AOP,images/AOP/03178.jpg,AOP/03178.jpg,9.515551567077637,4
AOP,images/AOP/03179.jpg,AOP/03179.jpg,9.515551567077637,4
AOP,images/AOP/00041.jpg,AOP/00041.jpg,9.51099967956543,4
AOP,images/AOP/01822.jpg,AOP/01822.jpg,9.505117416381836,4
AOP,images/AOP/03811.jpg,AOP/03811.jpg,9.503464698791504,4
AOP,images/AOP/02439.jpg,AOP/02439.jpg,9.497926712036133,4
AOP,images/AOP/01901.jpg,AOP/01901.jpg,9.496424674987793,4
AOP,images/AOP/00489.jpg,AOP/00489.jpg,9.493877410888672,4
AOP,images/AOP/02202.jpg,AOP/02202.jpg,9.493714332580566,4
AOP,images/AOP/00241.jpg,AOP/00241.jpg,9.487736701965332,4
AOP,images/AOP/00409.jpg,AOP/00409.jpg,9.486730575561523,4
AOP,images/AOP/03794.jpg,AOP/03794.jpg,9.484979629516602,4
AOP,images/AOP/02368.jpg,AOP/02368.jpg,9.484920501708984,4
AOP,images/AOP/01727.jpg,AOP/01727.jpg,9.477117538452148,4
AOP,images/AOP/01370.jpg,AOP/01370.jpg,9.476613998413086,4
AOP,images/AOP/00248.jpg,AOP/00248.jpg,9.475404739379883,4
AOP,images/AOP/00918.jpg,AOP/00918.jpg,9.467100143432617,4
AOP,images/AOP/03877.jpg,AOP/03877.jpg,9.464365005493164,4
AOP,images/AOP/01277.jpg,AOP/01277.jpg,9.455083847045898,4
AOP,images/AOP/01340.jpg,AOP/01340.jpg,9.455083847045898,4
AOP,images/AOP/00216.jpg,AOP/00216.jpg,9.45412540435791,4
AOP,images/AOP/00515.jpg,AOP/00515.jpg,9.453041076660156,4
AOP,images/AOP/01731.jpg,AOP/01731.jpg,9.448588371276855,4
AOP,images/AOP/00415.jpg,AOP/00415.jpg,9.44356632232666,4
AOP,images/AOP/00045.jpg,AOP/00045.jpg,9.43971061706543,4
AOP,images/AOP/02861.jpg,AOP/02861.jpg,9.438116073608398,4
AOP,images/AOP/00275.jpg,AOP/00275.jpg,9.438092231750488,4
AOP,images/AOP/02764.jpg,AOP/02764.jpg,9.437214851379395,4
AOP,images/AOP/00566.jpg,AOP/00566.jpg,9.419057846069336,4
AOP,images/AOP/00568.jpg,AOP/00568.jpg,9.419057846069336,4
AOP,images/AOP/01278.jpg,AOP/01278.jpg,9.416101455688477,4
AOP,images/AOP/02618.jpg,AOP/02618.jpg,9.414850234985352,4
AOP,images/AOP/02021.jpg,AOP/02021.jpg,9.414042472839355,4
AOP,images/AOP/03028.jpg,AOP/03028.jpg,9.410964965820312,4
AOP,images/AOP/03909.jpg,AOP/03909.jpg,9.405572891235352,4
AOP,images/AOP/00613.jpg,AOP/00613.jpg,9.400859832763672,4
AOP,images/AOP/02889.jpg,AOP/02889.jpg,9.394062995910645,4
AOP,images/AOP/00081.jpg,AOP/00081.jpg,9.391461372375488,4
AOP,images/AOP/00106.jpg,AOP/00106.jpg,9.388985633850098,4
AOP,images/AOP/00710.jpg,AOP/00710.jpg,9.386198043823242,4
AOP,images/AOP/01162.jpg,AOP/01162.jpg,9.384151458740234,4
AOP,images/AOP/00932.jpg,AOP/00932.jpg,9.379292488098145,4
AOP,images/AOP/02118.jpg,AOP/02118.jpg,9.379013061523438,4
AOP,images/AOP/00546.jpg,AOP/00546.jpg,9.377581596374512,4
AOP,images/AOP/00808.jpg,AOP/00808.jpg,9.377103805541992,4
AOP,images/AOP/02796.jpg,AOP/02796.jpg,9.370546340942383,4
AOP,images/AOP/02548.jpg,AOP/02548.jpg,9.366525650024414,4
AOP,images/AOP/01885.jpg,AOP/01885.jpg,9.363737106323242,4
AOP,images/AOP/02377.jpg,AOP/02377.jpg,9.352402687072754,4
AOP,images/AOP/01409.jpg,AOP/01409.jpg,9.335275650024414,4
AOP,images/AOP/03840.jpg,AOP/03840.jpg,9.322807312011719,4
AOP,images/AOP/01778.jpg,AOP/01778.jpg,9.317632675170898,4
AOP,images/AOP/00581.jpg,AOP/00581.jpg,9.308820724487305,4
AOP,images/AOP/02014.jpg,AOP/02014.jpg,9.291936874389648,4
AOP,images/AOP/03886.jpg,AOP/03886.jpg,9.289022445678711,4
AOP,images/AOP/00681.jpg,AOP/00681.jpg,9.28847599029541,4
AOP,images/AOP/03820.jpg,AOP/03820.jpg,9.283806800842285,4
AOP,images/AOP/02840.jpg,AOP/02840.jpg,9.279921531677246,4
AOP,images/AOP/02322.jpg,AOP/02322.jpg,9.274511337280273,4
AOP,images/AOP/03901.jpg,AOP/03901.jpg,9.269479751586914,4
AOP,images/AOP/03306.jpg,AOP/03306.jpg,9.251712799072266,4
AOP,images/AOP/03307.jpg,AOP/03307.jpg,9.251712799072266,4
AOP,images/AOP/02217.jpg,AOP/02217.jpg,9.249740600585938,4
AOP,images/AOP/00350.jpg,AOP/00350.jpg,9.249673843383789,4
AOP,images/AOP/02440.jpg,AOP/02440.jpg,9.24945068359375,4
AOP,images/AOP/02759.jpg,AOP/02759.jpg,9.249189376831055,4
AOP,images/AOP/01762.jpg,AOP/01762.jpg,9.236288070678711,4
AOP,images/AOP/01767.jpg,AOP/01767.jpg,9.236288070678711,4
AOP,images/AOP/03137.jpg,AOP/03137.jpg,9.233960151672363,4
AOP,images/AOP/01305.jpg,AOP/01305.jpg,9.231754302978516,4
AOP,images/AOP/00486.jpg,AOP/00486.jpg,9.227277755737305,4
AOP,images/AOP/02380.jpg,AOP/02380.jpg,9.22695541381836,4
AOP,images/AOP/02921.jpg,AOP/02921.jpg,9.216407775878906,4
AOP,images/AOP/01212.jpg,AOP/01212.jpg,9.213860511779785,4
AOP,images/AOP/00949.jpg,AOP/00949.jpg,9.198884963989258,4
AOP,images/AOP/02201.jpg,AOP/02201.jpg,9.19853687286377,4
AOP,images/AOP/02064.jpg,AOP/02064.jpg,9.197162628173828,4
AOP,images/AOP/03139.jpg,AOP/03139.jpg,9.194082260131836,4
AOP,images/AOP/02018.jpg,AOP/02018.jpg,9.190516471862793,4
AOP,images/AOP/02167.jpg,AOP/02167.jpg,9.189042091369629,4
AOP,images/AOP/03874.jpg,AOP/03874.jpg,9.184991836547852,4
AOP,images/AOP/01058.jpg,AOP/01058.jpg,9.179988861083984,4
AOP,images/AOP/03688.jpg,AOP/03688.jpg,9.175070762634277,4
AOP,images/AOP/00054.jpg,AOP/00054.jpg,9.172357559204102,4
AOP,images/AOP/01100.jpg,AOP/01100.jpg,9.168777465820312,4
AOP,images/AOP/00612.jpg,AOP/00612.jpg,9.163946151733398,4
AOP,images/AOP/00587.jpg,AOP/00587.jpg,9.160330772399902,4
AOP,images/AOP/00836.jpg,AOP/00836.jpg,9.155217170715332,4
AOP,images/AOP/02125.jpg,AOP/02125.jpg,9.153871536254883,4
AOP,images/AOP/03805.jpg,AOP/03805.jpg,9.150154113769531,4
AOP,images/AOP/03206.jpg,AOP/03206.jpg,9.146284103393555,4
AOP,images/AOP/01177.jpg,AOP/01177.jpg,9.139510154724121,4
AOP,images/AOP/02665.jpg,AOP/02665.jpg,9.134796142578125,4
AOP,images/AOP/01339.jpg,AOP/01339.jpg,9.128166198730469,4
AOP,images/AOP/02005.jpg,AOP/02005.jpg,9.126561164855957,4
AOP,images/AOP/00301.jpg,AOP/00301.jpg,9.123966217041016,4
AOP,images/AOP/01562.jpg,AOP/01562.jpg,9.121990203857422,4
AOP,images/AOP/01728.jpg,AOP/01728.jpg,9.119819641113281,4
AOP,images/AOP/01455.jpg,AOP/01455.jpg,9.118059158325195,4
AOP,images/AOP/01741.jpg,AOP/01741.jpg,9.113729476928711,4
AOP,images/AOP/03310.jpg,AOP/03310.jpg,9.10988998413086,4
AOP,images/AOP/03311.jpg,AOP/03311.jpg,9.10988998413086,4
AOP,images/AOP/03314.jpg,AOP/03314.jpg,9.10988998413086,4
AOP,images/AOP/03315.jpg,AOP/03315.jpg,9.10988998413086,4
AOP,images/AOP/03013.jpg,AOP/03013.jpg,9.108619689941406,4
AOP,images/AOP/01801.jpg,AOP/01801.jpg,9.105560302734375,4
AOP,images/AOP/00178.jpg,AOP/00178.jpg,9.100587844848633,4
AOP,images/AOP/02151.jpg,AOP/02151.jpg,9.087455749511719,4
AOP,images/AOP/02219.jpg,AOP/02219.jpg,9.087268829345703,4
AOP,images/AOP/00193.jpg,AOP/00193.jpg,9.079889297485352,4
AOP,images/AOP/00338.jpg,AOP/00338.jpg,9.075591087341309,4
AOP,images/AOP/03984.jpg,AOP/03984.jpg,9.07551097869873,4
AOP,images/AOP/01122.jpg,AOP/01122.jpg,9.075069427490234,4
AOP,images/AOP/03221.jpg,AOP/03221.jpg,9.073013305664062,4
AOP,images/AOP/03222.jpg,AOP/03222.jpg,9.073013305664062,4
AOP,images/AOP/03223.jpg,AOP/03223.jpg,9.073013305664062,4
AOP,images/AOP/03224.jpg,AOP/03224.jpg,9.073013305664062,4
AOP,images/AOP/00166.jpg,AOP/00166.jpg,9.070542335510254,4
AOP,images/AOP/00167.jpg,AOP/00167.jpg,9.070542335510254,4
AOP,images/AOP/02793.jpg,AOP/02793.jpg,9.05795669555664,4
AOP,images/AOP/01454.jpg,AOP/01454.jpg,9.056889533996582,4
AOP,images/AOP/00425.jpg,AOP/00425.jpg,9.055713653564453,4
AOP,images/AOP/00105.jpg,AOP/00105.jpg,9.053422927856445,4
AOP,images/AOP/03316.jpg,AOP/03316.jpg,9.050363540649414,4
AOP,images/AOP/03317.jpg,AOP/03317.jpg,9.050363540649414,4
AOP,images/AOP/01385.jpg,AOP/01385.jpg,9.047935485839844,4
AOP,images/AOP/00802.jpg,AOP/00802.jpg,9.046222686767578,4
AOP,images/AOP/02622.jpg,AOP/02622.jpg,9.044654846191406,4
AOP,images/AOP/02634.jpg,AOP/02634.jpg,9.040746688842773,4
AOP,images/AOP/00526.jpg,AOP/00526.jpg,9.033990859985352,4
AOP,images/AOP/02150.jpg,AOP/02150.jpg,9.029909133911133,4
AOP,images/AOP/00996.jpg,AOP/00996.jpg,9.029877662658691,4
AOP,images/AOP/01830.jpg,AOP/01830.jpg,9.021804809570312,4
AOP,images/AOP/01367.jpg,AOP/01367.jpg,9.017592430114746,4
AOP,images/AOP/00005.jpg,AOP/00005.jpg,9.016789436340332,4
AOP,images/AOP/02918.jpg,AOP/02918.jpg,9.01567268371582,4
AOP,images/AOP/00488.jpg,AOP/00488.jpg,9.012096405029297,4
AOP,images/AOP/00653.jpg,AOP/00653.jpg,9.001152038574219,4
AOP,images/AOP/03966.jpg,AOP/03966.jpg,8.996381759643555,4
AOP,images/AOP/02383.jpg,AOP/02383.jpg,8.996199607849121,4
AOP,images/AOP/00761.jpg,AOP/00761.jpg,8.996139526367188,4
AOP,images/AOP/03958.jpg,AOP/03958.jpg,8.995725631713867,4
AOP,images/AOP/00940.jpg,AOP/00940.jpg,8.994813919067383,4
AOP,images/AOP/00919.jpg,AOP/00919.jpg,8.99472427368164,4
AOP,images/AOP/00576.jpg,AOP/00576.jpg,8.989253044128418,4
AOP,images/AOP/02424.jpg,AOP/02424.jpg,8.987894058227539,4
AOP,images/AOP/02450.jpg,AOP/02450.jpg,8.987686157226562,4
AOP,images/AOP/01670.jpg,AOP/01670.jpg,8.986687660217285,4
AOP,images/AOP/00300.jpg,AOP/00300.jpg,8.977331161499023,4
AOP,images/AOP/00388.jpg,AOP/00388.jpg,8.967673301696777,4
AOP,images/AOP/00571.jpg,AOP/00571.jpg,8.962139129638672,4
AOP,images/AOP/02109.jpg,AOP/02109.jpg,8.95900821685791,4
AOP,images/AOP/02478.jpg,AOP/02478.jpg,8.954322814941406,4
AOP,images/AOP/03135.jpg,AOP/03135.jpg,8.953166961669922,4
AOP,images/AOP/03136.jpg,AOP/03136.jpg,8.953166961669922,4
AOP,images/AOP/00630.jpg,AOP/00630.jpg,8.949397087097168,4
AOP,images/AOP/00680.jpg,AOP/00680.jpg,8.945064544677734,4
AOP,images/AOP/01900.jpg,AOP/01900.jpg,8.939962387084961,4
AOP,images/AOP/03863.jpg,AOP/03863.jpg,8.938812255859375,4
AOP,images/AOP/00235.jpg,AOP/00235.jpg,8.9369535446167,4
AOP,images/AOP/01484.jpg,AOP/01484.jpg,8.934233665466309,4
AOP,images/AOP/01809.jpg,AOP/01809.jpg,8.928996086120605,4
AOP,images/AOP/00738.jpg,AOP/00738.jpg,8.920181274414062,4
AOP,images/AOP/01461.jpg,AOP/01461.jpg,8.919733047485352,4
AOP,images/AOP/00851.jpg,AOP/00851.jpg,8.918893814086914,4
AOP,images/AOP/00927.jpg,AOP/00927.jpg,8.91864013671875,4
AOP,images/AOP/00558.jpg,AOP/00558.jpg,8.911375045776367,4
AOP,images/AOP/00253.jpg,AOP/00253.jpg,8.90939998626709,4
AOP,images/AOP/02050.jpg,AOP/02050.jpg,8.90922737121582,4
AOP,images/AOP/02051.jpg,AOP/02051.jpg,8.90922737121582,4
AOP,images/AOP/00073.jpg,AOP/00073.jpg,8.907793045043945,4
AOP,images/AOP/03941.jpg,AOP/03941.jpg,8.894244194030762,4
AOP,images/AOP/02362.jpg,AOP/02362.jpg,8.885525703430176,4
AOP,images/AOP/01659.jpg,AOP/01659.jpg,8.881709098815918,4
AOP,images/AOP/03207.jpg,AOP/03207.jpg,8.877216339111328,4
AOP,images/AOP/01815.jpg,AOP/01815.jpg,8.87662124633789,4
AOP,images/AOP/00477.jpg,AOP/00477.jpg,8.863382339477539,4
AOP,images/AOP/02904.jpg,AOP/02904.jpg,8.862550735473633,4
AOP,images/AOP/00279.jpg,AOP/00279.jpg,8.856809616088867,4
AOP,images/AOP/01497.jpg,AOP/01497.jpg,8.855871200561523,4
AOP,images/AOP/01498.jpg,AOP/01498.jpg,8.855871200561523,4
AOP,images/AOP/00355.jpg,AOP/00355.jpg,8.84936237335205,4
AOP,images/AOP/01671.jpg,AOP/01671.jpg,8.848386764526367,4
AOP,images/AOP/00988.jpg,AOP/00988.jpg,8.844030380249023,4
AOP,images/AOP/00782.jpg,AOP/00782.jpg,8.839454650878906,4
AOP,images/AOP/00784.jpg,AOP/00784.jpg,8.839454650878906,4
AOP,images/AOP/00749.jpg,AOP/00749.jpg,8.832046508789062,4
AOP,images/AOP/03912.jpg,AOP/03912.jpg,8.829315185546875,4
AOP,images/AOP/00431.jpg,AOP/00431.jpg,8.829143524169922,4
AOP,images/AOP/00187.jpg,AOP/00187.jpg,8.824163436889648,4
AOP,images/AOP/00953.jpg,AOP/00953.jpg,8.823627471923828,4
AOP,images/AOP/03699.jpg,AOP/03699.jpg,8.822961807250977,4
AOP,images/AOP/02677.jpg,AOP/02677.jpg,8.821603775024414,4
AOP,images/AOP/00357.jpg,AOP/00357.jpg,8.809037208557129,4
AOP,images/AOP/02745.jpg,AOP/02745.jpg,8.803119659423828,4
AOP,images/AOP/03895.jpg,AOP/03895.jpg,8.803034782409668,4
AOP,images/AOP/02590.jpg,AOP/02590.jpg,8.800408363342285,4
AOP,images/AOP/01789.jpg,AOP/01789.jpg,8.799605369567871,4
AOP,images/AOP/03452.jpg,AOP/03452.jpg,8.791749000549316,4
AOP,images/AOP/02429.jpg,AOP/02429.jpg,8.791360855102539,4
AOP,images/AOP/02010.jpg,AOP/02010.jpg,8.788385391235352,4
AOP,images/AOP/00623.jpg,AOP/00623.jpg,8.779664993286133,4
AOP,images/AOP/00462.jpg,AOP/00462.jpg,8.778733253479004,4
AOP,images/AOP/00736.jpg,AOP/00736.jpg,8.77772331237793,4
AOP,images/AOP/02537.jpg,AOP/02537.jpg,8.776966094970703,4
AOP,images/AOP/03788.jpg,AOP/03788.jpg,8.776780128479004,4
AOP,images/AOP/03894.jpg,AOP/03894.jpg,8.76955509185791,4
AOP,images/AOP/00365.jpg,AOP/00365.jpg,8.769201278686523,4
AOP,images/AOP/00570.jpg,AOP/00570.jpg,8.76751708984375,4
AOP,images/AOP/00578.jpg,AOP/00578.jpg,8.76751708984375,4
AOP,images/AOP/00133.jpg,AOP/00133.jpg,8.761780738830566,4
AOP,images/AOP/00261.jpg,AOP/00261.jpg,8.75985336303711,4
AOP,images/AOP/00618.jpg,AOP/00618.jpg,8.755475044250488,4
AOP,images/AOP/02174.jpg,AOP/02174.jpg,8.755407333374023,4
AOP,images/AOP/00888.jpg,AOP/00888.jpg,8.751009941101074,4
AOP,images/AOP/00185.jpg,AOP/00185.jpg,8.750850677490234,4
AOP,images/AOP/03304.jpg,AOP/03304.jpg,8.7498197555542,4
AOP,images/AOP/03305.jpg,AOP/03305.jpg,8.7498197555542,4
AOP,images/AOP/01911.jpg,AOP/01911.jpg,8.744026184082031,4
AOP,images/AOP/01477.jpg,AOP/01477.jpg,8.740787506103516,4
AOP,images/AOP/03848.jpg,AOP/03848.jpg,8.737628936767578,4
AOP,images/AOP/01575.jpg,AOP/01575.jpg,8.737431526184082,4
AOP,images/AOP/03803.jpg,AOP/03803.jpg,8.73707389831543,4
AOP,images/AOP/00071.jpg,AOP/00071.jpg,8.737035751342773,4
AOP,images/AOP/02168.jpg,AOP/02168.jpg,8.735786437988281,4
AOP,images/AOP/02373.jpg,AOP/02373.jpg,8.731264114379883,4
AOP,images/AOP/01130.jpg,AOP/01130.jpg,8.728813171386719,4
AOP,images/AOP/00067.jpg,AOP/00067.jpg,8.728507995605469,4
AOP,images/AOP/00068.jpg,AOP/00068.jpg,8.728507995605469,4
AOP,images/AOP/03826.jpg,AOP/03826.jpg,8.722429275512695,4
AOP,images/AOP/02676.jpg,AOP/02676.jpg,8.720457077026367,4
AOP,images/AOP/00428.jpg,AOP/00428.jpg,8.71932601928711,4
AOP,images/AOP/03077.jpg,AOP/03077.jpg,8.716140747070312,4
AOP,images/AOP/03078.jpg,AOP/03078.jpg,8.716140747070312,4
AOP,images/AOP/03079.jpg,AOP/03079.jpg,8.716140747070312,4
AOP,images/AOP/03080.jpg,AOP/03080.jpg,8.716140747070312,4
AOP,images/AOP/03920.jpg,AOP/03920.jpg,8.712749481201172,4
AOP,images/AOP/03276.jpg,AOP/03276.jpg,8.71218490600586,4
AOP,images/AOP/00165.jpg,AOP/00165.jpg,8.711465835571289,4
AOP,images/AOP/02868.jpg,AOP/02868.jpg,8.709975242614746,4
AOP,images/AOP/01538.jpg,AOP/01538.jpg,8.70816707611084,4
AOP,images/AOP/02914.jpg,AOP/02914.jpg,8.707660675048828,4
AOP,images/AOP/00625.jpg,AOP/00625.jpg,8.704405784606934,4
AOP,images/AOP/01580.jpg,AOP/01580.jpg,8.697032928466797,4
AOP,images/AOP/03707.jpg,AOP/03707.jpg,8.685526847839355,4
AOP,images/AOP/02119.jpg,AOP/02119.jpg,8.68415641784668,4
AOP,images/AOP/01937.jpg,AOP/01937.jpg,8.67678451538086,4
AOP,images/AOP/01009.jpg,AOP/01009.jpg,8.674270629882812,4
AOP,images/AOP/00706.jpg,AOP/00706.jpg,8.670982360839844,4
AOP,images/AOP/03929.jpg,AOP/03929.jpg,8.665410995483398,4
AOP,images/AOP/02004.jpg,AOP/02004.jpg,8.66231632232666,4
AOP,images/AOP/01422.jpg,AOP/01422.jpg,8.661243438720703,4
AOP,images/AOP/02046.jpg,AOP/02046.jpg,8.660250663757324,4
AOP,images/AOP/01279.jpg,AOP/01279.jpg,8.65549087524414,4
AOP,images/AOP/02483.jpg,AOP/02483.jpg,8.653768539428711,4
AOP,images/AOP/02898.jpg,AOP/02898.jpg,8.652039527893066,4
AOP,images/AOP/01067.jpg,AOP/01067.jpg,8.649622917175293,4
AOP,images/AOP/02960.jpg,AOP/02960.jpg,8.649614334106445,4
AOP,images/AOP/01514.jpg,AOP/01514.jpg,8.647640228271484,4
AOP,images/AOP/00025.jpg,AOP/00025.jpg,8.645074844360352,4
AOP,images/AOP/00535.jpg,AOP/00535.jpg,8.641390800476074,4
AOP,images/AOP/03066.jpg,AOP/03066.jpg,8.639657974243164,4
AOP,images/AOP/03067.jpg,AOP/03067.jpg,8.639657974243164,4
AOP,images/AOP/01361.jpg,AOP/01361.jpg,8.63613224029541,4
AOP,images/AOP/03620.jpg,AOP/03620.jpg,8.634187698364258,4
AOP,images/AOP/01381.jpg,AOP/01381.jpg,8.630827903747559,4
AOP,images/AOP/01565.jpg,AOP/01565.jpg,8.627884864807129,4
AOP,images/AOP/00095.jpg,AOP/00095.jpg,8.624553680419922,4
AOP,images/AOP/01632.jpg,AOP/01632.jpg,8.619696617126465,4
AOP,images/AOP/00870.jpg,AOP/00870.jpg,8.617313385009766,4
AOP,images/AOP/02777.jpg,AOP/02777.jpg,8.611189842224121,4
AOP,images/AOP/01667.jpg,AOP/01667.jpg,8.608869552612305,4
AOP,images/AOP/02455.jpg,AOP/02455.jpg,8.607297897338867,4
AOP,images/AOP/02571.jpg,AOP/02571.jpg,8.604386329650879,4
AOP,images/AOP/00621.jpg,AOP/00621.jpg,8.601956367492676,4
AOP,images/AOP/00619.jpg,AOP/00619.jpg,8.594505310058594,4
AOP,images/AOP/02816.jpg,AOP/02816.jpg,8.590309143066406,4
AOP,images/AOP/01303.jpg,AOP/01303.jpg,8.589399337768555,4
AOP,images/AOP/01836.jpg,AOP/01836.jpg,8.588191986083984,4
AOP,images/AOP/02489.jpg,AOP/02489.jpg,8.587480545043945,4
AOP,images/AOP/02058.jpg,AOP/02058.jpg,8.584972381591797,4
AOP,images/AOP/02586.jpg,AOP/02586.jpg,8.579014778137207,4
AOP,images/AOP/01917.jpg,AOP/01917.jpg,8.578849792480469,4
AOP,images/AOP/00146.jpg,AOP/00146.jpg,8.578383445739746,4
AOP,images/AOP/00903.jpg,AOP/00903.jpg,8.577997207641602,4
AOP,images/AOP/01664.jpg,AOP/01664.jpg,8.576972007751465,4
AOP,images/AOP/02187.jpg,AOP/02187.jpg,8.574530601501465,4
AOP,images/AOP/02407.jpg,AOP/02407.jpg,8.569835662841797,4
AOP,images/AOP/00944.jpg,AOP/00944.jpg,8.566057205200195,4
AOP,images/AOP/01904.jpg,AOP/01904.jpg,8.565264701843262,4
AOP,images/AOP/03976.jpg,AOP/03976.jpg,8.565160751342773,4
AOP,images/AOP/00999.jpg,AOP/00999.jpg,8.56434440612793,4
AOP,images/AOP/01456.jpg,AOP/01456.jpg,8.556890487670898,4
AOP,images/AOP/03851.jpg,AOP/03851.jpg,8.554469108581543,4
AOP,images/AOP/00941.jpg,AOP/00941.jpg,8.55240249633789,4
AOP,images/AOP/01887.jpg,AOP/01887.jpg,8.551478385925293,4
AOP,images/AOP/03138.jpg,AOP/03138.jpg,8.543363571166992,4
AOP,images/AOP/02630.jpg,AOP/02630.jpg,8.541253089904785,4
AOP,images/AOP/00086.jpg,AOP/00086.jpg,8.539529800415039,4
AOP,images/AOP/00718.jpg,AOP/00718.jpg,8.526679039001465,4
AOP,images/AOP/01427.jpg,AOP/01427.jpg,8.525996208190918,4
AOP,images/AOP/00778.jpg,AOP/00778.jpg,8.525605201721191,4
AOP,images/AOP/00780.jpg,AOP/00780.jpg,8.525605201721191,4
AOP,images/AOP/03787.jpg,AOP/03787.jpg,8.52291202545166,4
AOP,images/AOP/02635.jpg,AOP/02635.jpg,8.521526336669922,4
AOP,images/AOP/01777.jpg,AOP/01777.jpg,8.518709182739258,4
AOP,images/AOP/03594.jpg,AOP/03594.jpg,8.51716423034668,4
AOP,images/AOP/02427.jpg,AOP/02427.jpg,8.515631675720215,4
AOP,images/AOP/03197.jpg,AOP/03197.jpg,8.511058807373047,4
AOP,images/AOP/03198.jpg,AOP/03198.jpg,8.511058807373047,4
AOP,images/AOP/03701.jpg,AOP/03701.jpg,8.508745193481445,4
AOP,images/AOP/03971.jpg,AOP/03971.jpg,8.507747650146484,4
AOP,images/AOP/02246.jpg,AOP/02246.jpg,8.50125503540039,4
AOP,images/AOP/03956.jpg,AOP/03956.jpg,8.498870849609375,4
AOP,images/AOP/02240.jpg,AOP/02240.jpg,8.497793197631836,4
AOP,images/AOP/03759.jpg,AOP/03759.jpg,8.495003700256348,4
AOP,images/AOP/02820.jpg,AOP/02820.jpg,8.494609832763672,4
AOP,images/AOP/00556.jpg,AOP/00556.jpg,8.493742942810059,4
AOP,images/AOP/01380.jpg,AOP/01380.jpg,8.490418434143066,4
AOP,images/AOP/02871.jpg,AOP/02871.jpg,8.49030876159668,4
AOP,images/AOP/03233.jpg,AOP/03233.jpg,8.485279083251953,4
AOP,images/AOP/03234.jpg,AOP/03234.jpg,8.485279083251953,4
AOP,images/AOP/03897.jpg,AOP/03897.jpg,8.48465633392334,4
AOP,images/AOP/01895.jpg,AOP/01895.jpg,8.483072280883789,4
AOP,images/AOP/00180.jpg,AOP/00180.jpg,8.47570514678955,4
AOP,images/AOP/02501.jpg,AOP/02501.jpg,8.474481582641602,4
AOP,images/AOP/02860.jpg,AOP/02860.jpg,8.468706130981445,4
AOP,images/AOP/02438.jpg,AOP/02438.jpg,8.46070671081543,4
AOP,images/AOP/02421.jpg,AOP/02421.jpg,8.453326225280762,4
AOP,images/AOP/02281.jpg,AOP/02281.jpg,8.452072143554688,4
AOP,images/AOP/00559.jpg,AOP/00559.jpg,8.447511672973633,4
AOP,images/AOP/00296.jpg,AOP/00296.jpg,8.446887969970703,4
AOP,images/AOP/01881.jpg,AOP/01881.jpg,8.441757202148438,4
AOP,images/AOP/02887.jpg,AOP/02887.jpg,8.441230773925781,4
AOP,images/AOP/02875.jpg,AOP/02875.jpg,8.440142631530762,4
AOP,images/AOP/00518.jpg,AOP/00518.jpg,8.436895370483398,4
AOP,images/AOP/03703.jpg,AOP/03703.jpg,8.435201644897461,4
AOP,images/AOP/02906.jpg,AOP/02906.jpg,8.433918952941895,4
AOP,images/AOP/00642.jpg,AOP/00642.jpg,8.430232048034668,4
AOP,images/AOP/00643.jpg,AOP/00643.jpg,8.430232048034668,4
AOP,images/AOP/03830.jpg,AOP/03830.jpg,8.426477432250977,4
AOP,images/AOP/02179.jpg,AOP/02179.jpg,8.421189308166504,4
AOP,images/AOP/03617.jpg,AOP/03617.jpg,8.41767406463623,4
AOP,images/AOP/01884.jpg,AOP/01884.jpg,8.406947135925293,4
AOP,images/AOP/01603.jpg,AOP/01603.jpg,8.401119232177734,4
AOP,images/AOP/02285.jpg,AOP/02285.jpg,8.382392883300781,4
AOP,images/AOP/00069.jpg,AOP/00069.jpg,8.380810737609863,4
AOP,images/AOP/00070.jpg,AOP/00070.jpg,8.380810737609863,4
AOP,images/AOP/02664.jpg,AOP/02664.jpg,8.37246322631836,4
AOP,images/AOP/00906.jpg,AOP/00906.jpg,8.367308616638184,4
AOP,images/AOP/03834.jpg,AOP/03834.jpg,8.363706588745117,4
AOP,images/AOP/02567.jpg,AOP/02567.jpg,8.353469848632812,4
AOP,images/AOP/01392.jpg,AOP/01392.jpg,8.351762771606445,4
AOP,images/AOP/00809.jpg,AOP/00809.jpg,8.34584903717041,4
AOP,images/AOP/00750.jpg,AOP/00750.jpg,8.34344482421875,4
AOP,images/AOP/03343.jpg,AOP/03343.jpg,8.341923713684082,4
AOP,images/AOP/03344.jpg,AOP/03344.jpg,8.341923713684082,4
AOP,images/AOP/03884.jpg,AOP/03884.jpg,8.339811325073242,4
AOP,images/AOP/02103.jpg,AOP/02103.jpg,8.330835342407227,4
AOP,images/AOP/01159.jpg,AOP/01159.jpg,8.329313278198242,4
AOP,images/AOP/02628.jpg,AOP/02628.jpg,8.326231002807617,4
AOP,images/AOP/01688.jpg,AOP/01688.jpg,8.32468032836914,4
AOP,images/AOP/00163.jpg,AOP/00163.jpg,8.323766708374023,4
AOP,images/AOP/01650.jpg,AOP/01650.jpg,8.317904472351074,4
AOP,images/AOP/00743.jpg,AOP/00743.jpg,8.314270973205566,4
AOP,images/AOP/01035.jpg,AOP/01035.jpg,8.313350677490234,4
AOP,images/AOP/00023.jpg,AOP/00023.jpg,8.312999725341797,4
AOP,images/AOP/02596.jpg,AOP/02596.jpg,8.312564849853516,4
AOP,images/AOP/02079.jpg,AOP/02079.jpg,8.308027267456055,4
AOP,images/AOP/00182.jpg,AOP/00182.jpg,8.307876586914062,4
AOP,images/AOP/03810.jpg,AOP/03810.jpg,8.307149887084961,4
AOP,images/AOP/02218.jpg,AOP/02218.jpg,8.30677318572998,4
AOP,images/AOP/01681.jpg,AOP/01681.jpg,8.303976058959961,4
AOP,images/AOP/01939.jpg,AOP/01939.jpg,8.300674438476562,4
AOP,images/AOP/01113.jpg,AOP/01113.jpg,8.299010276794434,4
AOP,images/AOP/03808.jpg,AOP/03808.jpg,8.297386169433594,4
AOP,images/AOP/00745.jpg,AOP/00745.jpg,8.294624328613281,4
AOP,images/AOP/02744.jpg,AOP/02744.jpg,8.294130325317383,4
AOP,images/AOP/00242.jpg,AOP/00242.jpg,8.292588233947754,4
AOP,images/AOP/01856.jpg,AOP/01856.jpg,8.292200088500977,4
AOP,images/AOP/00550.jpg,AOP/00550.jpg,8.291854858398438,4
AOP,images/AOP/01540.jpg,AOP/01540.jpg,8.28890323638916,4
AOP,images/AOP/01820.jpg,AOP/01820.jpg,8.287766456604004,4
AOP,images/AOP/01569.jpg,AOP/01569.jpg,8.270698547363281,4
AOP,images/AOP/02839.jpg,AOP/02839.jpg,8.26272964477539,4
AOP,images/AOP/01425.jpg,AOP/01425.jpg,8.260271072387695,4
AOP,images/AOP/01563.jpg,AOP/01563.jpg,8.257594108581543,4
AOP,images/AOP/01656.jpg,AOP/01656.jpg,8.256845474243164,4
AOP,images/AOP/01493.jpg,AOP/01493.jpg,8.25682544708252,4
AOP,images/AOP/01250.jpg,AOP/01250.jpg,8.255695343017578,4
AOP,images/AOP/02601.jpg,AOP/02601.jpg,8.249025344848633,4
AOP,images/AOP/01034.jpg,AOP/01034.jpg,8.239951133728027,4
AOP,images/AOP/02817.jpg,AOP/02817.jpg,8.239540100097656,4
AOP,images/AOP/03225.jpg,AOP/03225.jpg,8.233715057373047,4
AOP,images/AOP/02017.jpg,AOP/02017.jpg,8.230478286743164,4
AOP,images/AOP/01390.jpg,AOP/01390.jpg,8.22952651977539,4
AOP,images/AOP/00930.jpg,AOP/00930.jpg,8.22904109954834,4
AOP,images/AOP/01369.jpg,AOP/01369.jpg,8.22890853881836,4
AOP,images/AOP/00117.jpg,AOP/00117.jpg,8.228506088256836,4
AOP,images/AOP/03303.jpg,AOP/03303.jpg,8.227729797363281,4
AOP,images/AOP/03020.jpg,AOP/03020.jpg,8.227641105651855,4
AOP,images/AOP/03021.jpg,AOP/03021.jpg,8.227641105651855,4
AOP,images/AOP/03022.jpg,AOP/03022.jpg,8.227641105651855,4
AOP,images/AOP/03023.jpg,AOP/03023.jpg,8.227641105651855,4
AOP,images/AOP/03024.jpg,AOP/03024.jpg,8.227641105651855,4
AOP,images/AOP/03025.jpg,AOP/03025.jpg,8.227641105651855,4
AOP,images/AOP/03026.jpg,AOP/03026.jpg,8.227641105651855,4
AOP,images/AOP/03027.jpg,AOP/03027.jpg,8.227641105651855,4
AOP,images/AOP/03029.jpg,AOP/03029.jpg,8.227641105651855,4
AOP,images/AOP/03030.jpg,AOP/03030.jpg,8.227641105651855,4
AOP,images/AOP/03031.jpg,AOP/03031.jpg,8.227641105651855,4
AOP,images/AOP/01965.jpg,AOP/01965.jpg,8.215373992919922,4
AOP,images/AOP/01640.jpg,AOP/01640.jpg,8.213099479675293,4
AOP,images/AOP/00111.jpg,AOP/00111.jpg,8.212218284606934,4
AOP,images/AOP/00011.jpg,AOP/00011.jpg,8.192207336425781,4
AOP,images/AOP/02343.jpg,AOP/02343.jpg,8.18740177154541,4
AOP,images/AOP/00602.jpg,AOP/00602.jpg,8.185461044311523,4
AOP,images/AOP/00770.jpg,AOP/00770.jpg,8.183806419372559,4
AOP,images/AOP/02544.jpg,AOP/02544.jpg,8.183597564697266,4
AOP,images/AOP/00002.jpg,AOP/00002.jpg,8.182645797729492,4
AOP,images/AOP/02449.jpg,AOP/02449.jpg,8.18075180053711,4
AOP,images/AOP/03147.jpg,AOP/03147.jpg,8.179340362548828,4
AOP,images/AOP/03148.jpg,AOP/03148.jpg,8.179340362548828,4
AOP,images/AOP/02418.jpg,AOP/02418.jpg,8.174995422363281,4
AOP,images/AOP/02794.jpg,AOP/02794.jpg,8.174753189086914,4
AOP,images/AOP/03682.jpg,AOP/03682.jpg,8.166501998901367,4
AOP,images/AOP/01798.jpg,AOP/01798.jpg,8.16520881652832,4
AOP,images/AOP/02933.jpg,AOP/02933.jpg,8.164851188659668,4
AOP,images/AOP/01947.jpg,AOP/01947.jpg,8.15696907043457,4
AOP,images/AOP/01410.jpg,AOP/01410.jpg,8.154969215393066,4
AOP,images/AOP/03339.jpg,AOP/03339.jpg,8.152146339416504,4
AOP,images/AOP/00474.jpg,AOP/00474.jpg,8.148633003234863,4
AOP,images/AOP/01941.jpg,AOP/01941.jpg,8.14773941040039,4
AOP,images/AOP/01312.jpg,AOP/01312.jpg,8.145692825317383,4
AOP,images/AOP/03608.jpg,AOP/03608.jpg,8.142906188964844,4
AOP,images/AOP/01292.jpg,AOP/01292.jpg,8.1390962600708,4
AOP,images/AOP/00148.jpg,AOP/00148.jpg,8.13764476776123,4
AOP,images/AOP/02620.jpg,AOP/02620.jpg,8.134699821472168,4
AOP,images/AOP/01816.jpg,AOP/01816.jpg,8.131694793701172,4
AOP,images/AOP/00567.jpg,AOP/00567.jpg,8.126642227172852,4
AOP,images/AOP/01313.jpg,AOP/01313.jpg,8.121610641479492,4
AOP,images/AOP/02482.jpg,AOP/02482.jpg,8.118391036987305,4
AOP,images/AOP/02943.jpg,AOP/02943.jpg,8.107624053955078,4
AOP,images/AOP/01838.jpg,AOP/01838.jpg,8.10062313079834,4
AOP,images/AOP/02885.jpg,AOP/02885.jpg,8.100031852722168,4
AOP,images/AOP/03823.jpg,AOP/03823.jpg,8.094552040100098,4
AOP,images/AOP/02776.jpg,AOP/02776.jpg,8.093692779541016,4
AOP,images/AOP/02760.jpg,AOP/02760.jpg,8.092987060546875,4
AOP,images/AOP/02477.jpg,AOP/02477.jpg,8.090432167053223,4
AOP,images/AOP/01164.jpg,AOP/01164.jpg,8.089160919189453,4
AOP,images/AOP/01167.jpg,AOP/01167.jpg,8.089160919189453,4
AOP,images/AOP/00682.jpg,AOP/00682.jpg,8.085830688476562,4
AOP,images/AOP/02721.jpg,AOP/02721.jpg,8.084607124328613,4
AOP,images/AOP/02135.jpg,AOP/02135.jpg,8.083937644958496,4
AOP,images/AOP/00215.jpg,AOP/00215.jpg,8.08157730102539,4
AOP,images/AOP/03629.jpg,AOP/03629.jpg,8.077386856079102,4
AOP,images/AOP/03781.jpg,AOP/03781.jpg,8.076262474060059,4
AOP,images/AOP/01963.jpg,AOP/01963.jpg,8.075149536132812,4
AOP,images/AOP/01114.jpg,AOP/01114.jpg,8.070924758911133,4
AOP,images/AOP/02003.jpg,AOP/02003.jpg,8.070474624633789,4
AOP,images/AOP/02401.jpg,AOP/02401.jpg,8.068613052368164,4
AOP,images/AOP/02709.jpg,AOP/02709.jpg,8.059982299804688,4
AOP,images/AOP/02198.jpg,AOP/02198.jpg,8.05745792388916,4
AOP,images/AOP/03357.jpg,AOP/03357.jpg,8.052167892456055,4
AOP,images/AOP/03358.jpg,AOP/03358.jpg,8.052167892456055,4
AOP,images/AOP/00327.jpg,AOP/00327.jpg,8.051668167114258,4
AOP,images/AOP/02229.jpg,AOP/02229.jpg,8.047320365905762,4
AOP,images/AOP/01783.jpg,AOP/01783.jpg,8.04550838470459,4
AOP,images/AOP/03659.jpg,AOP/03659.jpg,8.04476547241211,4
AOP,images/AOP/01808.jpg,AOP/01808.jpg,8.044313430786133,4
AOP,images/AOP/02302.jpg,AOP/02302.jpg,8.040115356445312,4
AOP,images/AOP/02000.jpg,AOP/02000.jpg,8.038705825805664,4
AOP,images/AOP/00504.jpg,AOP/00504.jpg,8.03819751739502,4
AOP,images/AOP/02852.jpg,AOP/02852.jpg,8.034051895141602,4
AOP,images/AOP/00982.jpg,AOP/00982.jpg,8.030603408813477,4
AOP,images/AOP/03911.jpg,AOP/03911.jpg,8.029191017150879,4
AOP,images/AOP/04000.jpg,AOP/04000.jpg,8.027425765991211,4
AOP,images/AOP/01609.jpg,AOP/01609.jpg,8.026037216186523,4
AOP,images/AOP/00992.jpg,AOP/00992.jpg,8.01371955871582,4
AOP,images/AOP/01400.jpg,AOP/01400.jpg,8.012236595153809,4
AOP,images/AOP/00145.jpg,AOP/00145.jpg,8.008463859558105,4
AOP,images/AOP/02675.jpg,AOP/02675.jpg,8.008064270019531,4
AOP,images/AOP/02200.jpg,AOP/02200.jpg,8.005253791809082,4
AOP,images/AOP/01780.jpg,AOP/01780.jpg,8.004497528076172,4
AOP,images/AOP/02043.jpg,AOP/02043.jpg,8.003326416015625,4
AOP,images/AOP/00226.jpg,AOP/00226.jpg,8.000629425048828,4
AOP,images/AOP/02700.jpg,AOP/02700.jpg,7.989529609680176,4
AOP,images/AOP/02436.jpg,AOP/02436.jpg,7.987332344055176,4
AOP,images/AOP/01001.jpg,AOP/01001.jpg,7.985493183135986,4
AOP,images/AOP/01821.jpg,AOP/01821.jpg,7.9830145835876465,4
AOP,images/AOP/01350.jpg,AOP/01350.jpg,7.977740287780762,4
AOP,images/AOP/00432.jpg,AOP/00432.jpg,7.977329254150391,4
AOP,images/AOP/00376.jpg,AOP/00376.jpg,7.974874496459961,4
AOP,images/AOP/00315.jpg,AOP/00315.jpg,7.973475933074951,4
AOP,images/AOP/01684.jpg,AOP/01684.jpg,7.9640278816223145,4
AOP,images/AOP/02555.jpg,AOP/02555.jpg,7.963985443115234,4
AOP,images/AOP/00064.jpg,AOP/00064.jpg,7.959808349609375,4
AOP,images/AOP/02367.jpg,AOP/02367.jpg,7.959332466125488,4
AOP,images/AOP/01592.jpg,AOP/01592.jpg,7.957842826843262,4
AOP,images/AOP/00255.jpg,AOP/00255.jpg,7.95745849609375,4
AOP,images/AOP/00463.jpg,AOP/00463.jpg,7.957221984863281,4
AOP,images/AOP/01507.jpg,AOP/01507.jpg,7.952014923095703,4
AOP,images/AOP/01508.jpg,AOP/01508.jpg,7.952014923095703,4
AOP,images/AOP/01743.jpg,AOP/01743.jpg,7.95197868347168,4
AOP,images/AOP/00103.jpg,AOP/00103.jpg,7.943176746368408,4
AOP,images/AOP/03817.jpg,AOP/03817.jpg,7.938343048095703,4
AOP,images/AOP/00892.jpg,AOP/00892.jpg,7.937666416168213,4
AOP,images/AOP/01530.jpg,AOP/01530.jpg,7.921863555908203,4
AOP,images/AOP/00994.jpg,AOP/00994.jpg,7.920722007751465,4
AOP,images/AOP/00547.jpg,AOP/00547.jpg,7.917044162750244,4
AOP,images/AOP/00774.jpg,AOP/00774.jpg,7.909340858459473,4
AOP,images/AOP/02152.jpg,AOP/02152.jpg,7.901012897491455,4
AOP,images/AOP/02239.jpg,AOP/02239.jpg,7.894613742828369,4
AOP,images/AOP/03738.jpg,AOP/03738.jpg,7.891797065734863,4
AOP,images/AOP/01687.jpg,AOP/01687.jpg,7.877281665802002,4
AOP,images/AOP/01158.jpg,AOP/01158.jpg,7.876766204833984,4
AOP,images/AOP/02833.jpg,AOP/02833.jpg,7.876531600952148,4
AOP,images/AOP/00286.jpg,AOP/00286.jpg,7.868561267852783,4
AOP,images/AOP/00748.jpg,AOP/00748.jpg,7.8672308921813965,4
AOP,images/AOP/00229.jpg,AOP/00229.jpg,7.866473197937012,4
AOP,images/AOP/02924.jpg,AOP/02924.jpg,7.863153457641602,4
AOP,images/AOP/03199.jpg,AOP/03199.jpg,7.862588405609131,4
AOP,images/AOP/03200.jpg,AOP/03200.jpg,7.862588405609131,4
AOP,images/AOP/03201.jpg,AOP/03201.jpg,7.862588405609131,4
AOP,images/AOP/01594.jpg,AOP/01594.jpg,7.860201835632324,4
AOP,images/AOP/00658.jpg,AOP/00658.jpg,7.855800628662109,4
AOP,images/AOP/03603.jpg,AOP/03603.jpg,7.854212760925293,4
AOP,images/AOP/00394.jpg,AOP/00394.jpg,7.852754592895508,4
AOP,images/AOP/01606.jpg,AOP/01606.jpg,7.845156192779541,4
AOP,images/AOP/02308.jpg,AOP/02308.jpg,7.842941761016846,4
AOP,images/AOP/03274.jpg,AOP/03274.jpg,7.842531204223633,4
AOP,images/AOP/03275.jpg,AOP/03275.jpg,7.842531204223633,4
AOP,images/AOP/02442.jpg,AOP/02442.jpg,7.841681957244873,4
AOP,images/AOP/00758.jpg,AOP/00758.jpg,7.841434955596924,4
AOP,images/AOP/03076.jpg,AOP/03076.jpg,7.839229583740234,4
AOP,images/AOP/01962.jpg,AOP/01962.jpg,7.838958263397217,4
AOP,images/AOP/00400.jpg,AOP/00400.jpg,7.834977149963379,4
AOP,images/AOP/02371.jpg,AOP/02371.jpg,7.831506729125977,4
AOP,images/AOP/02644.jpg,AOP/02644.jpg,7.831432342529297,4
AOP,images/AOP/00265.jpg,AOP/00265.jpg,7.827139377593994,4
AOP,images/AOP/00147.jpg,AOP/00147.jpg,7.82613468170166,4
AOP,images/AOP/02296.jpg,AOP/02296.jpg,7.807607173919678,4
AOP,images/AOP/03131.jpg,AOP/03131.jpg,7.805179595947266,4
AOP,images/AOP/03916.jpg,AOP/03916.jpg,7.801114559173584,4
AOP,images/AOP/03907.jpg,AOP/03907.jpg,7.798034191131592,4
AOP,images/AOP/00617.jpg,AOP/00617.jpg,7.795137882232666,4
AOP,images/AOP/03978.jpg,AOP/03978.jpg,7.791228771209717,4
AOP,images/AOP/00173.jpg,AOP/00173.jpg,7.787144184112549,4
AOP,images/AOP/00304.jpg,AOP/00304.jpg,7.786625862121582,4
AOP,images/AOP/00208.jpg,AOP/00208.jpg,7.78624153137207,4
AOP,images/AOP/00138.jpg,AOP/00138.jpg,7.786165237426758,4
AOP,images/AOP/02452.jpg,AOP/02452.jpg,7.785365104675293,4
AOP,images/AOP/02181.jpg,AOP/02181.jpg,7.784485340118408,4
AOP,images/AOP/00787.jpg,AOP/00787.jpg,7.7841596603393555,4
AOP,images/AOP/01818.jpg,AOP/01818.jpg,7.78386116027832,4
AOP,images/AOP/03858.jpg,AOP/03858.jpg,7.782033920288086,4
AOP,images/AOP/03690.jpg,AOP/03690.jpg,7.77877950668335,4
AOP,images/AOP/00413.jpg,AOP/00413.jpg,7.77570104598999,4
AOP,images/AOP/02907.jpg,AOP/02907.jpg,7.774029731750488,4
AOP,images/AOP/00417.jpg,AOP/00417.jpg,7.773286819458008,4
AOP,images/AOP/01074.jpg,AOP/01074.jpg,7.772157669067383,4
AOP,images/AOP/01075.jpg,AOP/01075.jpg,7.772157669067383,4
AOP,images/AOP/03340.jpg,AOP/03340.jpg,7.762001037597656,4
AOP,images/AOP/03595.jpg,AOP/03595.jpg,7.758845329284668,4
AOP,images/AOP/01215.jpg,AOP/01215.jpg,7.757694721221924,4
AOP,images/AOP/01478.jpg,AOP/01478.jpg,7.757410049438477,4
AOP,images/AOP/01188.jpg,AOP/01188.jpg,7.754940986633301,4
AOP,images/AOP/02453.jpg,AOP/02453.jpg,7.750457763671875,4
AOP,images/AOP/01641.jpg,AOP/01641.jpg,7.750237464904785,4
AOP,images/AOP/02402.jpg,AOP/02402.jpg,7.747560501098633,4
AOP,images/AOP/01366.jpg,AOP/01366.jpg,7.747295379638672,4
AOP,images/AOP/00915.jpg,AOP/00915.jpg,7.744971752166748,4
AOP,images/AOP/02587.jpg,AOP/02587.jpg,7.7422380447387695,4
AOP,images/AOP/01372.jpg,AOP/01372.jpg,7.7397003173828125,4
AOP,images/AOP/03922.jpg,AOP/03922.jpg,7.737114906311035,4
AOP,images/AOP/00592.jpg,AOP/00592.jpg,7.73345422744751,4
AOP,images/AOP/00564.jpg,AOP/00564.jpg,7.730958461761475,4
AOP,images/AOP/00769.jpg,AOP/00769.jpg,7.73037052154541,4
AOP,images/AOP/00812.jpg,AOP/00812.jpg,7.726110458374023,4
AOP,images/AOP/00371.jpg,AOP/00371.jpg,7.725606441497803,4
AOP,images/AOP/02502.jpg,AOP/02502.jpg,7.717243194580078,4
AOP,images/AOP/03867.jpg,AOP/03867.jpg,7.715916156768799,4
AOP,images/AOP/02562.jpg,AOP/02562.jpg,7.7138566970825195,4
AOP,images/AOP/01784.jpg,AOP/01784.jpg,7.709029197692871,4
AOP,images/AOP/00654.jpg,AOP/00654.jpg,7.707696914672852,4
AOP,images/AOP/03899.jpg,AOP/03899.jpg,7.706718444824219,4
AOP,images/AOP/00983.jpg,AOP/00983.jpg,7.705842018127441,4
AOP,images/AOP/00032.jpg,AOP/00032.jpg,7.697076797485352,4
AOP,images/AOP/02867.jpg,AOP/02867.jpg,7.696080684661865,4
AOP,images/AOP/00536.jpg,AOP/00536.jpg,7.693024158477783,4
AOP,images/AOP/03953.jpg,AOP/03953.jpg,7.690688133239746,4
AOP,images/AOP/03101.jpg,AOP/03101.jpg,7.690075874328613,4
AOP,images/AOP/03102.jpg,AOP/03102.jpg,7.690075874328613,4
AOP,images/AOP/02074.jpg,AOP/02074.jpg,7.687477111816406,4
AOP,images/AOP/00490.jpg,AOP/00490.jpg,7.685769081115723,4
AOP,images/AOP/03875.jpg,AOP/03875.jpg,7.678369045257568,4
AOP,images/AOP/02342.jpg,AOP/02342.jpg,7.678011894226074,4
AOP,images/AOP/01206.jpg,AOP/01206.jpg,7.672601222991943,4
AOP,images/AOP/02763.jpg,AOP/02763.jpg,7.669270992279053,4
AOP,images/AOP/00817.jpg,AOP/00817.jpg,7.668102741241455,4
AOP,images/AOP/02845.jpg,AOP/02845.jpg,7.666053771972656,4
AOP,images/AOP/01863.jpg,AOP/01863.jpg,7.656643867492676,4
AOP,images/AOP/03141.jpg,AOP/03141.jpg,7.653108596801758,4
AOP,images/AOP/03421.jpg,AOP/03421.jpg,7.641355514526367,4
AOP,images/AOP/03422.jpg,AOP/03422.jpg,7.641355514526367,4
AOP,images/AOP/03423.jpg,AOP/03423.jpg,7.641355514526367,4
AOP,images/AOP/03424.jpg,AOP/03424.jpg,7.641355514526367,4
AOP,images/AOP/03425.jpg,AOP/03425.jpg,7.641355514526367,4
AOP,images/AOP/01946.jpg,AOP/01946.jpg,7.640424728393555,4
AOP,images/AOP/00661.jpg,AOP/00661.jpg,7.638767242431641,4
AOP,images/AOP/02897.jpg,AOP/02897.jpg,7.638729095458984,4
AOP,images/AOP/00091.jpg,AOP/00091.jpg,7.637475967407227,4
AOP,images/AOP/01666.jpg,AOP/01666.jpg,7.637442588806152,4
AOP,images/AOP/01021.jpg,AOP/01021.jpg,7.635730743408203,4
AOP,images/AOP/00238.jpg,AOP/00238.jpg,7.635519027709961,4
AOP,images/AOP/00310.jpg,AOP/00310.jpg,7.6347975730896,4
AOP,images/AOP/02280.jpg,AOP/02280.jpg,7.631562232971191,4
AOP,images/AOP/00813.jpg,AOP/00813.jpg,7.630003452301025,4
AOP,images/AOP/00351.jpg,AOP/00351.jpg,7.629101276397705,4
AOP,images/AOP/03610.jpg,AOP/03610.jpg,7.628557205200195,4
AOP,images/AOP/00645.jpg,AOP/00645.jpg,7.623507499694824,4
AOP,images/AOP/00311.jpg,AOP/00311.jpg,7.623022079467773,4
AOP,images/AOP/00757.jpg,AOP/00757.jpg,7.619427680969238,4
AOP,images/AOP/01360.jpg,AOP/01360.jpg,7.618574619293213,4
AOP,images/AOP/00708.jpg,AOP/00708.jpg,7.6132283210754395,4
AOP,images/AOP/02621.jpg,AOP/02621.jpg,7.6102728843688965,4
AOP,images/AOP/02225.jpg,AOP/02225.jpg,7.6038970947265625,4
AOP,images/AOP/00155.jpg,AOP/00155.jpg,7.6031365394592285,4
AOP,images/AOP/01365.jpg,AOP/01365.jpg,7.600103855133057,4
AOP,images/AOP/01851.jpg,AOP/01851.jpg,7.5985107421875,4
AOP,images/AOP/00467.jpg,AOP/00467.jpg,7.596822738647461,4
AOP,images/AOP/02403.jpg,AOP/02403.jpg,7.596417427062988,4
AOP,images/AOP/00825.jpg,AOP/00825.jpg,7.595808029174805,4
AOP,images/AOP/01876.jpg,AOP/01876.jpg,7.59250545501709,4
AOP,images/AOP/02917.jpg,AOP/02917.jpg,7.592134952545166,4
AOP,images/AOP/03229.jpg,AOP/03229.jpg,7.590945243835449,4
AOP,images/AOP/03230.jpg,AOP/03230.jpg,7.590945243835449,4
AOP,images/AOP/02110.jpg,AOP/02110.jpg,7.590940475463867,4
AOP,images/AOP/03643.jpg,AOP/03643.jpg,7.58993673324585,4
AOP,images/AOP/00457.jpg,AOP/00457.jpg,7.588850975036621,4
AOP,images/AOP/03600.jpg,AOP/03600.jpg,7.58493709564209,4
AOP,images/AOP/01399.jpg,AOP/01399.jpg,7.582189559936523,4
AOP,images/AOP/02699.jpg,AOP/02699.jpg,7.581112861633301,4
AOP,images/AOP/01129.jpg,AOP/01129.jpg,7.574419021606445,4
AOP,images/AOP/01131.jpg,AOP/01131.jpg,7.574419021606445,4
AOP,images/AOP/01132.jpg,AOP/01132.jpg,7.574419021606445,4
AOP,images/AOP/00818.jpg,AOP/00818.jpg,7.566552639007568,4
AOP,images/AOP/01522.jpg,AOP/01522.jpg,7.564305305480957,4
AOP,images/AOP/00696.jpg,AOP/00696.jpg,7.562481880187988,4
AOP,images/AOP/03879.jpg,AOP/03879.jpg,7.559079170227051,4
AOP,images/AOP/01161.jpg,AOP/01161.jpg,7.5590667724609375,4
AOP,images/AOP/01495.jpg,AOP/01495.jpg,7.557388782501221,4
AOP,images/AOP/00044.jpg,AOP/00044.jpg,7.556604385375977,4
AOP,images/AOP/03831.jpg,AOP/03831.jpg,7.556361675262451,4
AOP,images/AOP/00043.jpg,AOP/00043.jpg,7.551941394805908,4
AOP,images/AOP/03082.jpg,AOP/03082.jpg,7.551633834838867,4
AOP,images/AOP/03083.jpg,AOP/03083.jpg,7.551633834838867,4
AOP,images/AOP/01986.jpg,AOP/01986.jpg,7.551055431365967,4
AOP,images/AOP/01504.jpg,AOP/01504.jpg,7.54953670501709,4
AOP,images/AOP/01505.jpg,AOP/01505.jpg,7.54953670501709,4
AOP,images/AOP/03708.jpg,AOP/03708.jpg,7.546136379241943,4
AOP,images/AOP/01393.jpg,AOP/01393.jpg,7.542387008666992,4
AOP,images/AOP/00172.jpg,AOP/00172.jpg,7.540866851806641,4
AOP,images/AOP/02486.jpg,AOP/02486.jpg,7.539287567138672,4
AOP,images/AOP/02340.jpg,AOP/02340.jpg,7.537657260894775,4
AOP,images/AOP/02929.jpg,AOP/02929.jpg,7.535422325134277,4
AOP,images/AOP/03593.jpg,AOP/03593.jpg,7.534889221191406,4
AOP,images/AOP/01419.jpg,AOP/01419.jpg,7.53226375579834,4
AOP,images/AOP/02222.jpg,AOP/02222.jpg,7.532228469848633,4
AOP,images/AOP/00176.jpg,AOP/00176.jpg,7.530160903930664,4
AOP,images/AOP/02556.jpg,AOP/02556.jpg,7.529818058013916,4
AOP,images/AOP/03758.jpg,AOP/03758.jpg,7.529499530792236,4
AOP,images/AOP/00332.jpg,AOP/00332.jpg,7.525592803955078,4
AOP,images/AOP/00411.jpg,AOP/00411.jpg,7.5227155685424805,4
AOP,images/AOP/00252.jpg,AOP/00252.jpg,7.521398544311523,4
AOP,images/AOP/02415.jpg,AOP/02415.jpg,7.520222187042236,4
AOP,images/AOP/02264.jpg,AOP/02264.jpg,7.514035701751709,4
AOP,images/AOP/01140.jpg,AOP/01140.jpg,7.510828018188477,4
AOP,images/AOP/01137.jpg,AOP/01137.jpg,7.505400657653809,4
AOP,images/AOP/01914.jpg,AOP/01914.jpg,7.500425338745117,4
AOP,images/AOP/02627.jpg,AOP/02627.jpg,7.498166084289551,4
AOP,images/AOP/01037.jpg,AOP/01037.jpg,7.497862339019775,4
AOP,images/AOP/01038.jpg,AOP/01038.jpg,7.497862339019775,4
AOP,images/AOP/02032.jpg,AOP/02032.jpg,7.495780944824219,4
AOP,images/AOP/01578.jpg,AOP/01578.jpg,7.494577407836914,4
AOP,images/AOP/01874.jpg,AOP/01874.jpg,7.494438648223877,4
AOP,images/AOP/00260.jpg,AOP/00260.jpg,7.4928388595581055,4
AOP,images/AOP/02292.jpg,AOP/02292.jpg,7.488138675689697,4
AOP,images/AOP/03737.jpg,AOP/03737.jpg,7.4850616455078125,4
AOP,images/AOP/02825.jpg,AOP/02825.jpg,7.481046676635742,4
AOP,images/AOP/00328.jpg,AOP/00328.jpg,7.478967666625977,4
AOP,images/AOP/03014.jpg,AOP/03014.jpg,7.476119041442871,4
AOP,images/AOP/02224.jpg,AOP/02224.jpg,7.4760003089904785,4
AOP,images/AOP/02847.jpg,AOP/02847.jpg,7.474923133850098,4
AOP,images/AOP/02115.jpg,AOP/02115.jpg,7.474173545837402,4
AOP,images/AOP/01151.jpg,AOP/01151.jpg,7.473450660705566,4
AOP,images/AOP/01152.jpg,AOP/01152.jpg,7.473450660705566,4
AOP,images/AOP/01154.jpg,AOP/01154.jpg,7.473450660705566,4
AOP,images/AOP/02758.jpg,AOP/02758.jpg,7.471958160400391,4
AOP,images/AOP/01787.jpg,AOP/01787.jpg,7.470993995666504,4
AOP,images/AOP/02830.jpg,AOP/02830.jpg,7.469036102294922,4
AOP,images/AOP/00089.jpg,AOP/00089.jpg,7.468437671661377,4
AOP,images/AOP/01082.jpg,AOP/01082.jpg,7.466397762298584,4
AOP,images/AOP/01837.jpg,AOP/01837.jpg,7.465976715087891,4
AOP,images/AOP/01775.jpg,AOP/01775.jpg,7.4651780128479,4
AOP,images/AOP/01115.jpg,AOP/01115.jpg,7.455293655395508,4
AOP,images/AOP/02942.jpg,AOP/02942.jpg,7.448927879333496,4
AOP,images/AOP/01403.jpg,AOP/01403.jpg,7.447407245635986,4
AOP,images/AOP/01404.jpg,AOP/01404.jpg,7.447407245635986,4
AOP,images/AOP/03162.jpg,AOP/03162.jpg,7.447076797485352,4
AOP,images/AOP/02370.jpg,AOP/02370.jpg,7.438793182373047,4
AOP,images/AOP/03605.jpg,AOP/03605.jpg,7.434452056884766,4
AOP,images/AOP/00412.jpg,AOP/00412.jpg,7.431161880493164,4
AOP,images/AOP/01559.jpg,AOP/01559.jpg,7.43039608001709,4
AOP,images/AOP/01050.jpg,AOP/01050.jpg,7.428921699523926,4
AOP,images/AOP/01788.jpg,AOP/01788.jpg,7.428060531616211,4
AOP,images/AOP/01771.jpg,AOP/01771.jpg,7.428051948547363,4
AOP,images/AOP/00441.jpg,AOP/00441.jpg,7.427423477172852,4
AOP,images/AOP/00442.jpg,AOP/00442.jpg,7.427423477172852,4
AOP,images/AOP/00443.jpg,AOP/00443.jpg,7.427423477172852,4
AOP,images/AOP/02568.jpg,AOP/02568.jpg,7.4267683029174805,4
AOP,images/AOP/00704.jpg,AOP/00704.jpg,7.423304557800293,4
AOP,images/AOP/01605.jpg,AOP/01605.jpg,7.41677188873291,4
AOP,images/AOP/02594.jpg,AOP/02594.jpg,7.416224479675293,4
AOP,images/AOP/00076.jpg,AOP/00076.jpg,7.415890216827393,4
AOP,images/AOP/03816.jpg,AOP/03816.jpg,7.412145614624023,4
AOP,images/AOP/02359.jpg,AOP/02359.jpg,7.412091255187988,4
AOP,images/AOP/02448.jpg,AOP/02448.jpg,7.40998649597168,4
AOP,images/AOP/01052.jpg,AOP/01052.jpg,7.407550811767578,4
AOP,images/AOP/00727.jpg,AOP/00727.jpg,7.403705596923828,4
AOP,images/AOP/03318.jpg,AOP/03318.jpg,7.40070104598999,4
AOP,images/AOP/03319.jpg,AOP/03319.jpg,7.40070104598999,4
AOP,images/AOP/03320.jpg,AOP/03320.jpg,7.40070104598999,4
AOP,images/AOP/03321.jpg,AOP/03321.jpg,7.40070104598999,4
AOP,images/AOP/03322.jpg,AOP/03322.jpg,7.40070104598999,4
AOP,images/AOP/03323.jpg,AOP/03323.jpg,7.40070104598999,4
AOP,images/AOP/03728.jpg,AOP/03728.jpg,7.400205612182617,4
AOP,images/AOP/01483.jpg,AOP/01483.jpg,7.399570941925049,4
AOP,images/AOP/02268.jpg,AOP/02268.jpg,7.3973469734191895,4
AOP,images/AOP/02810.jpg,AOP/02810.jpg,7.39338493347168,4
AOP,images/AOP/01198.jpg,AOP/01198.jpg,7.390841484069824,4
AOP,images/AOP/02919.jpg,AOP/02919.jpg,7.390338897705078,4
AOP,images/AOP/02870.jpg,AOP/02870.jpg,7.390071868896484,4
AOP,images/AOP/00405.jpg,AOP/00405.jpg,7.387984275817871,4
AOP,images/AOP/01396.jpg,AOP/01396.jpg,7.3865814208984375,4
AOP,images/AOP/02766.jpg,AOP/02766.jpg,7.386267185211182,4
AOP,images/AOP/02137.jpg,AOP/02137.jpg,7.383493900299072,4
AOP,images/AOP/02680.jpg,AOP/02680.jpg,7.372261047363281,4
AOP,images/AOP/00517.jpg,AOP/00517.jpg,7.368509292602539,4
AOP,images/AOP/02282.jpg,AOP/02282.jpg,7.358147621154785,4
AOP,images/AOP/02542.jpg,AOP/02542.jpg,7.3494062423706055,4
AOP,images/AOP/00631.jpg,AOP/00631.jpg,7.3491716384887695,4
AOP,images/AOP/03648.jpg,AOP/03648.jpg,7.346402168273926,4
AOP,images/AOP/01958.jpg,AOP/01958.jpg,7.34342098236084,4
AOP,images/AOP/03596.jpg,AOP/03596.jpg,7.341270446777344,4
AOP,images/AOP/01711.jpg,AOP/01711.jpg,7.33806037902832,4
AOP,images/AOP/02462.jpg,AOP/02462.jpg,7.335902214050293,4
AOP,images/AOP/03804.jpg,AOP/03804.jpg,7.333277225494385,4
AOP,images/AOP/02927.jpg,AOP/02927.jpg,7.333065986633301,4
AOP,images/AOP/03882.jpg,AOP/03882.jpg,7.3317975997924805,4
AOP,images/AOP/00876.jpg,AOP/00876.jpg,7.328829765319824,4
AOP,images/AOP/00877.jpg,AOP/00877.jpg,7.328829765319824,4
AOP,images/AOP/00878.jpg,AOP/00878.jpg,7.328829765319824,4
AOP,images/AOP/00879.jpg,AOP/00879.jpg,7.328829765319824,4
AOP,images/AOP/00435.jpg,AOP/00435.jpg,7.327571868896484,4
AOP,images/AOP/03460.jpg,AOP/03460.jpg,7.325209140777588,4
AOP,images/AOP/02881.jpg,AOP/02881.jpg,7.324942111968994,4
AOP,images/AOP/01298.jpg,AOP/01298.jpg,7.323485851287842,4
AOP,images/AOP/00437.jpg,AOP/00437.jpg,7.321590423583984,4
AOP,images/AOP/02327.jpg,AOP/02327.jpg,7.313639163970947,4
AOP,images/AOP/03086.jpg,AOP/03086.jpg,7.312755584716797,4
AOP,images/AOP/03087.jpg,AOP/03087.jpg,7.312755584716797,4
AOP,images/AOP/01395.jpg,AOP/01395.jpg,7.310600280761719,4
AOP,images/AOP/01240.jpg,AOP/01240.jpg,7.3087639808654785,4
AOP,images/AOP/00293.jpg,AOP/00293.jpg,7.308183670043945,4
AOP,images/AOP/01761.jpg,AOP/01761.jpg,7.303836345672607,4
AOP,images/AOP/01520.jpg,AOP/01520.jpg,7.302271842956543,4
AOP,images/AOP/01481.jpg,AOP/01481.jpg,7.301827430725098,4
AOP,images/AOP/02679.jpg,AOP/02679.jpg,7.2995924949646,4
AOP,images/AOP/01506.jpg,AOP/01506.jpg,7.2961249351501465,4
AOP,images/AOP/02770.jpg,AOP/02770.jpg,7.295369625091553,4
AOP,images/AOP/00491.jpg,AOP/00491.jpg,7.292719841003418,4
AOP,images/AOP/02317.jpg,AOP/02317.jpg,7.289527416229248,4
AOP,images/AOP/02337.jpg,AOP/02337.jpg,7.285209655761719,4
AOP,images/AOP/01388.jpg,AOP/01388.jpg,7.282844543457031,4
AOP,images/AOP/01663.jpg,AOP/01663.jpg,7.280792713165283,4
AOP,images/AOP/02659.jpg,AOP/02659.jpg,7.279165267944336,4
AOP,images/AOP/02474.jpg,AOP/02474.jpg,7.277641296386719,4
AOP,images/AOP/02042.jpg,AOP/02042.jpg,7.274045467376709,4
AOP,images/AOP/03604.jpg,AOP/03604.jpg,7.2693772315979,4
AOP,images/AOP/01628.jpg,AOP/01628.jpg,7.267136573791504,4
AOP,images/AOP/03890.jpg,AOP/03890.jpg,7.266072750091553,4
AOP,images/AOP/02522.jpg,AOP/02522.jpg,7.259221076965332,4
AOP,images/AOP/03836.jpg,AOP/03836.jpg,7.256997585296631,4
AOP,images/AOP/02195.jpg,AOP/02195.jpg,7.256937026977539,4
AOP,images/AOP/02220.jpg,AOP/02220.jpg,7.255439758300781,4
AOP,images/AOP/02396.jpg,AOP/02396.jpg,7.25479793548584,4
AOP,images/AOP/03599.jpg,AOP/03599.jpg,7.253866195678711,4
AOP,images/AOP/00872.jpg,AOP/00872.jpg,7.248632907867432,4
AOP,images/AOP/00873.jpg,AOP/00873.jpg,7.248632907867432,4
AOP,images/AOP/03669.jpg,AOP/03669.jpg,7.248188018798828,4
AOP,images/AOP/02133.jpg,AOP/02133.jpg,7.247297763824463,4
AOP,images/AOP/02045.jpg,AOP/02045.jpg,7.246677875518799,4
AOP,images/AOP/02765.jpg,AOP/02765.jpg,7.246251106262207,4
AOP,images/AOP/03864.jpg,AOP/03864.jpg,7.245344161987305,4
AOP,images/AOP/03607.jpg,AOP/03607.jpg,7.23935079574585,4
AOP,images/AOP/01765.jpg,AOP/01765.jpg,7.2374420166015625,4
AOP,images/AOP/02460.jpg,AOP/02460.jpg,7.236589431762695,4
AOP,images/AOP/00416.jpg,AOP/00416.jpg,7.232540607452393,4
AOP,images/AOP/01624.jpg,AOP/01624.jpg,7.229196071624756,4
AOP,images/AOP/00347.jpg,AOP/00347.jpg,7.229015350341797,4
AOP,images/AOP/01770.jpg,AOP/01770.jpg,7.228827476501465,4
AOP,images/AOP/02468.jpg,AOP/02468.jpg,7.228453636169434,4
AOP,images/AOP/03982.jpg,AOP/03982.jpg,7.227246284484863,4
AOP,images/AOP/02417.jpg,AOP/02417.jpg,7.22699499130249,4
AOP,images/AOP/00258.jpg,AOP/00258.jpg,7.226284980773926,4
AOP,images/AOP/03828.jpg,AOP/03828.jpg,7.223730087280273,4
AOP,images/AOP/01525.jpg,AOP/01525.jpg,7.223403453826904,4
AOP,images/AOP/01166.jpg,AOP/01166.jpg,7.219547748565674,4
AOP,images/AOP/01584.jpg,AOP/01584.jpg,7.218949317932129,4
AOP,images/AOP/00481.jpg,AOP/00481.jpg,7.215612888336182,4
AOP,images/AOP/01764.jpg,AOP/01764.jpg,7.213303565979004,4
AOP,images/AOP/00453.jpg,AOP/00453.jpg,7.2129716873168945,4
AOP,images/AOP/02410.jpg,AOP/02410.jpg,7.210970878601074,4
AOP,images/AOP/02080.jpg,AOP/02080.jpg,7.209729194641113,4
AOP,images/AOP/02081.jpg,AOP/02081.jpg,7.209729194641113,4
AOP,images/AOP/02519.jpg,AOP/02519.jpg,7.205269813537598,4
AOP,images/AOP/01311.jpg,AOP/01311.jpg,7.204754829406738,4
AOP,images/AOP/02149.jpg,AOP/02149.jpg,7.204151630401611,4
AOP,images/AOP/02649.jpg,AOP/02649.jpg,7.200817108154297,4
AOP,images/AOP/00352.jpg,AOP/00352.jpg,7.200013637542725,4
AOP,images/AOP/00634.jpg,AOP/00634.jpg,7.199300765991211,4
AOP,images/AOP/00079.jpg,AOP/00079.jpg,7.196446418762207,4
AOP,images/AOP/02226.jpg,AOP/02226.jpg,7.192936897277832,4
AOP,images/AOP/00835.jpg,AOP/00835.jpg,7.1928391456604,4
AOP,images/AOP/02095.jpg,AOP/02095.jpg,7.192234992980957,4
AOP,images/AOP/01056.jpg,AOP/01056.jpg,7.19059419631958,4
AOP,images/AOP/02123.jpg,AOP/02123.jpg,7.188849925994873,4
AOP,images/AOP/02465.jpg,AOP/02465.jpg,7.184150218963623,4
AOP,images/AOP/01823.jpg,AOP/01823.jpg,7.183671474456787,4
AOP,images/AOP/00589.jpg,AOP/00589.jpg,7.182847023010254,4
AOP,images/AOP/02211.jpg,AOP/02211.jpg,7.177868843078613,4
AOP,images/AOP/01611.jpg,AOP/01611.jpg,7.176640510559082,4
AOP,images/AOP/02078.jpg,AOP/02078.jpg,7.175853252410889,4
AOP,images/AOP/03938.jpg,AOP/03938.jpg,7.174882411956787,4
AOP,images/AOP/03140.jpg,AOP/03140.jpg,7.166014671325684,4
AOP,images/AOP/02559.jpg,AOP/02559.jpg,7.1620001792907715,4
AOP,images/AOP/01824.jpg,AOP/01824.jpg,7.16085147857666,4
AOP,images/AOP/00427.jpg,AOP/00427.jpg,7.160290718078613,4
AOP,images/AOP/03937.jpg,AOP/03937.jpg,7.159696578979492,4
AOP,images/AOP/00871.jpg,AOP/00871.jpg,7.156140327453613,4
AOP,images/AOP/03946.jpg,AOP/03946.jpg,7.152700901031494,4
AOP,images/AOP/01005.jpg,AOP/01005.jpg,7.152588367462158,4
AOP,images/AOP/03691.jpg,AOP/03691.jpg,7.152259826660156,4
AOP,images/AOP/00285.jpg,AOP/00285.jpg,7.151362419128418,4
AOP,images/AOP/01521.jpg,AOP/01521.jpg,7.150699138641357,4
AOP,images/AOP/01831.jpg,AOP/01831.jpg,7.150376796722412,4
AOP,images/AOP/01216.jpg,AOP/01216.jpg,7.149280071258545,4
AOP,images/AOP/02320.jpg,AOP/02320.jpg,7.145252227783203,4
AOP,images/AOP/00650.jpg,AOP/00650.jpg,7.1431684494018555,4
AOP,images/AOP/02545.jpg,AOP/02545.jpg,7.134254455566406,4
AOP,images/AOP/02922.jpg,AOP/02922.jpg,7.1303582191467285,4
AOP,images/AOP/01730.jpg,AOP/01730.jpg,7.128741264343262,4
AOP,images/AOP/03686.jpg,AOP/03686.jpg,7.128176212310791,4
AOP,images/AOP/00822.jpg,AOP/00822.jpg,7.127625465393066,4
AOP,images/AOP/00823.jpg,AOP/00823.jpg,7.127625465393066,4
AOP,images/AOP/01636.jpg,AOP/01636.jpg,7.127209663391113,4
AOP,images/AOP/01637.jpg,AOP/01637.jpg,7.127209663391113,4
AOP,images/AOP/02111.jpg,AOP/02111.jpg,7.12132453918457,4
AOP,images/AOP/02565.jpg,AOP/02565.jpg,7.120267868041992,4
AOP,images/AOP/01503.jpg,AOP/01503.jpg,7.120136737823486,4
AOP,images/AOP/01464.jpg,AOP/01464.jpg,7.114394187927246,4
AOP,images/AOP/02485.jpg,AOP/02485.jpg,7.111668586730957,4
AOP,images/AOP/00572.jpg,AOP/00572.jpg,7.103156089782715,4
AOP,images/AOP/00573.jpg,AOP/00573.jpg,7.103156089782715,4
AOP,images/AOP/02381.jpg,AOP/02381.jpg,7.098466873168945,4
AOP,images/AOP/00108.jpg,AOP/00108.jpg,7.098119258880615,4
AOP,images/AOP/00574.jpg,AOP/00574.jpg,7.095122337341309,4
AOP,images/AOP/00575.jpg,AOP/00575.jpg,7.095122337341309,4
AOP,images/AOP/01997.jpg,AOP/01997.jpg,7.091195106506348,4
AOP,images/AOP/03950.jpg,AOP/03950.jpg,7.088529586791992,4
AOP,images/AOP/03861.jpg,AOP/03861.jpg,7.088040351867676,4
AOP,images/AOP/02849.jpg,AOP/02849.jpg,7.087039470672607,4
AOP,images/AOP/02632.jpg,AOP/02632.jpg,7.085755348205566,4
AOP,images/AOP/01397.jpg,AOP/01397.jpg,7.084238052368164,4
AOP,images/AOP/01402.jpg,AOP/01402.jpg,7.082306861877441,4
AOP,images/AOP/00240.jpg,AOP/00240.jpg,7.080385208129883,4
AOP,images/AOP/00883.jpg,AOP/00883.jpg,7.079439640045166,4
AOP,images/AOP/00632.jpg,AOP/00632.jpg,7.077182292938232,4
AOP,images/AOP/03859.jpg,AOP/03859.jpg,7.075638771057129,4
AOP,images/AOP/02447.jpg,AOP/02447.jpg,7.074282169342041,4
AOP,images/AOP/00773.jpg,AOP/00773.jpg,7.071123123168945,4
AOP,images/AOP/03456.jpg,AOP/03456.jpg,7.068755149841309,4
AOP,images/AOP/00262.jpg,AOP/00262.jpg,7.0660080909729,4
AOP,images/AOP/00001.jpg,AOP/00001.jpg,7.06408166885376,4
AOP,images/AOP/03219.jpg,AOP/03219.jpg,7.056282997131348,4
AOP,images/AOP/03220.jpg,AOP/03220.jpg,7.056282997131348,4
AOP,images/AOP/00735.jpg,AOP/00735.jpg,7.055850982666016,4
AOP,images/AOP/02395.jpg,AOP/02395.jpg,7.054168701171875,4
AOP,images/AOP/01317.jpg,AOP/01317.jpg,7.05406379699707,4
AOP,images/AOP/01008.jpg,AOP/01008.jpg,7.053784370422363,4
AOP,images/AOP/03935.jpg,AOP/03935.jpg,7.05253791809082,4
AOP,images/AOP/00341.jpg,AOP/00341.jpg,7.052509784698486,4
AOP,images/AOP/01871.jpg,AOP/01871.jpg,7.041288375854492,4
AOP,images/AOP/02863.jpg,AOP/02863.jpg,7.035019397735596,4
AOP,images/AOP/01889.jpg,AOP/01889.jpg,7.033885955810547,4
AOP,images/AOP/02687.jpg,AOP/02687.jpg,7.0274858474731445,4
AOP,images/AOP/00136.jpg,AOP/00136.jpg,7.026740074157715,4
AOP,images/AOP/02472.jpg,AOP/02472.jpg,7.01850700378418,4
AOP,images/AOP/02578.jpg,AOP/02578.jpg,7.015082359313965,4
AOP,images/AOP/03627.jpg,AOP/03627.jpg,7.014996528625488,4
AOP,images/AOP/01437.jpg,AOP/01437.jpg,7.0131025314331055,4
AOP,images/AOP/01438.jpg,AOP/01438.jpg,7.0131025314331055,4
AOP,images/AOP/00935.jpg,AOP/00935.jpg,7.011895656585693,4
AOP,images/AOP/00925.jpg,AOP/00925.jpg,7.008623123168945,4
AOP,images/AOP/00794.jpg,AOP/00794.jpg,7.008112907409668,4
AOP,images/AOP/03108.jpg,AOP/03108.jpg,7.007686614990234,4
AOP,images/AOP/03109.jpg,AOP/03109.jpg,7.007686614990234,4
AOP,images/AOP/01496.jpg,AOP/01496.jpg,7.0046844482421875,4
AOP,images/AOP/03462.jpg,AOP/03462.jpg,6.999766826629639,4
AOP,images/AOP/02097.jpg,AOP/02097.jpg,6.997443199157715,4
AOP,images/AOP/00746.jpg,AOP/00746.jpg,6.994179725646973,4
AOP,images/AOP/00886.jpg,AOP/00886.jpg,6.993460178375244,4
AOP,images/AOP/01218.jpg,AOP/01218.jpg,6.992275238037109,4
AOP,images/AOP/00418.jpg,AOP/00418.jpg,6.9920454025268555,4
AOP,images/AOP/01742.jpg,AOP/01742.jpg,6.990650653839111,4
AOP,images/AOP/01744.jpg,AOP/01744.jpg,6.990650653839111,4
AOP,images/AOP/01416.jpg,AOP/01416.jpg,6.988651275634766,4
AOP,images/AOP/02723.jpg,AOP/02723.jpg,6.987610816955566,4
AOP,images/AOP/00247.jpg,AOP/00247.jpg,6.9839186668396,4
AOP,images/AOP/01109.jpg,AOP/01109.jpg,6.983168601989746,4
AOP,images/AOP/02259.jpg,AOP/02259.jpg,6.978923797607422,4
AOP,images/AOP/01907.jpg,AOP/01907.jpg,6.977837085723877,4
AOP,images/AOP/02139.jpg,AOP/02139.jpg,6.976189613342285,4
AOP,images/AOP/03163.jpg,AOP/03163.jpg,6.974310874938965,4
AOP,images/AOP/03174.jpg,AOP/03174.jpg,6.974310874938965,4
AOP,images/AOP/00954.jpg,AOP/00954.jpg,6.9699320793151855,4
AOP,images/AOP/01517.jpg,AOP/01517.jpg,6.967401504516602,4
AOP,images/AOP/01781.jpg,AOP/01781.jpg,6.964137077331543,4
AOP,images/AOP/00059.jpg,AOP/00059.jpg,6.962005138397217,4
AOP,images/AOP/02547.jpg,AOP/02547.jpg,6.9564714431762695,4
AOP,images/AOP/00712.jpg,AOP/00712.jpg,6.955448150634766,4
AOP,images/AOP/03164.jpg,AOP/03164.jpg,6.951171875,4
AOP,images/AOP/03165.jpg,AOP/03165.jpg,6.951171875,4
AOP,images/AOP/03166.jpg,AOP/03166.jpg,6.951171875,4
AOP,images/AOP/01848.jpg,AOP/01848.jpg,6.950796127319336,4
AOP,images/AOP/01849.jpg,AOP/01849.jpg,6.950796127319336,4
AOP,images/AOP/03722.jpg,AOP/03722.jpg,6.947897911071777,4
AOP,images/AOP/00024.jpg,AOP/00024.jpg,6.945258617401123,4
AOP,images/AOP/03959.jpg,AOP/03959.jpg,6.937524795532227,4
AOP,images/AOP/02566.jpg,AOP/02566.jpg,6.9374589920043945,4
AOP,images/AOP/02821.jpg,AOP/02821.jpg,6.935214042663574,4
AOP,images/AOP/02681.jpg,AOP/02681.jpg,6.932676792144775,4
AOP,images/AOP/01561.jpg,AOP/01561.jpg,6.925301551818848,4
AOP,images/AOP/02028.jpg,AOP/02028.jpg,6.922309875488281,4
AOP,images/AOP/03132.jpg,AOP/03132.jpg,6.921079635620117,4
AOP,images/AOP/01883.jpg,AOP/01883.jpg,6.917276382446289,4
AOP,images/AOP/03646.jpg,AOP/03646.jpg,6.915840148925781,4
AOP,images/AOP/01494.jpg,AOP/01494.jpg,6.911108493804932,4
AOP,images/AOP/01465.jpg,AOP/01465.jpg,6.910523414611816,4
AOP,images/AOP/02928.jpg,AOP/02928.jpg,6.909981727600098,4
AOP,images/AOP/03957.jpg,AOP/03957.jpg,6.907957553863525,4
AOP,images/AOP/02190.jpg,AOP/02190.jpg,6.906723976135254,4
AOP,images/AOP/00928.jpg,AOP/00928.jpg,6.904782295227051,4
AOP,images/AOP/02710.jpg,AOP/02710.jpg,6.899945259094238,4
AOP,images/AOP/03158.jpg,AOP/03158.jpg,6.899646282196045,4
AOP,images/AOP/01249.jpg,AOP/01249.jpg,6.898624420166016,4
AOP,images/AOP/00887.jpg,AOP/00887.jpg,6.897794246673584,4
AOP,images/AOP/00551.jpg,AOP/00551.jpg,6.896081924438477,4
AOP,images/AOP/02650.jpg,AOP/02650.jpg,6.892525672912598,4
AOP,images/AOP/01334.jpg,AOP/01334.jpg,6.890139579772949,4
AOP,images/AOP/00030.jpg,AOP/00030.jpg,6.889549255371094,4
AOP,images/AOP/02735.jpg,AOP/02735.jpg,6.888818740844727,4
AOP,images/AOP/01879.jpg,AOP/01879.jpg,6.885927200317383,4
AOP,images/AOP/00283.jpg,AOP/00283.jpg,6.885029315948486,4
AOP,images/AOP/03926.jpg,AOP/03926.jpg,6.884942054748535,4
AOP,images/AOP/00776.jpg,AOP/00776.jpg,6.874765396118164,4
AOP,images/AOP/01990.jpg,AOP/01990.jpg,6.874370098114014,4
AOP,images/AOP/00783.jpg,AOP/00783.jpg,6.873742580413818,4
AOP,images/AOP/01426.jpg,AOP/01426.jpg,6.871912956237793,4
AOP,images/AOP/00916.jpg,AOP/00916.jpg,6.868987083435059,4
AOP,images/AOP/01004.jpg,AOP/01004.jpg,6.866497993469238,4
AOP,images/AOP/02406.jpg,AOP/02406.jpg,6.864373683929443,4
AOP,images/AOP/00367.jpg,AOP/00367.jpg,6.862514495849609,4
AOP,images/AOP/01379.jpg,AOP/01379.jpg,6.861311912536621,4
AOP,images/AOP/01921.jpg,AOP/01921.jpg,6.85951566696167,4
AOP,images/AOP/01000.jpg,AOP/01000.jpg,6.857595443725586,4
AOP,images/AOP/02818.jpg,AOP/02818.jpg,6.853652000427246,4
AOP,images/AOP/01998.jpg,AOP/01998.jpg,6.847385883331299,4
AOP,images/AOP/02146.jpg,AOP/02146.jpg,6.8461198806762695,4
AOP,images/AOP/03866.jpg,AOP/03866.jpg,6.844610214233398,4
AOP,images/AOP/02890.jpg,AOP/02890.jpg,6.840793609619141,4
AOP,images/AOP/02554.jpg,AOP/02554.jpg,6.840726375579834,4
AOP,images/AOP/02492.jpg,AOP/02492.jpg,6.839173316955566,4
AOP,images/AOP/00907.jpg,AOP/00907.jpg,6.837458610534668,4
AOP,images/AOP/02934.jpg,AOP/02934.jpg,6.8372721672058105,4
AOP,images/AOP/02583.jpg,AOP/02583.jpg,6.828327655792236,4
AOP,images/AOP/03649.jpg,AOP/03649.jpg,6.82827091217041,4
AOP,images/AOP/02138.jpg,AOP/02138.jpg,6.820632457733154,4
AOP,images/AOP/03506.jpg,AOP/03506.jpg,6.817458152770996,4
AOP,images/AOP/03507.jpg,AOP/03507.jpg,6.817458152770996,4
AOP,images/AOP/03508.jpg,AOP/03508.jpg,6.817458152770996,4
AOP,images/AOP/03509.jpg,AOP/03509.jpg,6.817458152770996,4
AOP,images/AOP/03510.jpg,AOP/03510.jpg,6.817458152770996,4
AOP,images/AOP/03511.jpg,AOP/03511.jpg,6.817458152770996,4
AOP,images/AOP/01394.jpg,AOP/01394.jpg,6.817322731018066,4
AOP,images/AOP/03611.jpg,AOP/03611.jpg,6.815643310546875,4
AOP,images/AOP/02467.jpg,AOP/02467.jpg,6.812770843505859,4
AOP,images/AOP/00523.jpg,AOP/00523.jpg,6.810421943664551,4
AOP,images/AOP/00524.jpg,AOP/00524.jpg,6.810421943664551,4
AOP,images/AOP/00525.jpg,AOP/00525.jpg,6.810421943664551,4
AOP,images/AOP/00527.jpg,AOP/00527.jpg,6.810421943664551,4
AOP,images/AOP/02749.jpg,AOP/02749.jpg,6.809084892272949,4
AOP,images/AOP/03084.jpg,AOP/03084.jpg,6.804834365844727,4
AOP,images/AOP/03085.jpg,AOP/03085.jpg,6.804834365844727,4
AOP,images/AOP/02294.jpg,AOP/02294.jpg,6.804562568664551,4
AOP,images/AOP/03614.jpg,AOP/03614.jpg,6.802919387817383,4
AOP,images/AOP/02390.jpg,AOP/02390.jpg,6.800536632537842,4
AOP,images/AOP/03999.jpg,AOP/03999.jpg,6.800209999084473,4
AOP,images/AOP/01036.jpg,AOP/01036.jpg,6.799354553222656,4
AOP,images/AOP/01039.jpg,AOP/01039.jpg,6.799354553222656,4
AOP,images/AOP/02691.jpg,AOP/02691.jpg,6.796431064605713,4
AOP,images/AOP/00933.jpg,AOP/00933.jpg,6.792860984802246,4
AOP,images/AOP/02930.jpg,AOP/02930.jpg,6.787599563598633,4
AOP,images/AOP/02931.jpg,AOP/02931.jpg,6.787599563598633,4
AOP,images/AOP/02525.jpg,AOP/02525.jpg,6.784211158752441,4
AOP,images/AOP/01133.jpg,AOP/01133.jpg,6.782654285430908,4
AOP,images/AOP/01134.jpg,AOP/01134.jpg,6.782654285430908,4
AOP,images/AOP/02295.jpg,AOP/02295.jpg,6.78259801864624,4
AOP,images/AOP/00991.jpg,AOP/00991.jpg,6.7809271812438965,4
AOP,images/AOP/02260.jpg,AOP/02260.jpg,6.780402183532715,4
AOP,images/AOP/02619.jpg,AOP/02619.jpg,6.775999069213867,4
AOP,images/AOP/02454.jpg,AOP/02454.jpg,6.773118495941162,4
AOP,images/AOP/00914.jpg,AOP/00914.jpg,6.770986080169678,4
AOP,images/AOP/03693.jpg,AOP/03693.jpg,6.76988410949707,4
AOP,images/AOP/02379.jpg,AOP/02379.jpg,6.76985502243042,4
AOP,images/AOP/03835.jpg,AOP/03835.jpg,6.764310836791992,4
AOP,images/AOP/02166.jpg,AOP/02166.jpg,6.764218807220459,4
AOP,images/AOP/00050.jpg,AOP/00050.jpg,6.763455867767334,4
AOP,images/AOP/02670.jpg,AOP/02670.jpg,6.76060152053833,4
AOP,images/AOP/01453.jpg,AOP/01453.jpg,6.7580060958862305,4
AOP,images/AOP/02009.jpg,AOP/02009.jpg,6.75759220123291,4
AOP,images/AOP/02524.jpg,AOP/02524.jpg,6.754247665405273,4
AOP,images/AOP/02865.jpg,AOP/02865.jpg,6.753442287445068,4
AOP,images/AOP/02703.jpg,AOP/02703.jpg,6.751839637756348,4
AOP,images/AOP/00080.jpg,AOP/00080.jpg,6.751255035400391,4
AOP,images/AOP/01306.jpg,AOP/01306.jpg,6.750706672668457,4
AOP,images/AOP/00516.jpg,AOP/00516.jpg,6.749988079071045,4
AOP,images/AOP/02718.jpg,AOP/02718.jpg,6.747195720672607,4
AOP,images/AOP/02457.jpg,AOP/02457.jpg,6.744688987731934,4
AOP,images/AOP/01638.jpg,AOP/01638.jpg,6.741739273071289,4
AOP,images/AOP/01568.jpg,AOP/01568.jpg,6.738637924194336,4
AOP,images/AOP/03256.jpg,AOP/03256.jpg,6.736919403076172,4
AOP,images/AOP/03257.jpg,AOP/03257.jpg,6.736919403076172,4
AOP,images/AOP/03266.jpg,AOP/03266.jpg,6.736919403076172,4
AOP,images/AOP/03267.jpg,AOP/03267.jpg,6.736919403076172,4
AOP,images/AOP/03270.jpg,AOP/03270.jpg,6.736919403076172,4
AOP,images/AOP/01076.jpg,AOP/01076.jpg,6.731956481933594,4
AOP,images/AOP/01908.jpg,AOP/01908.jpg,6.730501174926758,4
AOP,images/AOP/02504.jpg,AOP/02504.jpg,6.724719047546387,4
AOP,images/AOP/01128.jpg,AOP/01128.jpg,6.724349498748779,4
AOP,images/AOP/01423.jpg,AOP/01423.jpg,6.7237701416015625,4
AOP,images/AOP/00083.jpg,AOP/00083.jpg,6.723014831542969,4
AOP,images/AOP/01600.jpg,AOP/01600.jpg,6.721025466918945,4
AOP,images/AOP/00733.jpg,AOP/00733.jpg,6.718459129333496,4
AOP,images/AOP/00666.jpg,AOP/00666.jpg,6.718203544616699,4
AOP,images/AOP/00667.jpg,AOP/00667.jpg,6.718203544616699,4
AOP,images/AOP/00747.jpg,AOP/00747.jpg,6.717390537261963,4
AOP,images/AOP/00385.jpg,AOP/00385.jpg,6.717144012451172,4
AOP,images/AOP/00386.jpg,AOP/00386.jpg,6.717144012451172,4
AOP,images/AOP/01649.jpg,AOP/01649.jpg,6.715435028076172,4
AOP,images/AOP/03235.jpg,AOP/03235.jpg,6.709621429443359,4
AOP,images/AOP/03236.jpg,AOP/03236.jpg,6.709621429443359,4
AOP,images/AOP/00719.jpg,AOP/00719.jpg,6.703640460968018,4
AOP,images/AOP/03615.jpg,AOP/03615.jpg,6.701346397399902,4
AOP,images/AOP/02446.jpg,AOP/02446.jpg,6.700034141540527,4
AOP,images/AOP/03915.jpg,AOP/03915.jpg,6.698296070098877,4
AOP,images/AOP/01552.jpg,AOP/01552.jpg,6.698194980621338,4
AOP,images/AOP/00217.jpg,AOP/00217.jpg,6.695688724517822,4
AOP,images/AOP/03075.jpg,AOP/03075.jpg,6.694760322570801,4
AOP,images/AOP/00246.jpg,AOP/00246.jpg,6.694131851196289,4
AOP,images/AOP/03908.jpg,AOP/03908.jpg,6.691062927246094,4
AOP,images/AOP/01441.jpg,AOP/01441.jpg,6.689054489135742,4
AOP,images/AOP/03807.jpg,AOP/03807.jpg,6.688971519470215,4
AOP,images/AOP/01942.jpg,AOP/01942.jpg,6.687023162841797,4
AOP,images/AOP/01541.jpg,AOP/01541.jpg,6.684919357299805,4
AOP,images/AOP/01090.jpg,AOP/01090.jpg,6.683372497558594,4
AOP,images/AOP/01554.jpg,AOP/01554.jpg,6.68178653717041,4
AOP,images/AOP/03582.jpg,AOP/03582.jpg,6.6795878410339355,4
AOP,images/AOP/03689.jpg,AOP/03689.jpg,6.678658485412598,4
AOP,images/AOP/01017.jpg,AOP/01017.jpg,6.67814302444458,4
AOP,images/AOP/01512.jpg,AOP/01512.jpg,6.671659469604492,4
AOP,images/AOP/01223.jpg,AOP/01223.jpg,6.668943405151367,4
AOP,images/AOP/01811.jpg,AOP/01811.jpg,6.666362285614014,4
AOP,images/AOP/02488.jpg,AOP/02488.jpg,6.66301965713501,4
AOP,images/AOP/02941.jpg,AOP/02941.jpg,6.661488056182861,4
AOP,images/AOP/03502.jpg,AOP/03502.jpg,6.660859107971191,4
AOP,images/AOP/03503.jpg,AOP/03503.jpg,6.660859107971191,4
AOP,images/AOP/00511.jpg,AOP/00511.jpg,6.658899784088135,4
AOP,images/AOP/01734.jpg,AOP/01734.jpg,6.658799171447754,4
AOP,images/AOP/00209.jpg,AOP/00209.jpg,6.6571364402771,4
AOP,images/AOP/00899.jpg,AOP/00899.jpg,6.652972221374512,4
AOP,images/AOP/01261.jpg,AOP/01261.jpg,6.652771949768066,4
AOP,images/AOP/00445.jpg,AOP/00445.jpg,6.652064323425293,4
AOP,images/AOP/02506.jpg,AOP/02506.jpg,6.649939060211182,4
AOP,images/AOP/02234.jpg,AOP/02234.jpg,6.649733066558838,4
AOP,images/AOP/00137.jpg,AOP/00137.jpg,6.649492263793945,4
AOP,images/AOP/00616.jpg,AOP/00616.jpg,6.646166801452637,4
AOP,images/AOP/03913.jpg,AOP/03913.jpg,6.645229816436768,4
AOP,images/AOP/01892.jpg,AOP/01892.jpg,6.6451616287231445,4
AOP,images/AOP/01574.jpg,AOP/01574.jpg,6.644400596618652,4
AOP,images/AOP/01572.jpg,AOP/01572.jpg,6.640724182128906,4
AOP,images/AOP/03683.jpg,AOP/03683.jpg,6.638914585113525,4
AOP,images/AOP/01948.jpg,AOP/01948.jpg,6.637138843536377,4
AOP,images/AOP/03254.jpg,AOP/03254.jpg,6.635146617889404,4
AOP,images/AOP/03255.jpg,AOP/03255.jpg,6.635146617889404,4
AOP,images/AOP/03258.jpg,AOP/03258.jpg,6.635146617889404,4
AOP,images/AOP/03259.jpg,AOP/03259.jpg,6.635146617889404,4
AOP,images/AOP/03260.jpg,AOP/03260.jpg,6.635146617889404,4
AOP,images/AOP/03261.jpg,AOP/03261.jpg,6.635146617889404,4
AOP,images/AOP/03262.jpg,AOP/03262.jpg,6.635146617889404,4
AOP,images/AOP/03263.jpg,AOP/03263.jpg,6.635146617889404,4
AOP,images/AOP/03264.jpg,AOP/03264.jpg,6.635146617889404,4
AOP,images/AOP/03265.jpg,AOP/03265.jpg,6.635146617889404,4
AOP,images/AOP/03268.jpg,AOP/03268.jpg,6.635146617889404,4
AOP,images/AOP/03269.jpg,AOP/03269.jpg,6.635146617889404,4
AOP,images/AOP/03271.jpg,AOP/03271.jpg,6.635146617889404,4
AOP,images/AOP/02791.jpg,AOP/02791.jpg,6.6326584815979,4
AOP,images/AOP/01104.jpg,AOP/01104.jpg,6.627597808837891,4
AOP,images/AOP/01105.jpg,AOP/01105.jpg,6.627597808837891,4
AOP,images/AOP/03450.jpg,AOP/03450.jpg,6.627215385437012,4
AOP,images/AOP/01316.jpg,AOP/01316.jpg,6.627026081085205,4
AOP,images/AOP/01985.jpg,AOP/01985.jpg,6.627025604248047,4
AOP,images/AOP/00937.jpg,AOP/00937.jpg,6.626876354217529,4
AOP,images/AOP/02945.jpg,AOP/02945.jpg,6.6262969970703125,4
AOP,images/AOP/02144.jpg,AOP/02144.jpg,6.626152992248535,4
AOP,images/AOP/02378.jpg,AOP/02378.jpg,6.6242780685424805,4
AOP,images/AOP/01523.jpg,AOP/01523.jpg,6.616127014160156,4
AOP,images/AOP/01226.jpg,AOP/01226.jpg,6.612170219421387,4
AOP,images/AOP/02210.jpg,AOP/02210.jpg,6.612006187438965,4
AOP,images/AOP/00356.jpg,AOP/00356.jpg,6.610021591186523,4
AOP,images/AOP/00358.jpg,AOP/00358.jpg,6.610021591186523,4
AOP,images/AOP/00737.jpg,AOP/00737.jpg,6.605093479156494,4
AOP,images/AOP/03719.jpg,AOP/03719.jpg,6.604580879211426,4
AOP,images/AOP/03729.jpg,AOP/03729.jpg,6.602923393249512,4
AOP,images/AOP/00579.jpg,AOP/00579.jpg,6.599785804748535,4
AOP,images/AOP/02199.jpg,AOP/02199.jpg,6.599605560302734,4
AOP,images/AOP/03925.jpg,AOP/03925.jpg,6.598435878753662,4
AOP,images/AOP/00139.jpg,AOP/00139.jpg,6.592333793640137,4
AOP,images/AOP/00436.jpg,AOP/00436.jpg,6.589402675628662,4
AOP,images/AOP/01595.jpg,AOP/01595.jpg,6.589400291442871,4
AOP,images/AOP/02610.jpg,AOP/02610.jpg,6.584692001342773,4
AOP,images/AOP/02790.jpg,AOP/02790.jpg,6.580970764160156,4
AOP,images/AOP/01803.jpg,AOP/01803.jpg,6.578989028930664,4
AOP,images/AOP/01391.jpg,AOP/01391.jpg,6.577385425567627,4
AOP,images/AOP/01896.jpg,AOP/01896.jpg,6.575427532196045,4
AOP,images/AOP/01415.jpg,AOP/01415.jpg,6.571727752685547,4
AOP,images/AOP/01810.jpg,AOP/01810.jpg,6.571505546569824,4
AOP,images/AOP/02344.jpg,AOP/02344.jpg,6.569655418395996,4
AOP,images/AOP/00917.jpg,AOP/00917.jpg,6.559858798980713,4
AOP,images/AOP/00207.jpg,AOP/00207.jpg,6.559839248657227,4
AOP,images/AOP/02752.jpg,AOP/02752.jpg,6.556545257568359,4
AOP,images/AOP/01136.jpg,AOP/01136.jpg,6.555417537689209,4
AOP,images/AOP/02156.jpg,AOP/02156.jpg,6.554100513458252,4
AOP,images/AOP/00359.jpg,AOP/00359.jpg,6.549257278442383,4
AOP,images/AOP/02134.jpg,AOP/02134.jpg,6.546539783477783,4
AOP,images/AOP/01225.jpg,AOP/01225.jpg,6.540975093841553,4
AOP,images/AOP/03099.jpg,AOP/03099.jpg,6.540960311889648,4
AOP,images/AOP/02413.jpg,AOP/02413.jpg,6.539036750793457,4
AOP,images/AOP/01116.jpg,AOP/01116.jpg,6.538503646850586,4
AOP,images/AOP/03856.jpg,AOP/03856.jpg,6.538299083709717,4
AOP,images/AOP/01142.jpg,AOP/01142.jpg,6.537976264953613,4
AOP,images/AOP/03597.jpg,AOP/03597.jpg,6.5369367599487305,4
AOP,images/AOP/01707.jpg,AOP/01707.jpg,6.536209583282471,4
AOP,images/AOP/00868.jpg,AOP/00868.jpg,6.53192663192749,4
AOP,images/AOP/03806.jpg,AOP/03806.jpg,6.5285491943359375,4
AOP,images/AOP/02206.jpg,AOP/02206.jpg,6.527501583099365,4
AOP,images/AOP/02215.jpg,AOP/02215.jpg,6.526130676269531,4
AOP,images/AOP/00684.jpg,AOP/00684.jpg,6.524603843688965,4
AOP,images/AOP/03743.jpg,AOP/03743.jpg,6.51521110534668,4
AOP,images/AOP/01308.jpg,AOP/01308.jpg,6.511197090148926,4
AOP,images/AOP/01288.jpg,AOP/01288.jpg,6.510978698730469,4
AOP,images/AOP/01294.jpg,AOP/01294.jpg,6.510978698730469,4
AOP,images/AOP/00292.jpg,AOP/00292.jpg,6.508615016937256,4
AOP,images/AOP/02466.jpg,AOP/02466.jpg,6.505673408508301,4
AOP,images/AOP/02188.jpg,AOP/02188.jpg,6.504335880279541,4
AOP,images/AOP/00144.jpg,AOP/00144.jpg,6.5037055015563965,4
AOP,images/AOP/01165.jpg,AOP/01165.jpg,6.503546714782715,4
AOP,images/AOP/00798.jpg,AOP/00798.jpg,6.503068923950195,4
AOP,images/AOP/01382.jpg,AOP/01382.jpg,6.502998352050781,4
AOP,images/AOP/03088.jpg,AOP/03088.jpg,6.500449180603027,4
AOP,images/AOP/00901.jpg,AOP/00901.jpg,6.499855995178223,4
AOP,images/AOP/03706.jpg,AOP/03706.jpg,6.498307704925537,4
AOP,images/AOP/00695.jpg,AOP/00695.jpg,6.496413230895996,4
AOP,images/AOP/00779.jpg,AOP/00779.jpg,6.495448112487793,4
AOP,images/AOP/01570.jpg,AOP/01570.jpg,6.488506317138672,4
AOP,images/AOP/01077.jpg,AOP/01077.jpg,6.4884796142578125,4
AOP,images/AOP/01872.jpg,AOP/01872.jpg,6.487776279449463,4
AOP,images/AOP/01302.jpg,AOP/01302.jpg,6.48731803894043,4
AOP,images/AOP/03231.jpg,AOP/03231.jpg,6.484275817871094,4
AOP,images/AOP/03232.jpg,AOP/03232.jpg,6.484275817871094,4
AOP,images/AOP/03237.jpg,AOP/03237.jpg,6.484275817871094,4
AOP,images/AOP/01850.jpg,AOP/01850.jpg,6.483437538146973,4
AOP,images/AOP/00866.jpg,AOP/00866.jpg,6.480134010314941,4
AOP,images/AOP/01577.jpg,AOP/01577.jpg,6.479869842529297,4
AOP,images/AOP/02561.jpg,AOP/02561.jpg,6.479618072509766,4
AOP,images/AOP/00898.jpg,AOP/00898.jpg,6.479154109954834,4
AOP,images/AOP/02831.jpg,AOP/02831.jpg,6.478427886962891,4
AOP,images/AOP/03684.jpg,AOP/03684.jpg,6.477902412414551,4
AOP,images/AOP/01635.jpg,AOP/01635.jpg,6.474187850952148,4
AOP,images/AOP/00236.jpg,AOP/00236.jpg,6.474139213562012,4
AOP,images/AOP/03687.jpg,AOP/03687.jpg,6.4715189933776855,4
AOP,images/AOP/00819.jpg,AOP/00819.jpg,6.468417167663574,4
AOP,images/AOP/03632.jpg,AOP/03632.jpg,6.466280460357666,4
AOP,images/AOP/01708.jpg,AOP/01708.jpg,6.463638782501221,4
AOP,images/AOP/03578.jpg,AOP/03578.jpg,6.462615489959717,4
AOP,images/AOP/03789.jpg,AOP/03789.jpg,6.461576461791992,4
AOP,images/AOP/02560.jpg,AOP/02560.jpg,6.461296081542969,4
AOP,images/AOP/02717.jpg,AOP/02717.jpg,6.4564995765686035,4
AOP,images/AOP/02527.jpg,AOP/02527.jpg,6.454669952392578,4
AOP,images/AOP/02422.jpg,AOP/02422.jpg,6.453043460845947,4
AOP,images/AOP/02077.jpg,AOP/02077.jpg,6.450954437255859,4
AOP,images/AOP/03838.jpg,AOP/03838.jpg,6.447422981262207,4
AOP,images/AOP/02698.jpg,AOP/02698.jpg,6.445053577423096,4
AOP,images/AOP/00354.jpg,AOP/00354.jpg,6.444897174835205,4
AOP,images/AOP/02221.jpg,AOP/02221.jpg,6.4394612312316895,4
AOP,images/AOP/02661.jpg,AOP/02661.jpg,6.435511589050293,4
AOP,images/AOP/02063.jpg,AOP/02063.jpg,6.435064315795898,4
AOP,images/AOP/00214.jpg,AOP/00214.jpg,6.4340949058532715,4
AOP,images/AOP/01776.jpg,AOP/01776.jpg,6.432992935180664,4
AOP,images/AOP/00205.jpg,AOP/00205.jpg,6.43297004699707,4
AOP,images/AOP/01079.jpg,AOP/01079.jpg,6.426196098327637,4
AOP,images/AOP/00966.jpg,AOP/00966.jpg,6.415467739105225,4
AOP,images/AOP/01825.jpg,AOP/01825.jpg,6.414610862731934,4
AOP,images/AOP/01925.jpg,AOP/01925.jpg,6.412928581237793,4
AOP,images/AOP/03130.jpg,AOP/03130.jpg,6.412754535675049,4
AOP,images/AOP/02939.jpg,AOP/02939.jpg,6.410510540008545,4
AOP,images/AOP/00861.jpg,AOP/00861.jpg,6.409031391143799,4
AOP,images/AOP/03842.jpg,AOP/03842.jpg,6.408500671386719,4
AOP,images/AOP/03159.jpg,AOP/03159.jpg,6.40048885345459,4
AOP,images/AOP/03657.jpg,AOP/03657.jpg,6.397409439086914,4
AOP,images/AOP/01500.jpg,AOP/01500.jpg,6.394792556762695,4
AOP,images/AOP/03676.jpg,AOP/03676.jpg,6.393738746643066,4
AOP,images/AOP/00499.jpg,AOP/00499.jpg,6.39371395111084,4
AOP,images/AOP/03934.jpg,AOP/03934.jpg,6.392594814300537,4
AOP,images/AOP/02615.jpg,AOP/02615.jpg,6.389439582824707,4
AOP,images/AOP/02189.jpg,AOP/02189.jpg,6.388319969177246,4
AOP,images/AOP/01335.jpg,AOP/01335.jpg,6.387514114379883,4
AOP,images/AOP/01604.jpg,AOP/01604.jpg,6.384558200836182,4
AOP,images/AOP/01782.jpg,AOP/01782.jpg,6.380615711212158,4
AOP,images/AOP/02727.jpg,AOP/02727.jpg,6.37976598739624,4
AOP,images/AOP/01489.jpg,AOP/01489.jpg,6.379301071166992,4
AOP,images/AOP/01492.jpg,AOP/01492.jpg,6.379301071166992,4
AOP,images/AOP/00694.jpg,AOP/00694.jpg,6.376833915710449,4
AOP,images/AOP/00665.jpg,AOP/00665.jpg,6.368624210357666,4
AOP,images/AOP/00670.jpg,AOP/00670.jpg,6.368624210357666,4
AOP,images/AOP/00957.jpg,AOP/00957.jpg,6.366512298583984,4
AOP,images/AOP/00958.jpg,AOP/00958.jpg,6.366512298583984,4
AOP,images/AOP/02194.jpg,AOP/02194.jpg,6.363972187042236,4
AOP,images/AOP/03598.jpg,AOP/03598.jpg,6.360437870025635,4
AOP,images/AOP/00853.jpg,AOP/00853.jpg,6.359131813049316,4
AOP,images/AOP/00855.jpg,AOP/00855.jpg,6.359131813049316,4
AOP,images/AOP/00956.jpg,AOP/00956.jpg,6.353590965270996,4
AOP,images/AOP/03012.jpg,AOP/03012.jpg,6.352897644042969,4
AOP,images/AOP/01834.jpg,AOP/01834.jpg,6.351904392242432,4
AOP,images/AOP/03802.jpg,AOP/03802.jpg,6.34537410736084,4
AOP,images/AOP/02067.jpg,AOP/02067.jpg,6.344188690185547,4
AOP,images/AOP/03295.jpg,AOP/03295.jpg,6.34375524520874,4
AOP,images/AOP/03296.jpg,AOP/03296.jpg,6.34375524520874,4
AOP,images/AOP/03297.jpg,AOP/03297.jpg,6.34375524520874,4
AOP,images/AOP/03298.jpg,AOP/03298.jpg,6.34375524520874,4
AOP,images/AOP/03299.jpg,AOP/03299.jpg,6.34375524520874,4
AOP,images/AOP/03300.jpg,AOP/03300.jpg,6.34375524520874,4
AOP,images/AOP/02480.jpg,AOP/02480.jpg,6.341507911682129,4
AOP,images/AOP/00755.jpg,AOP/00755.jpg,6.340585708618164,4
AOP,images/AOP/00387.jpg,AOP/00387.jpg,6.340028285980225,4
AOP,images/AOP/00796.jpg,AOP/00796.jpg,6.3357367515563965,4
AOP,images/AOP/03628.jpg,AOP/03628.jpg,6.331308364868164,4
AOP,images/AOP/01926.jpg,AOP/01926.jpg,6.329568862915039,4
AOP,images/AOP/00557.jpg,AOP/00557.jpg,6.329071998596191,4
AOP,images/AOP/02376.jpg,AOP/02376.jpg,6.324250221252441,4
AOP,images/AOP/01846.jpg,AOP/01846.jpg,6.3233232498168945,4
AOP,images/AOP/01957.jpg,AOP/01957.jpg,6.321223258972168,4
AOP,images/AOP/02582.jpg,AOP/02582.jpg,6.320849895477295,4
AOP,images/AOP/03143.jpg,AOP/03143.jpg,6.318990707397461,4
AOP,images/AOP/00865.jpg,AOP/00865.jpg,6.315441608428955,4
AOP,images/AOP/00964.jpg,AOP/00964.jpg,6.313248634338379,4
AOP,images/AOP/00965.jpg,AOP/00965.jpg,6.313248634338379,4
AOP,images/AOP/01919.jpg,AOP/01919.jpg,6.312500953674316,4
AOP,images/AOP/03927.jpg,AOP/03927.jpg,6.310516834259033,4
AOP,images/AOP/02792.jpg,AOP/02792.jpg,6.310433387756348,4
AOP,images/AOP/02257.jpg,AOP/02257.jpg,6.309793472290039,4
AOP,images/AOP/03583.jpg,AOP/03583.jpg,6.3097453117370605,4
AOP,images/AOP/03584.jpg,AOP/03584.jpg,6.3097453117370605,4
AOP,images/AOP/02600.jpg,AOP/02600.jpg,6.308296203613281,4
AOP,images/AOP/00707.jpg,AOP/00707.jpg,6.305875778198242,4
AOP,images/AOP/02142.jpg,AOP/02142.jpg,6.301723480224609,4
AOP,images/AOP/01599.jpg,AOP/01599.jpg,6.301250457763672,4
AOP,images/AOP/02089.jpg,AOP/02089.jpg,6.299959659576416,4
AOP,images/AOP/02090.jpg,AOP/02090.jpg,6.299959659576416,4
AOP,images/AOP/01542.jpg,AOP/01542.jpg,6.298048496246338,4
AOP,images/AOP/02283.jpg,AOP/02283.jpg,6.297886371612549,4
AOP,images/AOP/01629.jpg,AOP/01629.jpg,6.296550273895264,4
AOP,images/AOP/00098.jpg,AOP/00098.jpg,6.293565273284912,4
AOP,images/AOP/02274.jpg,AOP/02274.jpg,6.291244983673096,4
AOP,images/AOP/03365.jpg,AOP/03365.jpg,6.290565490722656,4
AOP,images/AOP/03366.jpg,AOP/03366.jpg,6.290565490722656,4
AOP,images/AOP/03367.jpg,AOP/03367.jpg,6.290565490722656,4
AOP,images/AOP/03368.jpg,AOP/03368.jpg,6.290565490722656,4
AOP,images/AOP/03369.jpg,AOP/03369.jpg,6.290565490722656,4
AOP,images/AOP/03370.jpg,AOP/03370.jpg,6.290565490722656,4
AOP,images/AOP/00028.jpg,AOP/00028.jpg,6.289258003234863,4
AOP,images/AOP/02617.jpg,AOP/02617.jpg,6.287485122680664,4
AOP,images/AOP/00990.jpg,AOP/00990.jpg,6.28553581237793,4
AOP,images/AOP/03819.jpg,AOP/03819.jpg,6.28464937210083,4
AOP,images/AOP/03939.jpg,AOP/03939.jpg,6.283907890319824,4
AOP,images/AOP/01960.jpg,AOP/01960.jpg,6.2825236320495605,4
AOP,images/AOP/00848.jpg,AOP/00848.jpg,6.277462482452393,4
AOP,images/AOP/00849.jpg,AOP/00849.jpg,6.277462482452393,4
AOP,images/AOP/01779.jpg,AOP/01779.jpg,6.275801658630371,4
AOP,images/AOP/02129.jpg,AOP/02129.jpg,6.272512435913086,4
AOP,images/AOP/03616.jpg,AOP/03616.jpg,6.269609451293945,4
AOP,images/AOP/02192.jpg,AOP/02192.jpg,6.259219169616699,4
AOP,images/AOP/03033.jpg,AOP/03033.jpg,6.258965969085693,4
AOP,images/AOP/03034.jpg,AOP/03034.jpg,6.258965969085693,4
AOP,images/AOP/02688.jpg,AOP/02688.jpg,6.258755683898926,4
AOP,images/AOP/02696.jpg,AOP/02696.jpg,6.256852149963379,4
AOP,images/AOP/02754.jpg,AOP/02754.jpg,6.253880977630615,4
AOP,images/AOP/03673.jpg,AOP/03673.jpg,6.252747058868408,4
AOP,images/AOP/01301.jpg,AOP/01301.jpg,6.252460479736328,4
AOP,images/AOP/00031.jpg,AOP/00031.jpg,6.2519378662109375,4
AOP,images/AOP/03624.jpg,AOP/03624.jpg,6.251300811767578,4
AOP,images/AOP/03674.jpg,AOP/03674.jpg,6.248566627502441,4
AOP,images/AOP/00500.jpg,AOP/00500.jpg,6.243261337280273,4
AOP,images/AOP/00501.jpg,AOP/00501.jpg,6.243261337280273,4
AOP,images/AOP/00502.jpg,AOP/00502.jpg,6.243261337280273,4
AOP,images/AOP/02297.jpg,AOP/02297.jpg,6.234160900115967,4
AOP,images/AOP/01524.jpg,AOP/01524.jpg,6.234082221984863,4
AOP,images/AOP/00585.jpg,AOP/00585.jpg,6.233187198638916,4
AOP,images/AOP/03273.jpg,AOP/03273.jpg,6.233168601989746,4
AOP,images/AOP/01224.jpg,AOP/01224.jpg,6.231744766235352,4
AOP,images/AOP/02213.jpg,AOP/02213.jpg,6.231538772583008,4
AOP,images/AOP/02781.jpg,AOP/02781.jpg,6.229709625244141,4
AOP,images/AOP/02207.jpg,AOP/02207.jpg,6.224874496459961,4
AOP,images/AOP/02319.jpg,AOP/02319.jpg,6.224139213562012,4
AOP,images/AOP/03924.jpg,AOP/03924.jpg,6.222179412841797,4
AOP,images/AOP/01954.jpg,AOP/01954.jpg,6.222138404846191,4
AOP,images/AOP/00113.jpg,AOP/00113.jpg,6.219964981079102,4
AOP,images/AOP/03451.jpg,AOP/03451.jpg,6.218625545501709,4
AOP,images/AOP/01501.jpg,AOP/01501.jpg,6.216257095336914,4
AOP,images/AOP/01976.jpg,AOP/01976.jpg,6.212921142578125,4
AOP,images/AOP/00655.jpg,AOP/00655.jpg,6.211080551147461,4
AOP,images/AOP/00657.jpg,AOP/00657.jpg,6.211080551147461,4
AOP,images/AOP/00660.jpg,AOP/00660.jpg,6.211080551147461,4
AOP,images/AOP/00360.jpg,AOP/00360.jpg,6.2096943855285645,4
AOP,images/AOP/02388.jpg,AOP/02388.jpg,6.209540367126465,4
AOP,images/AOP/01014.jpg,AOP/01014.jpg,6.207343101501465,4
AOP,images/AOP/02155.jpg,AOP/02155.jpg,6.206975936889648,4
AOP,images/AOP/02899.jpg,AOP/02899.jpg,6.206676483154297,4
AOP,images/AOP/02099.jpg,AOP/02099.jpg,6.206614971160889,4
AOP,images/AOP/01545.jpg,AOP/01545.jpg,6.205530166625977,4
AOP,images/AOP/01772.jpg,AOP/01772.jpg,6.204561233520508,4
AOP,images/AOP/02518.jpg,AOP/02518.jpg,6.20423698425293,4
AOP,images/AOP/02884.jpg,AOP/02884.jpg,6.2035064697265625,4
AOP,images/AOP/02826.jpg,AOP/02826.jpg,6.203029155731201,4
AOP,images/AOP/02120.jpg,AOP/02120.jpg,6.198684215545654,4
AOP,images/AOP/00109.jpg,AOP/00109.jpg,6.198404312133789,4
AOP,images/AOP/01835.jpg,AOP/01835.jpg,6.198015213012695,4
AOP,images/AOP/01199.jpg,AOP/01199.jpg,6.192651748657227,4
AOP,images/AOP/00679.jpg,AOP/00679.jpg,6.19211483001709,4
AOP,images/AOP/00484.jpg,AOP/00484.jpg,6.187570095062256,4
AOP,images/AOP/02423.jpg,AOP/02423.jpg,6.187127113342285,4
AOP,images/AOP/01314.jpg,AOP/01314.jpg,6.186773300170898,4
AOP,images/AOP/00303.jpg,AOP/00303.jpg,6.184567928314209,4
AOP,images/AOP/00591.jpg,AOP/00591.jpg,6.18341064453125,4
AOP,images/AOP/01342.jpg,AOP/01342.jpg,6.182471752166748,4
AOP,images/AOP/02059.jpg,AOP/02059.jpg,6.1800537109375,4
AOP,images/AOP/03666.jpg,AOP/03666.jpg,6.1760053634643555,4
AOP,images/AOP/01027.jpg,AOP/01027.jpg,6.169549942016602,4
AOP,images/AOP/02678.jpg,AOP/02678.jpg,6.1661272048950195,4
AOP,images/AOP/01697.jpg,AOP/01697.jpg,6.162769317626953,4
AOP,images/AOP/02713.jpg,AOP/02713.jpg,6.160451889038086,4
AOP,images/AOP/02398.jpg,AOP/02398.jpg,6.15450382232666,4
AOP,images/AOP/02521.jpg,AOP/02521.jpg,6.154391765594482,4
AOP,images/AOP/00280.jpg,AOP/00280.jpg,6.154325485229492,4
AOP,images/AOP/03064.jpg,AOP/03064.jpg,6.153875827789307,4
AOP,images/AOP/03065.jpg,AOP/03065.jpg,6.153875827789307,4
AOP,images/AOP/01502.jpg,AOP/01502.jpg,6.153232574462891,4
AOP,images/AOP/00218.jpg,AOP/00218.jpg,6.1519880294799805,4
AOP,images/AOP/03983.jpg,AOP/03983.jpg,6.15049934387207,4
AOP,images/AOP/02394.jpg,AOP/02394.jpg,6.147785186767578,4
AOP,images/AOP/01386.jpg,AOP/01386.jpg,6.1456146240234375,4
AOP,images/AOP/01924.jpg,AOP/01924.jpg,6.143224716186523,4
AOP,images/AOP/00092.jpg,AOP/00092.jpg,6.1378936767578125,4
AOP,images/AOP/01745.jpg,AOP/01745.jpg,6.137481689453125,4
AOP,images/AOP/01746.jpg,AOP/01746.jpg,6.137481689453125,4
AOP,images/AOP/01619.jpg,AOP/01619.jpg,6.136711597442627,4
AOP,images/AOP/02287.jpg,AOP/02287.jpg,6.129225730895996,4
AOP,images/AOP/03900.jpg,AOP/03900.jpg,6.128447532653809,4
AOP,images/AOP/01529.jpg,AOP/01529.jpg,6.126562118530273,4
AOP,images/AOP/02894.jpg,AOP/02894.jpg,6.126032829284668,4
AOP,images/AOP/02250.jpg,AOP/02250.jpg,6.122331142425537,4
AOP,images/AOP/01257.jpg,AOP/01257.jpg,6.122194766998291,4
AOP,images/AOP/02205.jpg,AOP/02205.jpg,6.1214094161987305,4
AOP,images/AOP/03463.jpg,AOP/03463.jpg,6.116033554077148,4
AOP,images/AOP/03668.jpg,AOP/03668.jpg,6.109804153442383,4
AOP,images/AOP/03492.jpg,AOP/03492.jpg,6.109777450561523,4
AOP,images/AOP/00897.jpg,AOP/00897.jpg,6.107353687286377,4
AOP,images/AOP/00175.jpg,AOP/00175.jpg,6.106388092041016,4
AOP,images/AOP/00143.jpg,AOP/00143.jpg,6.1063337326049805,4
AOP,images/AOP/02857.jpg,AOP/02857.jpg,6.1062517166137695,4
AOP,images/AOP/01201.jpg,AOP/01201.jpg,6.104371547698975,4
AOP,images/AOP/02364.jpg,AOP/02364.jpg,6.0990424156188965,4
AOP,images/AOP/02980.jpg,AOP/02980.jpg,6.097633361816406,4
AOP,images/AOP/02031.jpg,AOP/02031.jpg,6.094790458679199,4
AOP,images/AOP/02730.jpg,AOP/02730.jpg,6.092471122741699,4
AOP,images/AOP/02517.jpg,AOP/02517.jpg,6.09201717376709,4
AOP,images/AOP/02076.jpg,AOP/02076.jpg,6.0913801193237305,4
AOP,images/AOP/02715.jpg,AOP/02715.jpg,6.090459823608398,4
AOP,images/AOP/02689.jpg,AOP/02689.jpg,6.0881876945495605,4
AOP,images/AOP/01085.jpg,AOP/01085.jpg,6.086615562438965,4
AOP,images/AOP/02746.jpg,AOP/02746.jpg,6.083810806274414,4
AOP,images/AOP/01934.jpg,AOP/01934.jpg,6.083024024963379,4
AOP,images/AOP/01573.jpg,AOP/01573.jpg,6.081439018249512,4
AOP,images/AOP/00259.jpg,AOP/00259.jpg,6.080842971801758,4
AOP,images/AOP/03716.jpg,AOP/03716.jpg,6.080167770385742,4
AOP,images/AOP/00036.jpg,AOP/00036.jpg,6.080019474029541,4
AOP,images/AOP/00042.jpg,AOP/00042.jpg,6.080019474029541,4
AOP,images/AOP/02272.jpg,AOP/02272.jpg,6.071872711181641,4
AOP,images/AOP/01205.jpg,AOP/01205.jpg,6.071595191955566,4
AOP,images/AOP/01207.jpg,AOP/01207.jpg,6.071595191955566,4
AOP,images/AOP/02552.jpg,AOP/02552.jpg,6.068781852722168,4
AOP,images/AOP/02651.jpg,AOP/02651.jpg,6.065494537353516,4
AOP,images/AOP/01374.jpg,AOP/01374.jpg,6.062735080718994,4
AOP,images/AOP/03741.jpg,AOP/03741.jpg,6.061967849731445,4
AOP,images/AOP/01922.jpg,AOP/01922.jpg,6.058128833770752,4
AOP,images/AOP/01227.jpg,AOP/01227.jpg,6.0567708015441895,4
AOP,images/AOP/02184.jpg,AOP/02184.jpg,6.056651592254639,4
AOP,images/AOP/00119.jpg,AOP/00119.jpg,6.054843902587891,4
AOP,images/AOP/01175.jpg,AOP/01175.jpg,6.052146911621094,4
AOP,images/AOP/02864.jpg,AOP/02864.jpg,6.048540115356445,4
AOP,images/AOP/02244.jpg,AOP/02244.jpg,6.044479846954346,4
AOP,images/AOP/00512.jpg,AOP/00512.jpg,6.04425573348999,4
AOP,images/AOP/00309.jpg,AOP/00309.jpg,6.041954517364502,4
AOP,images/AOP/01712.jpg,AOP/01712.jpg,6.041652679443359,4
AOP,images/AOP/01451.jpg,AOP/01451.jpg,6.039880752563477,4
AOP,images/AOP/03602.jpg,AOP/03602.jpg,6.038226127624512,4
AOP,images/AOP/00264.jpg,AOP/00264.jpg,6.035274982452393,4
AOP,images/AOP/02068.jpg,AOP/02068.jpg,6.033740997314453,4
AOP,images/AOP/00593.jpg,AOP/00593.jpg,6.032691955566406,4
AOP,images/AOP/00629.jpg,AOP/00629.jpg,6.032260894775391,4
AOP,images/AOP/03644.jpg,AOP/03644.jpg,6.031961917877197,4
AOP,images/AOP/03495.jpg,AOP/03495.jpg,6.0291595458984375,4
AOP,images/AOP/00962.jpg,AOP/00962.jpg,6.027534484863281,4
AOP,images/AOP/03353.jpg,AOP/03353.jpg,6.025881767272949,4
AOP,images/AOP/03354.jpg,AOP/03354.jpg,6.025881767272949,4
AOP,images/AOP/03355.jpg,AOP/03355.jpg,6.025881767272949,4
AOP,images/AOP/03356.jpg,AOP/03356.jpg,6.025881767272949,4
AOP,images/AOP/03359.jpg,AOP/03359.jpg,6.025881767272949,4
AOP,images/AOP/03360.jpg,AOP/03360.jpg,6.025881767272949,4
AOP,images/AOP/03363.jpg,AOP/03363.jpg,6.025881767272949,4
AOP,images/AOP/03364.jpg,AOP/03364.jpg,6.025881767272949,4
AOP,images/AOP/01139.jpg,AOP/01139.jpg,6.025715351104736,4
AOP,images/AOP/00635.jpg,AOP/00635.jpg,6.023467063903809,4
AOP,images/AOP/01805.jpg,AOP/01805.jpg,6.020240783691406,4
AOP,images/AOP/02002.jpg,AOP/02002.jpg,6.018918991088867,4
AOP,images/AOP/02591.jpg,AOP/02591.jpg,6.017309665679932,4
AOP,images/AOP/02783.jpg,AOP/02783.jpg,6.016683101654053,4
AOP,images/AOP/02784.jpg,AOP/02784.jpg,6.016683101654053,4
AOP,images/AOP/00850.jpg,AOP/00850.jpg,6.015531063079834,4
AOP,images/AOP/01969.jpg,AOP/01969.jpg,6.013200759887695,4
AOP,images/AOP/03696.jpg,AOP/03696.jpg,6.011220932006836,4
AOP,images/AOP/00038.jpg,AOP/00038.jpg,6.009596347808838,4
AOP,images/AOP/01003.jpg,AOP/01003.jpg,6.008636951446533,4
AOP,images/AOP/03171.jpg,AOP/03171.jpg,6.005864143371582,4
AOP,images/AOP/03172.jpg,AOP/03172.jpg,6.005864143371582,4
AOP,images/AOP/03173.jpg,AOP/03173.jpg,6.005864143371582,4
AOP,images/AOP/03175.jpg,AOP/03175.jpg,6.005864143371582,4
AOP,images/AOP/03176.jpg,AOP/03176.jpg,6.005864143371582,4
AOP,images/AOP/03177.jpg,AOP/03177.jpg,6.005864143371582,4
AOP,images/AOP/02579.jpg,AOP/02579.jpg,6.005581855773926,4
AOP,images/AOP/00820.jpg,AOP/00820.jpg,6.003292083740234,4
AOP,images/AOP/01283.jpg,AOP/01283.jpg,6.003060340881348,4
AOP,images/AOP/01284.jpg,AOP/01284.jpg,6.003060340881348,4
AOP,images/AOP/01285.jpg,AOP/01285.jpg,6.003060340881348,4
AOP,images/AOP/01289.jpg,AOP/01289.jpg,6.003060340881348,4
AOP,images/AOP/01295.jpg,AOP/01295.jpg,6.003060340881348,4
AOP,images/AOP/01296.jpg,AOP/01296.jpg,6.003060340881348,4
AOP,images/AOP/01297.jpg,AOP/01297.jpg,6.003060340881348,4
AOP,images/AOP/00088.jpg,AOP/00088.jpg,6.002610206604004,4
AOP,images/AOP/01209.jpg,AOP/01209.jpg,6.002277374267578,4
AOP,images/AOP/03613.jpg,AOP/03613.jpg,6.000901222229004,4
AOP,images/AOP/02497.jpg,AOP/02497.jpg,5.999656677246094,4
AOP,images/AOP/01446.jpg,AOP/01446.jpg,5.999042987823486,4
AOP,images/AOP/02597.jpg,AOP/02597.jpg,5.993859767913818,4
AOP,images/AOP/01015.jpg,AOP/01015.jpg,5.993636131286621,4
AOP,images/AOP/02412.jpg,AOP/02412.jpg,5.993072509765625,4
AOP,images/AOP/02855.jpg,AOP/02855.jpg,5.992568492889404,4
AOP,images/AOP/02896.jpg,AOP/02896.jpg,5.989558219909668,4
AOP,images/AOP/00728.jpg,AOP/00728.jpg,5.987188339233398,4
AOP,images/AOP/02728.jpg,AOP/02728.jpg,5.9866485595703125,4
AOP,images/AOP/02216.jpg,AOP/02216.jpg,5.985108375549316,4
AOP,images/AOP/02901.jpg,AOP/02901.jpg,5.979190826416016,4
AOP,images/AOP/02605.jpg,AOP/02605.jpg,5.978478908538818,4
AOP,images/AOP/03612.jpg,AOP/03612.jpg,5.978428840637207,4
AOP,images/AOP/01971.jpg,AOP/01971.jpg,5.975442409515381,4
AOP,images/AOP/00584.jpg,AOP/00584.jpg,5.973944664001465,4
AOP,images/AOP/00331.jpg,AOP/00331.jpg,5.972284317016602,4
AOP,images/AOP/02411.jpg,AOP/02411.jpg,5.970982551574707,4
AOP,images/AOP/00839.jpg,AOP/00839.jpg,5.969151496887207,4
AOP,images/AOP/01059.jpg,AOP/01059.jpg,5.967162609100342,4
AOP,images/AOP/00015.jpg,AOP/00015.jpg,5.966216564178467,4
AOP,images/AOP/02326.jpg,AOP/02326.jpg,5.966147422790527,4
AOP,images/AOP/00135.jpg,AOP/00135.jpg,5.965967655181885,4
AOP,images/AOP/01457.jpg,AOP/01457.jpg,5.9656829833984375,4
AOP,images/AOP/01238.jpg,AOP/01238.jpg,5.964481353759766,4
AOP,images/AOP/00452.jpg,AOP/00452.jpg,5.962882995605469,4
AOP,images/AOP/02086.jpg,AOP/02086.jpg,5.962688446044922,4
AOP,images/AOP/00931.jpg,AOP/00931.jpg,5.962305068969727,4
AOP,images/AOP/02121.jpg,AOP/02121.jpg,5.96141242980957,4
AOP,images/AOP/01807.jpg,AOP/01807.jpg,5.960204124450684,4
AOP,images/AOP/00305.jpg,AOP/00305.jpg,5.9590935707092285,4
AOP,images/AOP/02444.jpg,AOP/02444.jpg,5.953457832336426,4
AOP,images/AOP/00446.jpg,AOP/00446.jpg,5.952667236328125,4
AOP,images/AOP/01486.jpg,AOP/01486.jpg,5.95073127746582,4
AOP,images/AOP/01487.jpg,AOP/01487.jpg,5.95073127746582,4
AOP,images/AOP/02493.jpg,AOP/02493.jpg,5.947742462158203,4
AOP,images/AOP/01536.jpg,AOP/01536.jpg,5.942508220672607,4
AOP,images/AOP/00026.jpg,AOP/00026.jpg,5.941441535949707,4
AOP,images/AOP/03156.jpg,AOP/03156.jpg,5.939943313598633,4
AOP,images/AOP/03157.jpg,AOP/03157.jpg,5.939943313598633,4
AOP,images/AOP/01087.jpg,AOP/01087.jpg,5.939332008361816,4
AOP,images/AOP/01251.jpg,AOP/01251.jpg,5.938567161560059,4
AOP,images/AOP/03103.jpg,AOP/03103.jpg,5.9381489753723145,4
AOP,images/AOP/03104.jpg,AOP/03104.jpg,5.9381489753723145,4
AOP,images/AOP/01913.jpg,AOP/01913.jpg,5.938137054443359,4
AOP,images/AOP/03100.jpg,AOP/03100.jpg,5.935894966125488,4
AOP,images/AOP/02800.jpg,AOP/02800.jpg,5.934939861297607,4
AOP,images/AOP/01984.jpg,AOP/01984.jpg,5.9343342781066895,4
AOP,images/AOP/03923.jpg,AOP/03923.jpg,5.9326887130737305,4
AOP,images/AOP/01988.jpg,AOP/01988.jpg,5.931603908538818,4
AOP,images/AOP/02711.jpg,AOP/02711.jpg,5.92943000793457,4
AOP,images/AOP/00826.jpg,AOP/00826.jpg,5.928117752075195,4
AOP,images/AOP/00827.jpg,AOP/00827.jpg,5.928117752075195,4
AOP,images/AOP/02803.jpg,AOP/02803.jpg,5.928111553192139,4
AOP,images/AOP/02603.jpg,AOP/02603.jpg,5.927727699279785,4
AOP,images/AOP/01458.jpg,AOP/01458.jpg,5.924820899963379,4
AOP,images/AOP/03697.jpg,AOP/03697.jpg,5.924813270568848,4
AOP,images/AOP/02273.jpg,AOP/02273.jpg,5.924463272094727,4
AOP,images/AOP/01220.jpg,AOP/01220.jpg,5.922483921051025,4
AOP,images/AOP/02310.jpg,AOP/02310.jpg,5.921611309051514,4
AOP,images/AOP/02461.jpg,AOP/02461.jpg,5.918670654296875,4
AOP,images/AOP/02066.jpg,AOP/02066.jpg,5.918298244476318,4
AOP,images/AOP/02117.jpg,AOP/02117.jpg,5.917697906494141,4
AOP,images/AOP/03473.jpg,AOP/03473.jpg,5.913918495178223,4
AOP,images/AOP/03475.jpg,AOP/03475.jpg,5.913918495178223,4
AOP,images/AOP/03476.jpg,AOP/03476.jpg,5.913918495178223,4
AOP,images/AOP/03477.jpg,AOP/03477.jpg,5.913918495178223,4
AOP,images/AOP/03478.jpg,AOP/03478.jpg,5.913918495178223,4
AOP,images/AOP/03479.jpg,AOP/03479.jpg,5.913918495178223,4
AOP,images/AOP/03985.jpg,AOP/03985.jpg,5.912247657775879,4
AOP,images/AOP/03185.jpg,AOP/03185.jpg,5.91062068939209,4
AOP,images/AOP/03196.jpg,AOP/03196.jpg,5.91062068939209,4
AOP,images/AOP/02814.jpg,AOP/02814.jpg,5.907540798187256,4
AOP,images/AOP/00993.jpg,AOP/00993.jpg,5.907161712646484,4
AOP,images/AOP/02091.jpg,AOP/02091.jpg,5.9070963859558105,4
AOP,images/AOP/02209.jpg,AOP/02209.jpg,5.906460762023926,4
AOP,images/AOP/01756.jpg,AOP/01756.jpg,5.904760360717773,4
AOP,images/AOP/03846.jpg,AOP/03846.jpg,5.9030256271362305,4
AOP,images/AOP/02940.jpg,AOP/02940.jpg,5.902442932128906,4
AOP,images/AOP/01847.jpg,AOP/01847.jpg,5.899474143981934,4
AOP,images/AOP/01858.jpg,AOP/01858.jpg,5.899474143981934,4
AOP,images/AOP/01247.jpg,AOP/01247.jpg,5.899003028869629,4
AOP,images/AOP/01515.jpg,AOP/01515.jpg,5.895206451416016,4
AOP,images/AOP/03679.jpg,AOP/03679.jpg,5.891349792480469,4
AOP,images/AOP/01518.jpg,AOP/01518.jpg,5.88443660736084,4
AOP,images/AOP/02183.jpg,AOP/02183.jpg,5.88145112991333,4
AOP,images/AOP/00803.jpg,AOP/00803.jpg,5.879647731781006,4
AOP,images/AOP/02827.jpg,AOP/02827.jpg,5.8792524337768555,4
AOP,images/AOP/03876.jpg,AOP/03876.jpg,5.878793716430664,4
AOP,images/AOP/00528.jpg,AOP/00528.jpg,5.878408432006836,4
AOP,images/AOP/00529.jpg,AOP/00529.jpg,5.878408432006836,4
AOP,images/AOP/00530.jpg,AOP/00530.jpg,5.878408432006836,4
AOP,images/AOP/00531.jpg,AOP/00531.jpg,5.878408432006836,4
AOP,images/AOP/00532.jpg,AOP/00532.jpg,5.878408432006836,4
AOP,images/AOP/00840.jpg,AOP/00840.jpg,5.876253128051758,4
AOP,images/AOP/00345.jpg,AOP/00345.jpg,5.874020099639893,4
AOP,images/AOP/02946.jpg,AOP/02946.jpg,5.872886657714844,4
AOP,images/AOP/00278.jpg,AOP/00278.jpg,5.866737365722656,4
AOP,images/AOP/02978.jpg,AOP/02978.jpg,5.866708755493164,4
AOP,images/AOP/02979.jpg,AOP/02979.jpg,5.866708755493164,4
AOP,images/AOP/00362.jpg,AOP/00362.jpg,5.864815711975098,4
AOP,images/AOP/03096.jpg,AOP/03096.jpg,5.861626625061035,4
AOP,images/AOP/03097.jpg,AOP/03097.jpg,5.861626625061035,4
AOP,images/AOP/00659.jpg,AOP/00659.jpg,5.861501693725586,4
AOP,images/AOP/00662.jpg,AOP/00662.jpg,5.861501693725586,4
AOP,images/AOP/00663.jpg,AOP/00663.jpg,5.861501693725586,4
AOP,images/AOP/01527.jpg,AOP/01527.jpg,5.861369609832764,4
AOP,images/AOP/01880.jpg,AOP/01880.jpg,5.8597517013549805,4
AOP,images/AOP/01706.jpg,AOP/01706.jpg,5.859495162963867,4
AOP,images/AOP/02987.jpg,AOP/02987.jpg,5.8519697189331055,4
AOP,images/AOP/02988.jpg,AOP/02988.jpg,5.8519697189331055,4
AOP,images/AOP/00852.jpg,AOP/00852.jpg,5.849417686462402,4
AOP,images/AOP/02599.jpg,AOP/02599.jpg,5.848384380340576,4
AOP,images/AOP/02298.jpg,AOP/02298.jpg,5.84743595123291,4
AOP,images/AOP/02154.jpg,AOP/02154.jpg,5.84609317779541,4
AOP,images/AOP/02307.jpg,AOP/02307.jpg,5.845669746398926,4
AOP,images/AOP/02932.jpg,AOP/02932.jpg,5.8419976234436035,4
AOP,images/AOP/00383.jpg,AOP/00383.jpg,5.8414764404296875,4
AOP,images/AOP/03792.jpg,AOP/03792.jpg,5.838725566864014,4
AOP,images/AOP/03513.jpg,AOP/03513.jpg,5.835636138916016,4
AOP,images/AOP/03107.jpg,AOP/03107.jpg,5.83538818359375,4
AOP,images/AOP/03873.jpg,AOP/03873.jpg,5.833293914794922,4
AOP,images/AOP/03854.jpg,AOP/03854.jpg,5.830206871032715,4
AOP,images/AOP/02233.jpg,AOP/02233.jpg,5.829780578613281,4
AOP,images/AOP/01243.jpg,AOP/01243.jpg,5.8245344161987305,4
AOP,images/AOP/00875.jpg,AOP/00875.jpg,5.822821617126465,4
AOP,images/AOP/00880.jpg,AOP/00880.jpg,5.822821617126465,4
AOP,images/AOP/00882.jpg,AOP/00882.jpg,5.822821617126465,4
AOP,images/AOP/01792.jpg,AOP/01792.jpg,5.821507453918457,4
AOP,images/AOP/01999.jpg,AOP/01999.jpg,5.819066047668457,4
AOP,images/AOP/03459.jpg,AOP/03459.jpg,5.815629959106445,4
AOP,images/AOP/03961.jpg,AOP/03961.jpg,5.815523147583008,4
AOP,images/AOP/02859.jpg,AOP/02859.jpg,5.814691066741943,4
AOP,images/AOP/00055.jpg,AOP/00055.jpg,5.812753677368164,4
AOP,images/AOP/00056.jpg,AOP/00056.jpg,5.812753677368164,4
AOP,images/AOP/00057.jpg,AOP/00057.jpg,5.812753677368164,4
AOP,images/AOP/03081.jpg,AOP/03081.jpg,5.81261682510376,4
AOP,images/AOP/02419.jpg,AOP/02419.jpg,5.809871673583984,4
AOP,images/AOP/00368.jpg,AOP/00368.jpg,5.809545516967773,4
AOP,images/AOP/01236.jpg,AOP/01236.jpg,5.809242248535156,4
AOP,images/AOP/02374.jpg,AOP/02374.jpg,5.803045749664307,4
AOP,images/AOP/00370.jpg,AOP/00370.jpg,5.802339553833008,4
AOP,images/AOP/02771.jpg,AOP/02771.jpg,5.8011345863342285,4
AOP,images/AOP/01103.jpg,AOP/01103.jpg,5.799413681030273,4
AOP,images/AOP/03685.jpg,AOP/03685.jpg,5.7958221435546875,4
AOP,images/AOP/01651.jpg,AOP/01651.jpg,5.795365333557129,4
AOP,images/AOP/02382.jpg,AOP/02382.jpg,5.795062065124512,4
AOP,images/AOP/01621.jpg,AOP/01621.jpg,5.789972305297852,4
AOP,images/AOP/01806.jpg,AOP/01806.jpg,5.789262294769287,4
AOP,images/AOP/03650.jpg,AOP/03650.jpg,5.787212371826172,4
AOP,images/AOP/03968.jpg,AOP/03968.jpg,5.784934043884277,4
AOP,images/AOP/02750.jpg,AOP/02750.jpg,5.778010368347168,4
AOP,images/AOP/01405.jpg,AOP/01405.jpg,5.776301860809326,4
AOP,images/AOP/01588.jpg,AOP/01588.jpg,5.770692825317383,4
AOP,images/AOP/01347.jpg,AOP/01347.jpg,5.768298625946045,4
AOP,images/AOP/02909.jpg,AOP/02909.jpg,5.768043518066406,4
AOP,images/AOP/00513.jpg,AOP/00513.jpg,5.7661285400390625,4
AOP,images/AOP/00514.jpg,AOP/00514.jpg,5.7661285400390625,4
AOP,images/AOP/01126.jpg,AOP/01126.jpg,5.763856887817383,4
AOP,images/AOP/03692.jpg,AOP/03692.jpg,5.759285926818848,4
AOP,images/AOP/00174.jpg,AOP/00174.jpg,5.757271766662598,4
AOP,images/AOP/02191.jpg,AOP/02191.jpg,5.7569756507873535,4
AOP,images/AOP/00361.jpg,AOP/00361.jpg,5.756333827972412,4
AOP,images/AOP/01978.jpg,AOP/01978.jpg,5.755179405212402,4
AOP,images/AOP/02829.jpg,AOP/02829.jpg,5.754246234893799,4
AOP,images/AOP/02848.jpg,AOP/02848.jpg,5.753641128540039,4
AOP,images/AOP/00403.jpg,AOP/00403.jpg,5.753320693969727,4
AOP,images/AOP/01535.jpg,AOP/01535.jpg,5.7521843910217285,4
AOP,images/AOP/02392.jpg,AOP/02392.jpg,5.750823974609375,4
AOP,images/AOP/01602.jpg,AOP/01602.jpg,5.750014305114746,4
AOP,images/AOP/01110.jpg,AOP/01110.jpg,5.748954772949219,4
AOP,images/AOP/01902.jpg,AOP/01902.jpg,5.7476348876953125,4
AOP,images/AOP/01222.jpg,AOP/01222.jpg,5.7406158447265625,4
AOP,images/AOP/01828.jpg,AOP/01828.jpg,5.738630294799805,4
AOP,images/AOP/02251.jpg,AOP/02251.jpg,5.737434387207031,4
AOP,images/AOP/02876.jpg,AOP/02876.jpg,5.736647605895996,4
AOP,images/AOP/02613.jpg,AOP/02613.jpg,5.733487606048584,4
AOP,images/AOP/01737.jpg,AOP/01737.jpg,5.731876373291016,4
AOP,images/AOP/02309.jpg,AOP/02309.jpg,5.727992057800293,4
AOP,images/AOP/02088.jpg,AOP/02088.jpg,5.726835250854492,4
AOP,images/AOP/01543.jpg,AOP/01543.jpg,5.725622653961182,4
AOP,images/AOP/03110.jpg,AOP/03110.jpg,5.7249016761779785,4
AOP,images/AOP/03111.jpg,AOP/03111.jpg,5.7249016761779785,4
AOP,images/AOP/02011.jpg,AOP/02011.jpg,5.723763465881348,4
AOP,images/AOP/03736.jpg,AOP/03736.jpg,5.722962379455566,4
AOP,images/AOP/01325.jpg,AOP/01325.jpg,5.719865798950195,4
AOP,images/AOP/02916.jpg,AOP/02916.jpg,5.717663764953613,4
AOP,images/AOP/01583.jpg,AOP/01583.jpg,5.716583251953125,4
AOP,images/AOP/02958.jpg,AOP/02958.jpg,5.714756965637207,4
AOP,images/AOP/02959.jpg,AOP/02959.jpg,5.714756965637207,4
AOP,images/AOP/02669.jpg,AOP/02669.jpg,5.714330196380615,4
AOP,images/AOP/01344.jpg,AOP/01344.jpg,5.714025497436523,4
AOP,images/AOP/01345.jpg,AOP/01345.jpg,5.714025497436523,4
AOP,images/AOP/01346.jpg,AOP/01346.jpg,5.714025497436523,4
AOP,images/AOP/01401.jpg,AOP/01401.jpg,5.714025497436523,4
AOP,images/AOP/01348.jpg,AOP/01348.jpg,5.713024139404297,4
AOP,images/AOP/03647.jpg,AOP/03647.jpg,5.712985992431641,4
AOP,images/AOP/02435.jpg,AOP/02435.jpg,5.711582183837891,4
AOP,images/AOP/00563.jpg,AOP/00563.jpg,5.711492538452148,4
AOP,images/AOP/03497.jpg,AOP/03497.jpg,5.709905624389648,4
AOP,images/AOP/03498.jpg,AOP/03498.jpg,5.709905624389648,4
AOP,images/AOP/03499.jpg,AOP/03499.jpg,5.709905624389648,4
AOP,images/AOP/03500.jpg,AOP/03500.jpg,5.709905624389648,4
AOP,images/AOP/03501.jpg,AOP/03501.jpg,5.709905624389648,4
AOP,images/AOP/00522.jpg,AOP/00522.jpg,5.707895278930664,4
AOP,images/AOP/03713.jpg,AOP/03713.jpg,5.707780838012695,4
AOP,images/AOP/03227.jpg,AOP/03227.jpg,5.707071781158447,4
AOP,images/AOP/03228.jpg,AOP/03228.jpg,5.707071781158447,4
AOP,images/AOP/02811.jpg,AOP/02811.jpg,5.706245422363281,4
AOP,images/AOP/02265.jpg,AOP/02265.jpg,5.7058329582214355,4
AOP,images/AOP/00466.jpg,AOP/00466.jpg,5.70427131652832,4
AOP,images/AOP/02384.jpg,AOP/02384.jpg,5.701725482940674,4
AOP,images/AOP/01368.jpg,AOP/01368.jpg,5.699522018432617,4
AOP,images/AOP/03252.jpg,AOP/03252.jpg,5.693264007568359,4
AOP,images/AOP/01528.jpg,AOP/01528.jpg,5.691244602203369,4
AOP,images/AOP/00830.jpg,AOP/00830.jpg,5.691166400909424,4
AOP,images/AOP/00465.jpg,AOP/00465.jpg,5.68918514251709,4
AOP,images/AOP/02204.jpg,AOP/02204.jpg,5.687850475311279,4
AOP,images/AOP/03733.jpg,AOP/03733.jpg,5.684752464294434,4
AOP,images/AOP/03204.jpg,AOP/03204.jpg,5.684216022491455,4
AOP,images/AOP/03205.jpg,AOP/03205.jpg,5.684216022491455,4
AOP,images/AOP/01463.jpg,AOP/01463.jpg,5.68263053894043,4
AOP,images/AOP/01724.jpg,AOP/01724.jpg,5.6811676025390625,4
AOP,images/AOP/01794.jpg,AOP/01794.jpg,5.679426193237305,4
AOP,images/AOP/03466.jpg,AOP/03466.jpg,5.678767681121826,4
AOP,images/AOP/02580.jpg,AOP/02580.jpg,5.677901744842529,4
AOP,images/AOP/03461.jpg,AOP/03461.jpg,5.676899433135986,4
AOP,images/AOP/03704.jpg,AOP/03704.jpg,5.674386978149414,4
AOP,images/AOP/00295.jpg,AOP/00295.jpg,5.674127101898193,4
AOP,images/AOP/00890.jpg,AOP/00890.jpg,5.674029350280762,4
AOP,images/AOP/02316.jpg,AOP/02316.jpg,5.66887903213501,4
AOP,images/AOP/02869.jpg,AOP/02869.jpg,5.666596412658691,4
AOP,images/AOP/01678.jpg,AOP/01678.jpg,5.6661481857299805,4
AOP,images/AOP/02993.jpg,AOP/02993.jpg,5.665107727050781,4
AOP,images/AOP/02994.jpg,AOP/02994.jpg,5.665107727050781,4
AOP,images/AOP/02995.jpg,AOP/02995.jpg,5.665107727050781,4
AOP,images/AOP/03457.jpg,AOP/03457.jpg,5.653712272644043,4
AOP,images/AOP/03458.jpg,AOP/03458.jpg,5.653712272644043,4
AOP,images/AOP/02345.jpg,AOP/02345.jpg,5.653378486633301,4
AOP,images/AOP/01726.jpg,AOP/01726.jpg,5.653017044067383,4
AOP,images/AOP/01785.jpg,AOP/01785.jpg,5.6515793800354,4
AOP,images/AOP/02819.jpg,AOP/02819.jpg,5.649859428405762,4
AOP,images/AOP/01068.jpg,AOP/01068.jpg,5.64885950088501,4
AOP,images/AOP/02513.jpg,AOP/02513.jpg,5.647562026977539,4
AOP,images/AOP/01576.jpg,AOP/01576.jpg,5.647409439086914,4
AOP,images/AOP/01211.jpg,AOP/01211.jpg,5.646531105041504,4
AOP,images/AOP/03734.jpg,AOP/03734.jpg,5.6451640129089355,4
AOP,images/AOP/03735.jpg,AOP/03735.jpg,5.6451640129089355,4
AOP,images/AOP/00381.jpg,AOP/00381.jpg,5.643840789794922,4
AOP,images/AOP/01118.jpg,AOP/01118.jpg,5.641293525695801,4
AOP,images/AOP/01119.jpg,AOP/01119.jpg,5.641293525695801,4
AOP,images/AOP/01966.jpg,AOP/01966.jpg,5.641149044036865,4
AOP,images/AOP/02391.jpg,AOP/02391.jpg,5.638176918029785,4
AOP,images/AOP/00494.jpg,AOP/00494.jpg,5.636873245239258,4
AOP,images/AOP/03291.jpg,AOP/03291.jpg,5.636185646057129,4
AOP,images/AOP/03292.jpg,AOP/03292.jpg,5.636185646057129,4
AOP,images/AOP/02479.jpg,AOP/02479.jpg,5.635944843292236,4
AOP,images/AOP/03906.jpg,AOP/03906.jpg,5.635324478149414,4
AOP,images/AOP/02228.jpg,AOP/02228.jpg,5.635194301605225,4
AOP,images/AOP/01299.jpg,AOP/01299.jpg,5.632704734802246,4
AOP,images/AOP/03702.jpg,AOP/03702.jpg,5.631720066070557,4
AOP,images/AOP/01566.jpg,AOP/01566.jpg,5.631569862365723,4
AOP,images/AOP/01894.jpg,AOP/01894.jpg,5.6287336349487305,4
AOP,images/AOP/03142.jpg,AOP/03142.jpg,5.6250410079956055,4
AOP,images/AOP/01768.jpg,AOP/01768.jpg,5.621689319610596,4
AOP,images/AOP/00492.jpg,AOP/00492.jpg,5.619742393493652,4
AOP,images/AOP/03011.jpg,AOP/03011.jpg,5.616937637329102,4
AOP,images/AOP/02991.jpg,AOP/02991.jpg,5.615983963012695,4
AOP,images/AOP/03417.jpg,AOP/03417.jpg,5.615069389343262,4
AOP,images/AOP/03418.jpg,AOP/03418.jpg,5.615069389343262,4
AOP,images/AOP/03419.jpg,AOP/03419.jpg,5.615069389343262,4
AOP,images/AOP/03420.jpg,AOP/03420.jpg,5.615069389343262,4
AOP,images/AOP/02106.jpg,AOP/02106.jpg,5.614377498626709,4
AOP,images/AOP/00913.jpg,AOP/00913.jpg,5.613188743591309,4
AOP,images/AOP/00231.jpg,AOP/00231.jpg,5.612543106079102,4
AOP,images/AOP/03665.jpg,AOP/03665.jpg,5.612124443054199,4
AOP,images/AOP/02891.jpg,AOP/02891.jpg,5.611144065856934,4
AOP,images/AOP/02947.jpg,AOP/02947.jpg,5.609230995178223,4
AOP,images/AOP/02223.jpg,AOP/02223.jpg,5.608334541320801,4
AOP,images/AOP/03496.jpg,AOP/03496.jpg,5.603635311126709,4
AOP,images/AOP/02471.jpg,AOP/02471.jpg,5.598353385925293,4
AOP,images/AOP/01208.jpg,AOP/01208.jpg,5.597622394561768,4
AOP,images/AOP/01482.jpg,AOP/01482.jpg,5.592895984649658,4
AOP,images/AOP/00464.jpg,AOP/00464.jpg,5.592173099517822,4
AOP,images/AOP/03504.jpg,AOP/03504.jpg,5.591763973236084,4
AOP,images/AOP/03505.jpg,AOP/03505.jpg,5.591763973236084,4
AOP,images/AOP/02975.jpg,AOP/02975.jpg,5.585384845733643,4
AOP,images/AOP/01146.jpg,AOP/01146.jpg,5.584975719451904,4
AOP,images/AOP/01153.jpg,AOP/01153.jpg,5.584975719451904,4
AOP,images/AOP/03860.jpg,AOP/03860.jpg,5.584914684295654,4
AOP,images/AOP/02227.jpg,AOP/02227.jpg,5.583037376403809,4
AOP,images/AOP/02475.jpg,AOP/02475.jpg,5.582627296447754,4
AOP,images/AOP/00220.jpg,AOP/00220.jpg,5.577465534210205,4
AOP,images/AOP/02087.jpg,AOP/02087.jpg,5.576577186584473,4
AOP,images/AOP/02530.jpg,AOP/02530.jpg,5.576077938079834,4
AOP,images/AOP/00363.jpg,AOP/00363.jpg,5.574936389923096,4
AOP,images/AOP/00831.jpg,AOP/00831.jpg,5.569572925567627,4
AOP,images/AOP/02660.jpg,AOP/02660.jpg,5.569060325622559,4
AOP,images/AOP/01488.jpg,AOP/01488.jpg,5.568987846374512,4
AOP,images/AOP/03192.jpg,AOP/03192.jpg,5.566127777099609,4
AOP,images/AOP/03193.jpg,AOP/03193.jpg,5.566127777099609,4
AOP,images/AOP/00810.jpg,AOP/00810.jpg,5.565073013305664,4
AOP,images/AOP/02278.jpg,AOP/02278.jpg,5.557726860046387,4
AOP,images/AOP/00447.jpg,AOP/00447.jpg,5.557527542114258,4
AOP,images/AOP/00448.jpg,AOP/00448.jpg,5.557527542114258,4
AOP,images/AOP/00449.jpg,AOP/00449.jpg,5.557527542114258,4
AOP,images/AOP/00450.jpg,AOP/00450.jpg,5.557527542114258,4
AOP,images/AOP/00451.jpg,AOP/00451.jpg,5.557527542114258,4
AOP,images/AOP/00454.jpg,AOP/00454.jpg,5.557527542114258,4
AOP,images/AOP/00456.jpg,AOP/00456.jpg,5.557527542114258,4
AOP,images/AOP/00458.jpg,AOP/00458.jpg,5.557527542114258,4
AOP,images/AOP/00459.jpg,AOP/00459.jpg,5.557527542114258,4
AOP,images/AOP/00460.jpg,AOP/00460.jpg,5.557527542114258,4
AOP,images/AOP/02938.jpg,AOP/02938.jpg,5.556000232696533,4
AOP,images/AOP/01748.jpg,AOP/01748.jpg,5.555602073669434,4
AOP,images/AOP/02646.jpg,AOP/02646.jpg,5.554590225219727,4
AOP,images/AOP/02323.jpg,AOP/02323.jpg,5.554185390472412,4
AOP,images/AOP/02351.jpg,AOP/02351.jpg,5.552120208740234,4
AOP,images/AOP/01359.jpg,AOP/01359.jpg,5.550161838531494,4
AOP,images/AOP/02016.jpg,AOP/02016.jpg,5.548981666564941,4
AOP,images/AOP/00090.jpg,AOP/00090.jpg,5.547452926635742,4
AOP,images/AOP/00951.jpg,AOP/00951.jpg,5.546728134155273,4
AOP,images/AOP/00087.jpg,AOP/00087.jpg,5.5451884269714355,4
AOP,images/AOP/02245.jpg,AOP/02245.jpg,5.544732093811035,4
AOP,images/AOP/01513.jpg,AOP/01513.jpg,5.5427656173706055,4
AOP,images/AOP/03695.jpg,AOP/03695.jpg,5.539310455322266,4
AOP,images/AOP/02353.jpg,AOP/02353.jpg,5.539085388183594,4
AOP,images/AOP/00075.jpg,AOP/00075.jpg,5.535307884216309,4
AOP,images/AOP/00697.jpg,AOP/00697.jpg,5.532164573669434,4
AOP,images/AOP/03465.jpg,AOP/03465.jpg,5.528871536254883,4
AOP,images/AOP/03467.jpg,AOP/03467.jpg,5.528871536254883,4
AOP,images/AOP/00198.jpg,AOP/00198.jpg,5.523663520812988,4
AOP,images/AOP/02985.jpg,AOP/02985.jpg,5.520696640014648,4
AOP,images/AOP/02986.jpg,AOP/02986.jpg,5.520696640014648,4
AOP,images/AOP/02611.jpg,AOP/02611.jpg,5.520552158355713,4
AOP,images/AOP/01613.jpg,AOP/01613.jpg,5.519918918609619,4
AOP,images/AOP/00380.jpg,AOP/00380.jpg,5.515498161315918,4
AOP,images/AOP/00739.jpg,AOP/00739.jpg,5.514941215515137,4
AOP,images/AOP/00742.jpg,AOP/00742.jpg,5.514941215515137,4
AOP,images/AOP/00744.jpg,AOP/00744.jpg,5.514941215515137,4
AOP,images/AOP/01259.jpg,AOP/01259.jpg,5.506196022033691,4
AOP,images/AOP/01799.jpg,AOP/01799.jpg,5.503420829772949,4
AOP,images/AOP/00959.jpg,AOP/00959.jpg,5.5027642250061035,4
AOP,images/AOP/00960.jpg,AOP/00960.jpg,5.5027642250061035,4
AOP,images/AOP/00961.jpg,AOP/00961.jpg,5.5027642250061035,4
AOP,images/AOP/00847.jpg,AOP/00847.jpg,5.501528739929199,4
AOP,images/AOP/02910.jpg,AOP/02910.jpg,5.499981880187988,4
AOP,images/AOP/01891.jpg,AOP/01891.jpg,5.499491214752197,4
AOP,images/AOP/02035.jpg,AOP/02035.jpg,5.498810768127441,4
AOP,images/AOP/01555.jpg,AOP/01555.jpg,5.497812271118164,4
AOP,images/AOP/02346.jpg,AOP/02346.jpg,5.497786521911621,4
AOP,images/AOP/02158.jpg,AOP/02158.jpg,5.497348785400391,4
AOP,images/AOP/01867.jpg,AOP/01867.jpg,5.4961957931518555,4
AOP,images/AOP/01903.jpg,AOP/01903.jpg,5.493808746337891,4
AOP,images/AOP/01375.jpg,AOP/01375.jpg,5.4921135902404785,4
AOP,images/AOP/03144.jpg,AOP/03144.jpg,5.490962028503418,4
AOP,images/AOP/01959.jpg,AOP/01959.jpg,5.488230228424072,4
AOP,images/AOP/01961.jpg,AOP/01961.jpg,5.488230228424072,4
AOP,images/AOP/02007.jpg,AOP/02007.jpg,5.488230228424072,4
AOP,images/AOP/02290.jpg,AOP/02290.jpg,5.484809875488281,4
AOP,images/AOP/03521.jpg,AOP/03521.jpg,5.4813232421875,4
AOP,images/AOP/03522.jpg,AOP/03522.jpg,5.4813232421875,4
AOP,images/AOP/03523.jpg,AOP/03523.jpg,5.4813232421875,4
AOP,images/AOP/03524.jpg,AOP/03524.jpg,5.4813232421875,4
AOP,images/AOP/03525.jpg,AOP/03525.jpg,5.4813232421875,4
AOP,images/AOP/03526.jpg,AOP/03526.jpg,5.4813232421875,4
AOP,images/AOP/03527.jpg,AOP/03527.jpg,5.4813232421875,4
AOP,images/AOP/03528.jpg,AOP/03528.jpg,5.4813232421875,4
AOP,images/AOP/03216.jpg,AOP/03216.jpg,5.477140426635742,4
AOP,images/AOP/03217.jpg,AOP/03217.jpg,5.477140426635742,4
AOP,images/AOP/03218.jpg,AOP/03218.jpg,5.477140426635742,4
AOP,images/AOP/00497.jpg,AOP/00497.jpg,5.4758100509643555,4
AOP,images/AOP/02414.jpg,AOP/02414.jpg,5.475648403167725,4
AOP,images/AOP/02277.jpg,AOP/02277.jpg,5.473884105682373,4
AOP,images/AOP/01886.jpg,AOP/01886.jpg,5.473693370819092,4
AOP,images/AOP/01675.jpg,AOP/01675.jpg,5.473459720611572,4
AOP,images/AOP/00344.jpg,AOP/00344.jpg,5.472553730010986,4
AOP,images/AOP/00987.jpg,AOP/00987.jpg,5.471639156341553,4
AOP,images/AOP/02520.jpg,AOP/02520.jpg,5.469562530517578,4
AOP,images/AOP/02643.jpg,AOP/02643.jpg,5.467262268066406,4
AOP,images/AOP/03575.jpg,AOP/03575.jpg,5.464792251586914,4
AOP,images/AOP/03312.jpg,AOP/03312.jpg,5.461399555206299,4
AOP,images/AOP/03313.jpg,AOP/03313.jpg,5.461399555206299,4
AOP,images/AOP/01623.jpg,AOP/01623.jpg,5.4558563232421875,4
AOP,images/AOP/01548.jpg,AOP/01548.jpg,5.45217227935791,4
AOP,images/AOP/03448.jpg,AOP/03448.jpg,5.44614315032959,4
AOP,images/AOP/03449.jpg,AOP/03449.jpg,5.44614315032959,4
AOP,images/AOP/02165.jpg,AOP/02165.jpg,5.444796085357666,4
AOP,images/AOP/03226.jpg,AOP/03226.jpg,5.44356632232666,4
AOP,images/AOP/01072.jpg,AOP/01072.jpg,5.443084716796875,4
AOP,images/AOP/01073.jpg,AOP/01073.jpg,5.443084716796875,4
AOP,images/AOP/01080.jpg,AOP/01080.jpg,5.443084716796875,4
AOP,images/AOP/01081.jpg,AOP/01081.jpg,5.443084716796875,4
AOP,images/AOP/00297.jpg,AOP/00297.jpg,5.442976474761963,4
AOP,images/AOP/00979.jpg,AOP/00979.jpg,5.442441940307617,4
AOP,images/AOP/01593.jpg,AOP/01593.jpg,5.441946983337402,4
AOP,images/AOP/00438.jpg,AOP/00438.jpg,5.441263198852539,4
AOP,images/AOP/00439.jpg,AOP/00439.jpg,5.441263198852539,4
AOP,images/AOP/00440.jpg,AOP/00440.jpg,5.441263198852539,4
AOP,images/AOP/01980.jpg,AOP/01980.jpg,5.435686111450195,4
AOP,images/AOP/02516.jpg,AOP/02516.jpg,5.433753967285156,4
AOP,images/AOP/02476.jpg,AOP/02476.jpg,5.433070182800293,4
AOP,images/AOP/02511.jpg,AOP/02511.jpg,5.429474353790283,4
AOP,images/AOP/02908.jpg,AOP/02908.jpg,5.429132461547852,4
AOP,images/AOP/00027.jpg,AOP/00027.jpg,5.427201271057129,4
AOP,images/AOP/01812.jpg,AOP/01812.jpg,5.425234794616699,4
AOP,images/AOP/01467.jpg,AOP/01467.jpg,5.424934387207031,4
AOP,images/AOP/02936.jpg,AOP/02936.jpg,5.4183549880981445,4
AOP,images/AOP/03579.jpg,AOP/03579.jpg,5.417205810546875,4
AOP,images/AOP/03580.jpg,AOP/03580.jpg,5.417205810546875,4
AOP,images/AOP/03581.jpg,AOP/03581.jpg,5.417205810546875,4
AOP,images/AOP/01253.jpg,AOP/01253.jpg,5.415191650390625,4
AOP,images/AOP/00884.jpg,AOP/00884.jpg,5.411857604980469,4
AOP,images/AOP/00885.jpg,AOP/00885.jpg,5.411857604980469,4
AOP,images/AOP/01709.jpg,AOP/01709.jpg,5.409972190856934,4
AOP,images/AOP/01935.jpg,AOP/01935.jpg,5.409008026123047,4
AOP,images/AOP/02318.jpg,AOP/02318.jpg,5.407497406005859,4
AOP,images/AOP/03089.jpg,AOP/03089.jpg,5.405623435974121,4
AOP,images/AOP/01927.jpg,AOP/01927.jpg,5.403093338012695,4
AOP,images/AOP/01977.jpg,AOP/01977.jpg,5.402701377868652,4
AOP,images/AOP/01210.jpg,AOP/01210.jpg,5.402523040771484,4
AOP,images/AOP/01060.jpg,AOP/01060.jpg,5.401923179626465,4
AOP,images/AOP/03277.jpg,AOP/03277.jpg,5.401872634887695,4
AOP,images/AOP/03289.jpg,AOP/03289.jpg,5.401872634887695,4
AOP,images/AOP/03290.jpg,AOP/03290.jpg,5.401872634887695,4
AOP,images/AOP/03293.jpg,AOP/03293.jpg,5.401872634887695,4
AOP,images/AOP/03294.jpg,AOP/03294.jpg,5.401872634887695,4
AOP,images/AOP/03324.jpg,AOP/03324.jpg,5.401872634887695,4
AOP,images/AOP/03325.jpg,AOP/03325.jpg,5.401872634887695,4
AOP,images/AOP/03326.jpg,AOP/03326.jpg,5.401872634887695,4
AOP,images/AOP/03327.jpg,AOP/03327.jpg,5.401872634887695,4
AOP,images/AOP/03328.jpg,AOP/03328.jpg,5.401872634887695,4
AOP,images/AOP/01558.jpg,AOP/01558.jpg,5.3987135887146,4
AOP,images/AOP/02494.jpg,AOP/02494.jpg,5.398136138916016,4
AOP,images/AOP/01873.jpg,AOP/01873.jpg,5.398019313812256,4
AOP,images/AOP/03468.jpg,AOP/03468.jpg,5.396989822387695,4
AOP,images/AOP/03480.jpg,AOP/03480.jpg,5.396989822387695,4
AOP,images/AOP/03481.jpg,AOP/03481.jpg,5.396989822387695,4
AOP,images/AOP/03487.jpg,AOP/03487.jpg,5.396989822387695,4
AOP,images/AOP/03488.jpg,AOP/03488.jpg,5.396989822387695,4
AOP,images/AOP/03489.jpg,AOP/03489.jpg,5.396989822387695,4
AOP,images/AOP/03490.jpg,AOP/03490.jpg,5.396989822387695,4
AOP,images/AOP/03493.jpg,AOP/03493.jpg,5.396989822387695,4
AOP,images/AOP/03494.jpg,AOP/03494.jpg,5.396989822387695,4
AOP,images/AOP/01280.jpg,AOP/01280.jpg,5.394975185394287,4
AOP,images/AOP/01281.jpg,AOP/01281.jpg,5.394975185394287,4
AOP,images/AOP/01282.jpg,AOP/01282.jpg,5.394975185394287,4
AOP,images/AOP/01217.jpg,AOP/01217.jpg,5.393734931945801,4
AOP,images/AOP/01718.jpg,AOP/01718.jpg,5.389488220214844,4
AOP,images/AOP/03214.jpg,AOP/03214.jpg,5.389190196990967,4
AOP,images/AOP/03215.jpg,AOP/03215.jpg,5.389190196990967,4
AOP,images/AOP/03098.jpg,AOP/03098.jpg,5.386226654052734,4
AOP,images/AOP/00407.jpg,AOP/00407.jpg,5.385808944702148,4
AOP,images/AOP/00904.jpg,AOP/00904.jpg,5.385407447814941,4
AOP,images/AOP/01657.jpg,AOP/01657.jpg,5.384316444396973,4
AOP,images/AOP/02598.jpg,AOP/02598.jpg,5.383125305175781,4
AOP,images/AOP/01019.jpg,AOP/01019.jpg,5.38206148147583,4
AOP,images/AOP/01202.jpg,AOP/01202.jpg,5.381054878234863,4
AOP,images/AOP/00369.jpg,AOP/00369.jpg,5.378786563873291,4
AOP,images/AOP/03739.jpg,AOP/03739.jpg,5.378071308135986,4
AOP,images/AOP/02638.jpg,AOP/02638.jpg,5.37579345703125,4
AOP,images/AOP/02639.jpg,AOP/02639.jpg,5.37579345703125,4
AOP,images/AOP/01430.jpg,AOP/01430.jpg,5.374868869781494,4
AOP,images/AOP/02203.jpg,AOP/02203.jpg,5.371777534484863,4
AOP,images/AOP/01665.jpg,AOP/01665.jpg,5.371413230895996,4
AOP,images/AOP/01862.jpg,AOP/01862.jpg,5.369145393371582,4
AOP,images/AOP/02653.jpg,AOP/02653.jpg,5.368390083312988,4
AOP,images/AOP/00854.jpg,AOP/00854.jpg,5.365992546081543,4
AOP,images/AOP/01614.jpg,AOP/01614.jpg,5.365350723266602,4
AOP,images/AOP/02141.jpg,AOP/02141.jpg,5.36241340637207,4
AOP,images/AOP/02143.jpg,AOP/02143.jpg,5.36241340637207,4
AOP,images/AOP/02652.jpg,AOP/02652.jpg,5.3622331619262695,4
AOP,images/AOP/02459.jpg,AOP/02459.jpg,5.362124443054199,4
AOP,images/AOP/01769.jpg,AOP/01769.jpg,5.360157489776611,4
AOP,images/AOP/01826.jpg,AOP/01826.jpg,5.359379768371582,4
AOP,images/AOP/01832.jpg,AOP/01832.jpg,5.359379768371582,4
AOP,images/AOP/03625.jpg,AOP/03625.jpg,5.3579511642456055,4
AOP,images/AOP/00905.jpg,AOP/00905.jpg,5.345896244049072,4
AOP,images/AOP/02328.jpg,AOP/02328.jpg,5.34500789642334,4
AOP,images/AOP/01547.jpg,AOP/01547.jpg,5.340909957885742,4
AOP,images/AOP/00177.jpg,AOP/00177.jpg,5.340271472930908,4
AOP,images/AOP/01333.jpg,AOP/01333.jpg,5.3386945724487305,4
AOP,images/AOP/01740.jpg,AOP/01740.jpg,5.337075233459473,4
AOP,images/AOP/03829.jpg,AOP/03829.jpg,5.335980415344238,4
AOP,images/AOP/01732.jpg,AOP/01732.jpg,5.334035396575928,4
AOP,images/AOP/02261.jpg,AOP/02261.jpg,5.330353736877441,4
AOP,images/AOP/00698.jpg,AOP/00698.jpg,5.327201843261719,4
AOP,images/AOP/01841.jpg,AOP/01841.jpg,5.325868606567383,4
AOP,images/AOP/00893.jpg,AOP/00893.jpg,5.325366973876953,4
AOP,images/AOP/01601.jpg,AOP/01601.jpg,5.320042610168457,4
AOP,images/AOP/02214.jpg,AOP/02214.jpg,5.3197712898254395,4
AOP,images/AOP/01276.jpg,AOP/01276.jpg,5.3194499015808105,4
AOP,images/AOP/00775.jpg,AOP/00775.jpg,5.314723014831543,4
AOP,images/AOP/00346.jpg,AOP/00346.jpg,5.314250469207764,4
AOP,images/AOP/02563.jpg,AOP/02563.jpg,5.310162544250488,4
AOP,images/AOP/00243.jpg,AOP/00243.jpg,5.303508281707764,4
AOP,images/AOP/02361.jpg,AOP/02361.jpg,5.301928997039795,4
AOP,images/AOP/00989.jpg,AOP/00989.jpg,5.299534320831299,4
AOP,images/AOP/02892.jpg,AOP/02892.jpg,5.297996520996094,4
AOP,images/AOP/02464.jpg,AOP/02464.jpg,5.297992706298828,4
AOP,images/AOP/03947.jpg,AOP/03947.jpg,5.292048454284668,4
AOP,images/AOP/00227.jpg,AOP/00227.jpg,5.292020797729492,4
AOP,images/AOP/00828.jpg,AOP/00828.jpg,5.290465354919434,4
AOP,images/AOP/00382.jpg,AOP/00382.jpg,5.286392688751221,4
AOP,images/AOP/02248.jpg,AOP/02248.jpg,5.286062240600586,4
AOP,images/AOP/02672.jpg,AOP/02672.jpg,5.285120487213135,4
AOP,images/AOP/00583.jpg,AOP/00583.jpg,5.28358268737793,4
AOP,images/AOP/02352.jpg,AOP/02352.jpg,5.279390335083008,4
AOP,images/AOP/02108.jpg,AOP/02108.jpg,5.2769365310668945,4
AOP,images/AOP/02992.jpg,AOP/02992.jpg,5.276345252990723,4
AOP,images/AOP/03721.jpg,AOP/03721.jpg,5.275017261505127,4
AOP,images/AOP/00203.jpg,AOP/00203.jpg,5.272757530212402,4
AOP,images/AOP/00093.jpg,AOP/00093.jpg,5.2722625732421875,4
AOP,images/AOP/01070.jpg,AOP/01070.jpg,5.263192176818848,4
AOP,images/AOP/01071.jpg,AOP/01071.jpg,5.263192176818848,4
AOP,images/AOP/02841.jpg,AOP/02841.jpg,5.262468338012695,4
AOP,images/AOP/00375.jpg,AOP/00375.jpg,5.261765480041504,4
AOP,images/AOP/01967.jpg,AOP/01967.jpg,5.261510372161865,4
AOP,images/AOP/00678.jpg,AOP/00678.jpg,5.261497974395752,4
AOP,images/AOP/03194.jpg,AOP/03194.jpg,5.260842800140381,4
AOP,images/AOP/01955.jpg,AOP/01955.jpg,5.259695529937744,4
AOP,images/AOP/00202.jpg,AOP/00202.jpg,5.258120536804199,4
AOP,images/AOP/01213.jpg,AOP/01213.jpg,5.255023002624512,4
AOP,images/AOP/01479.jpg,AOP/01479.jpg,5.252958297729492,4
AOP,images/AOP/01485.jpg,AOP/01485.jpg,5.252954959869385,4
AOP,images/AOP/00807.jpg,AOP/00807.jpg,5.251668930053711,4
AOP,images/AOP/00478.jpg,AOP/00478.jpg,5.251359939575195,4
AOP,images/AOP/00479.jpg,AOP/00479.jpg,5.251359939575195,4
AOP,images/AOP/00480.jpg,AOP/00480.jpg,5.251359939575195,4
AOP,images/AOP/03152.jpg,AOP/03152.jpg,5.249790191650391,4
AOP,images/AOP/01214.jpg,AOP/01214.jpg,5.241428852081299,4
AOP,images/AOP/02416.jpg,AOP/02416.jpg,5.240856170654297,4
AOP,images/AOP/00894.jpg,AOP/00894.jpg,5.237997531890869,4
AOP,images/AOP/01860.jpg,AOP/01860.jpg,5.234665870666504,4
AOP,images/AOP/02880.jpg,AOP/02880.jpg,5.232443332672119,4
AOP,images/AOP/00389.jpg,AOP/00389.jpg,5.231709957122803,4
AOP,images/AOP/02753.jpg,AOP/02753.jpg,5.23091983795166,4
AOP,images/AOP/02232.jpg,AOP/02232.jpg,5.226195335388184,4
AOP,images/AOP/00772.jpg,AOP/00772.jpg,5.226171493530273,4
AOP,images/AOP/00726.jpg,AOP/00726.jpg,5.224458694458008,4
AOP,images/AOP/01597.jpg,AOP/01597.jpg,5.2214226722717285,4
AOP,images/AOP/01829.jpg,AOP/01829.jpg,5.220118522644043,4
AOP,images/AOP/02532.jpg,AOP/02532.jpg,5.216742038726807,4
AOP,images/AOP/03590.jpg,AOP/03590.jpg,5.216724395751953,4
AOP,images/AOP/01533.jpg,AOP/01533.jpg,5.216451168060303,4
AOP,images/AOP/02185.jpg,AOP/02185.jpg,5.214776992797852,4
AOP,images/AOP/00846.jpg,AOP/00846.jpg,5.214554309844971,4
AOP,images/AOP/02399.jpg,AOP/02399.jpg,5.214275360107422,4
AOP,images/AOP/01511.jpg,AOP/01511.jpg,5.2122087478637695,4
AOP,images/AOP/00637.jpg,AOP/00637.jpg,5.21054744720459,4
AOP,images/AOP/02654.jpg,AOP/02654.jpg,5.208458423614502,4
AOP,images/AOP/02813.jpg,AOP/02813.jpg,5.2003631591796875,4
AOP,images/AOP/01795.jpg,AOP/01795.jpg,5.199549674987793,4
AOP,images/AOP/02093.jpg,AOP/02093.jpg,5.195869445800781,4
AOP,images/AOP/02948.jpg,AOP/02948.jpg,5.191043853759766,4
AOP,images/AOP/02291.jpg,AOP/02291.jpg,5.190906047821045,4
AOP,images/AOP/01013.jpg,AOP/01013.jpg,5.19059419631958,4
AOP,images/AOP/01870.jpg,AOP/01870.jpg,5.183692932128906,4
AOP,images/AOP/02065.jpg,AOP/02065.jpg,5.1828227043151855,4
AOP,images/AOP/02499.jpg,AOP/02499.jpg,5.178369522094727,4
AOP,images/AOP/02529.jpg,AOP/02529.jpg,5.178182125091553,4
AOP,images/AOP/01256.jpg,AOP/01256.jpg,5.176401615142822,4
AOP,images/AOP/00423.jpg,AOP/00423.jpg,5.17350959777832,4
AOP,images/AOP/01974.jpg,AOP/01974.jpg,5.1733808517456055,4
AOP,images/AOP/03663.jpg,AOP/03663.jpg,5.173111915588379,4
AOP,images/AOP/01069.jpg,AOP/01069.jpg,5.1723952293396,4
AOP,images/AOP/00845.jpg,AOP/00845.jpg,5.172064304351807,4
AOP,images/AOP/01193.jpg,AOP/01193.jpg,5.16834831237793,4
AOP,images/AOP/02788.jpg,AOP/02788.jpg,5.162726402282715,4
AOP,images/AOP/01844.jpg,AOP/01844.jpg,5.162535667419434,4
AOP,images/AOP/01378.jpg,AOP/01378.jpg,5.1589202880859375,4
AOP,images/AOP/01915.jpg,AOP/01915.jpg,5.152676582336426,4
AOP,images/AOP/01981.jpg,AOP/01981.jpg,5.151314735412598,4
AOP,images/AOP/03621.jpg,AOP/03621.jpg,5.145993232727051,4
AOP,images/AOP/03832.jpg,AOP/03832.jpg,5.145987033843994,4
AOP,images/AOP/01354.jpg,AOP/01354.jpg,5.142849445343018,4
AOP,images/AOP/02271.jpg,AOP/02271.jpg,5.141035079956055,4
AOP,images/AOP/00402.jpg,AOP/00402.jpg,5.138679027557373,4
AOP,images/AOP/00740.jpg,AOP/00740.jpg,5.136280536651611,4
AOP,images/AOP/02237.jpg,AOP/02237.jpg,5.130537986755371,4
AOP,images/AOP/03532.jpg,AOP/03532.jpg,5.122867584228516,4
AOP,images/AOP/03533.jpg,AOP/03533.jpg,5.122867584228516,4
AOP,images/AOP/03534.jpg,AOP/03534.jpg,5.122867584228516,4
AOP,images/AOP/03562.jpg,AOP/03562.jpg,5.122867584228516,4
AOP,images/AOP/03563.jpg,AOP/03563.jpg,5.122867584228516,4
AOP,images/AOP/02695.jpg,AOP/02695.jpg,5.121776580810547,4
AOP,images/AOP/00641.jpg,AOP/00641.jpg,5.120314121246338,4
AOP,images/AOP/01861.jpg,AOP/01861.jpg,5.117332935333252,4
AOP,images/AOP/01428.jpg,AOP/01428.jpg,5.115833282470703,4
AOP,images/AOP/00162.jpg,AOP/00162.jpg,5.109347343444824,4
AOP,images/AOP/03694.jpg,AOP/03694.jpg,5.1039347648620605,4
AOP,images/AOP/02762.jpg,AOP/02762.jpg,5.102015972137451,4
AOP,images/AOP/03190.jpg,AOP/03190.jpg,5.100285053253174,4
AOP,images/AOP/01328.jpg,AOP/01328.jpg,5.0999860763549805,4
AOP,images/AOP/02595.jpg,AOP/02595.jpg,5.098584175109863,4
AOP,images/AOP/03844.jpg,AOP/03844.jpg,5.097464561462402,4
AOP,images/AOP/01940.jpg,AOP/01940.jpg,5.097254276275635,4
AOP,images/AOP/00455.jpg,AOP/00455.jpg,5.091892719268799,4
AOP,images/AOP/00307.jpg,AOP/00307.jpg,5.091684818267822,4
AOP,images/AOP/01757.jpg,AOP/01757.jpg,5.091474533081055,4
AOP,images/AOP/03349.jpg,AOP/03349.jpg,5.088495254516602,4
AOP,images/AOP/02131.jpg,AOP/02131.jpg,5.088146209716797,4
AOP,images/AOP/02212.jpg,AOP/02212.jpg,5.087425231933594,4
AOP,images/AOP/01551.jpg,AOP/01551.jpg,5.078107833862305,4
AOP,images/AOP/03032.jpg,AOP/03032.jpg,5.0756425857543945,4
AOP,images/AOP/01002.jpg,AOP/01002.jpg,5.075110912322998,4
AOP,images/AOP/02505.jpg,AOP/02505.jpg,5.074460029602051,4
AOP,images/AOP/02001.jpg,AOP/02001.jpg,5.073583602905273,4
AOP,images/AOP/00284.jpg,AOP/00284.jpg,5.073389053344727,4
AOP,images/AOP/00844.jpg,AOP/00844.jpg,5.073080062866211,4
AOP,images/AOP/00348.jpg,AOP/00348.jpg,5.067627906799316,4
AOP,images/AOP/02883.jpg,AOP/02883.jpg,5.0671868324279785,4
AOP,images/AOP/03004.jpg,AOP/03004.jpg,5.061252117156982,4
AOP,images/AOP/03005.jpg,AOP/03005.jpg,5.061252117156982,4
AOP,images/AOP/03705.jpg,AOP/03705.jpg,5.0595903396606445,4
AOP,images/AOP/01791.jpg,AOP/01791.jpg,5.057100296020508,4
AOP,images/AOP/01373.jpg,AOP/01373.jpg,5.0555925369262695,4
AOP,images/AOP/00908.jpg,AOP/00908.jpg,5.052016735076904,4
AOP,images/AOP/00909.jpg,AOP/00909.jpg,5.052016735076904,4
AOP,images/AOP/00910.jpg,AOP/00910.jpg,5.052016735076904,4
AOP,images/AOP/00288.jpg,AOP/00288.jpg,5.049830913543701,4
AOP,images/AOP/01424.jpg,AOP/01424.jpg,5.0461578369140625,4
AOP,images/AOP/03553.jpg,AOP/03553.jpg,5.044219970703125,4
AOP,images/AOP/03554.jpg,AOP/03554.jpg,5.044219970703125,4
AOP,images/AOP/03556.jpg,AOP/03556.jpg,5.044219970703125,4
AOP,images/AOP/03557.jpg,AOP/03557.jpg,5.044219970703125,4
AOP,images/AOP/03558.jpg,AOP/03558.jpg,5.044219970703125,4
AOP,images/AOP/03559.jpg,AOP/03559.jpg,5.044219970703125,4
AOP,images/AOP/03564.jpg,AOP/03564.jpg,5.044219970703125,4
AOP,images/AOP/03565.jpg,AOP/03565.jpg,5.044219970703125,4
AOP,images/AOP/03566.jpg,AOP/03566.jpg,5.044219970703125,4
AOP,images/AOP/03567.jpg,AOP/03567.jpg,5.044219970703125,4
AOP,images/AOP/02616.jpg,AOP/02616.jpg,5.043387413024902,4
AOP,images/AOP/02386.jpg,AOP/02386.jpg,5.041440010070801,4
AOP,images/AOP/01192.jpg,AOP/01192.jpg,5.037899971008301,4
AOP,images/AOP/01221.jpg,AOP/01221.jpg,5.03468656539917,4
AOP,images/AOP/02096.jpg,AOP/02096.jpg,5.034298896789551,4
AOP,images/AOP/02098.jpg,AOP/02098.jpg,5.034298896789551,4
AOP,images/AOP/01102.jpg,AOP/01102.jpg,5.030381202697754,4
AOP,images/AOP/01006.jpg,AOP/01006.jpg,5.030294418334961,4
AOP,images/AOP/01007.jpg,AOP/01007.jpg,5.030294418334961,4
AOP,images/AOP/00329.jpg,AOP/00329.jpg,5.028632164001465,4
AOP,images/AOP/01713.jpg,AOP/01713.jpg,5.02544641494751,4
AOP,images/AOP/01452.jpg,AOP/01452.jpg,5.024753093719482,4
AOP,images/AOP/02608.jpg,AOP/02608.jpg,5.021437644958496,4
AOP,images/AOP/02498.jpg,AOP/02498.jpg,5.021012306213379,4
AOP,images/AOP/02541.jpg,AOP/02541.jpg,5.019954681396484,4
AOP,images/AOP/02920.jpg,AOP/02920.jpg,5.019657611846924,4
AOP,images/AOP/03182.jpg,AOP/03182.jpg,5.018964767456055,4
AOP,images/AOP/02912.jpg,AOP/02912.jpg,5.017116069793701,4
AOP,images/AOP/03730.jpg,AOP/03730.jpg,5.0155930519104,4
AOP,images/AOP/03731.jpg,AOP/03731.jpg,5.0155930519104,4
AOP,images/AOP/03720.jpg,AOP/03720.jpg,5.007174015045166,4
AOP,images/AOP/01833.jpg,AOP/01833.jpg,5.007001876831055,4
AOP,images/AOP/01435.jpg,AOP/01435.jpg,5.005494117736816,4
AOP,images/AOP/01436.jpg,AOP/01436.jpg,5.005494117736816,4
AOP,images/AOP/02844.jpg,AOP/02844.jpg,5.005281925201416,4
AOP,images/AOP/01550.jpg,AOP/01550.jpg,5.004022121429443,4
AOP,images/AOP/00756.jpg,AOP/00756.jpg,5.003528118133545,4
AOP,images/AOP/01916.jpg,AOP/01916.jpg,4.999550819396973,4
AOP,images/AOP/03756.jpg,AOP/03756.jpg,4.998496055603027,4
AOP,images/AOP/02655.jpg,AOP/02655.jpg,4.99761438369751,4
AOP,images/AOP/00377.jpg,AOP/00377.jpg,4.996974945068359,4
AOP,images/AOP/01933.jpg,AOP/01933.jpg,4.996474266052246,4
AOP,images/AOP/02539.jpg,AOP/02539.jpg,4.994521617889404,4
AOP,images/AOP/02242.jpg,AOP/02242.jpg,4.994096279144287,4
AOP,images/AOP/02033.jpg,AOP/02033.jpg,4.993629455566406,4
AOP,images/AOP/02034.jpg,AOP/02034.jpg,4.993629455566406,4
AOP,images/AOP/02645.jpg,AOP/02645.jpg,4.989219665527344,4
AOP,images/AOP/03169.jpg,AOP/03169.jpg,4.986660957336426,4
AOP,images/AOP/03170.jpg,AOP/03170.jpg,4.986660957336426,4
AOP,images/AOP/02293.jpg,AOP/02293.jpg,4.986201286315918,4
AOP,images/AOP/02736.jpg,AOP/02736.jpg,4.984928131103516,4
AOP,images/AOP/02737.jpg,AOP/02737.jpg,4.984928131103516,4
AOP,images/AOP/00911.jpg,AOP/00911.jpg,4.9835205078125,4
AOP,images/AOP/00912.jpg,AOP/00912.jpg,4.9835205078125,4
AOP,images/AOP/02956.jpg,AOP/02956.jpg,4.9731035232543945,4
AOP,images/AOP/02957.jpg,AOP/02957.jpg,4.9731035232543945,4
AOP,images/AOP/01412.jpg,AOP/01412.jpg,4.970839500427246,4
AOP,images/AOP/02405.jpg,AOP/02405.jpg,4.970645904541016,4
AOP,images/AOP/03145.jpg,AOP/03145.jpg,4.969364166259766,4
AOP,images/AOP/03146.jpg,AOP/03146.jpg,4.969364166259766,4
AOP,images/AOP/01264.jpg,AOP/01264.jpg,4.967262268066406,4
AOP,images/AOP/00867.jpg,AOP/00867.jpg,4.965398788452148,4
AOP,images/AOP/02157.jpg,AOP/02157.jpg,4.965114593505859,4
AOP,images/AOP/00039.jpg,AOP/00039.jpg,4.963091850280762,4
AOP,images/AOP/00040.jpg,AOP/00040.jpg,4.963091850280762,4
AOP,images/AOP/02481.jpg,AOP/02481.jpg,4.960341453552246,4
AOP,images/AOP/00895.jpg,AOP/00895.jpg,4.953393936157227,4
AOP,images/AOP/00896.jpg,AOP/00896.jpg,4.953393936157227,4
AOP,images/AOP/01387.jpg,AOP/01387.jpg,4.953056335449219,4
AOP,images/AOP/02512.jpg,AOP/02512.jpg,4.952605724334717,4
AOP,images/AOP/03869.jpg,AOP/03869.jpg,4.95075798034668,4
AOP,images/AOP/03718.jpg,AOP/03718.jpg,4.9467668533325195,4
AOP,images/AOP/02025.jpg,AOP/02025.jpg,4.943439483642578,4
AOP,images/AOP/03892.jpg,AOP/03892.jpg,4.940184593200684,4
AOP,images/AOP/00342.jpg,AOP/00342.jpg,4.940184116363525,4
AOP,images/AOP/01183.jpg,AOP/01183.jpg,4.939690113067627,4
AOP,images/AOP/02623.jpg,AOP/02623.jpg,4.939663887023926,4
AOP,images/AOP/03698.jpg,AOP/03698.jpg,4.938179016113281,4
AOP,images/AOP/02755.jpg,AOP/02755.jpg,4.935284614562988,4
AOP,images/AOP/01106.jpg,AOP/01106.jpg,4.933527946472168,4
AOP,images/AOP/02858.jpg,AOP/02858.jpg,4.9280853271484375,4
AOP,images/AOP/02397.jpg,AOP/02397.jpg,4.927066326141357,4
AOP,images/AOP/03893.jpg,AOP/03893.jpg,4.925972938537598,4
AOP,images/AOP/03371.jpg,AOP/03371.jpg,4.924832344055176,4
AOP,images/AOP/03372.jpg,AOP/03372.jpg,4.924832344055176,4
AOP,images/AOP/03373.jpg,AOP/03373.jpg,4.924832344055176,4
AOP,images/AOP/03374.jpg,AOP/03374.jpg,4.924832344055176,4
AOP,images/AOP/03375.jpg,AOP/03375.jpg,4.924832344055176,4
AOP,images/AOP/03376.jpg,AOP/03376.jpg,4.924832344055176,4
AOP,images/AOP/03377.jpg,AOP/03377.jpg,4.924832344055176,4
AOP,images/AOP/03410.jpg,AOP/03410.jpg,4.924832344055176,4
AOP,images/AOP/03411.jpg,AOP/03411.jpg,4.924832344055176,4
AOP,images/AOP/03412.jpg,AOP/03412.jpg,4.924832344055176,4
AOP,images/AOP/03413.jpg,AOP/03413.jpg,4.924832344055176,4
AOP,images/AOP/03414.jpg,AOP/03414.jpg,4.924832344055176,4
AOP,images/AOP/03415.jpg,AOP/03415.jpg,4.924832344055176,4
AOP,images/AOP/03416.jpg,AOP/03416.jpg,4.924832344055176,4
AOP,images/AOP/00343.jpg,AOP/00343.jpg,4.924710273742676,4
AOP,images/AOP/00609.jpg,AOP/00609.jpg,4.9239397048950195,4
AOP,images/AOP/03195.jpg,AOP/03195.jpg,4.923606872558594,4
AOP,images/AOP/02722.jpg,AOP/02722.jpg,4.921778202056885,4
AOP,images/AOP/01337.jpg,AOP/01337.jpg,4.9214091300964355,4
AOP,images/AOP/02247.jpg,AOP/02247.jpg,4.920846939086914,4
AOP,images/AOP/02279.jpg,AOP/02279.jpg,4.9105048179626465,4
AOP,images/AOP/01610.jpg,AOP/01610.jpg,4.907272815704346,4
AOP,images/AOP/03672.jpg,AOP/03672.jpg,4.904562950134277,4
AOP,images/AOP/01928.jpg,AOP/01928.jpg,4.901373863220215,4
AOP,images/AOP/00339.jpg,AOP/00339.jpg,4.900922775268555,4
AOP,images/AOP/03675.jpg,AOP/03675.jpg,4.9003825187683105,4
AOP,images/AOP/02147.jpg,AOP/02147.jpg,4.892908096313477,4
AOP,images/AOP/03969.jpg,AOP/03969.jpg,4.891757965087891,4
AOP,images/AOP/01357.jpg,AOP/01357.jpg,4.888267993927002,4
AOP,images/AOP/01358.jpg,AOP/01358.jpg,4.888267993927002,4
AOP,images/AOP/01433.jpg,AOP/01433.jpg,4.885632514953613,4
AOP,images/AOP/02266.jpg,AOP/02266.jpg,4.877696990966797,4
AOP,images/AOP/02663.jpg,AOP/02663.jpg,4.874529838562012,4
AOP,images/AOP/03609.jpg,AOP/03609.jpg,4.873175621032715,4
AOP,images/AOP/02576.jpg,AOP/02576.jpg,4.869685173034668,4
AOP,images/AOP/01620.jpg,AOP/01620.jpg,4.865666389465332,4
AOP,images/AOP/00112.jpg,AOP/00112.jpg,4.865037441253662,4
AOP,images/AOP/02299.jpg,AOP/02299.jpg,4.861940860748291,4
AOP,images/AOP/02761.jpg,AOP/02761.jpg,4.861299514770508,4
AOP,images/AOP/02756.jpg,AOP/02756.jpg,4.8597412109375,4
AOP,images/AOP/02729.jpg,AOP/02729.jpg,4.858603477478027,4
AOP,images/AOP/00287.jpg,AOP/00287.jpg,4.858213901519775,4
AOP,images/AOP/02231.jpg,AOP/02231.jpg,4.856380462646484,4
AOP,images/AOP/02944.jpg,AOP/02944.jpg,4.8548479080200195,4
AOP,images/AOP/02113.jpg,AOP/02113.jpg,4.853593826293945,4
AOP,images/AOP/01579.jpg,AOP/01579.jpg,4.853405952453613,4
AOP,images/AOP/02124.jpg,AOP/02124.jpg,4.852851867675781,4
AOP,images/AOP/02740.jpg,AOP/02740.jpg,4.85037899017334,4
AOP,images/AOP/00668.jpg,AOP/00668.jpg,4.848696708679199,4
AOP,images/AOP/02543.jpg,AOP/02543.jpg,4.844952583312988,4
AOP,images/AOP/00434.jpg,AOP/00434.jpg,4.844257354736328,4
AOP,images/AOP/02577.jpg,AOP/02577.jpg,4.843656539916992,4
AOP,images/AOP/01231.jpg,AOP/01231.jpg,4.841090202331543,4
AOP,images/AOP/01232.jpg,AOP/01232.jpg,4.841090202331543,4
AOP,images/AOP/01233.jpg,AOP/01233.jpg,4.841090202331543,4
AOP,images/AOP/02935.jpg,AOP/02935.jpg,4.84068489074707,4
AOP,images/AOP/01695.jpg,AOP/01695.jpg,4.836014270782471,4
AOP,images/AOP/01696.jpg,AOP/01696.jpg,4.836014270782471,4
AOP,images/AOP/03095.jpg,AOP/03095.jpg,4.835428237915039,4
AOP,images/AOP/02854.jpg,AOP/02854.jpg,4.834560871124268,4
AOP,images/AOP/03105.jpg,AOP/03105.jpg,4.832340717315674,4
AOP,images/AOP/03106.jpg,AOP/03106.jpg,4.832340717315674,4
AOP,images/AOP/02071.jpg,AOP/02071.jpg,4.830477714538574,4
AOP,images/AOP/01032.jpg,AOP/01032.jpg,4.830208778381348,4
AOP,images/AOP/01790.jpg,AOP/01790.jpg,4.824747562408447,4
AOP,images/AOP/01241.jpg,AOP/01241.jpg,4.821846961975098,4
AOP,images/AOP/01242.jpg,AOP/01242.jpg,4.821846961975098,4
AOP,images/AOP/01245.jpg,AOP/01245.jpg,4.821846961975098,4
AOP,images/AOP/00029.jpg,AOP/00029.jpg,4.821054935455322,4
AOP,images/AOP/02208.jpg,AOP/02208.jpg,4.815926551818848,4
AOP,images/AOP/00722.jpg,AOP/00722.jpg,4.815908432006836,4
AOP,images/AOP/02470.jpg,AOP/02470.jpg,4.813538074493408,4
AOP,images/AOP/02254.jpg,AOP/02254.jpg,4.812166690826416,4
AOP,images/AOP/03514.jpg,AOP/03514.jpg,4.811891555786133,4
AOP,images/AOP/03515.jpg,AOP/03515.jpg,4.811891555786133,4
AOP,images/AOP/03516.jpg,AOP/03516.jpg,4.811891555786133,4
AOP,images/AOP/03517.jpg,AOP/03517.jpg,4.811891555786133,4
AOP,images/AOP/03518.jpg,AOP/03518.jpg,4.811891555786133,4
AOP,images/AOP/03519.jpg,AOP/03519.jpg,4.811891555786133,4
AOP,images/AOP/03520.jpg,AOP/03520.jpg,4.811891555786133,4
AOP,images/AOP/03529.jpg,AOP/03529.jpg,4.811891555786133,4
AOP,images/AOP/03530.jpg,AOP/03530.jpg,4.811891555786133,4
AOP,images/AOP/03531.jpg,AOP/03531.jpg,4.811891555786133,4
AOP,images/AOP/02500.jpg,AOP/02500.jpg,4.811773300170898,4
AOP,images/AOP/01120.jpg,AOP/01120.jpg,4.811496734619141,4
AOP,images/AOP/00378.jpg,AOP/00378.jpg,4.808992385864258,4
AOP,images/AOP/01030.jpg,AOP/01030.jpg,4.80853796005249,4
AOP,images/AOP/02658.jpg,AOP/02658.jpg,4.807395935058594,4
AOP,images/AOP/02751.jpg,AOP/02751.jpg,4.805271148681641,4
AOP,images/AOP/02780.jpg,AOP/02780.jpg,4.804872989654541,4
AOP,images/AOP/01096.jpg,AOP/01096.jpg,4.803798198699951,4
AOP,images/AOP/02712.jpg,AOP/02712.jpg,4.802155494689941,4
AOP,images/AOP/01760.jpg,AOP/01760.jpg,4.79100227355957,4
AOP,images/AOP/00390.jpg,AOP/00390.jpg,4.78745174407959,4
AOP,images/AOP/00391.jpg,AOP/00391.jpg,4.78745174407959,4
AOP,images/AOP/01440.jpg,AOP/01440.jpg,4.787014961242676,4
AOP,images/AOP/01442.jpg,AOP/01442.jpg,4.787014961242676,4
AOP,images/AOP/02236.jpg,AOP/02236.jpg,4.783365726470947,4
AOP,images/AOP/03123.jpg,AOP/03123.jpg,4.783132553100586,4
AOP,images/AOP/01088.jpg,AOP/01088.jpg,4.782273292541504,4
AOP,images/AOP/01091.jpg,AOP/01091.jpg,4.782273292541504,4
AOP,images/AOP/01092.jpg,AOP/01092.jpg,4.782273292541504,4
AOP,images/AOP/03239.jpg,AOP/03239.jpg,4.779131889343262,4
AOP,images/AOP/03240.jpg,AOP/03240.jpg,4.779131889343262,4
AOP,images/AOP/03241.jpg,AOP/03241.jpg,4.779131889343262,4
AOP,images/AOP/03242.jpg,AOP/03242.jpg,4.779131889343262,4
AOP,images/AOP/03243.jpg,AOP/03243.jpg,4.779131889343262,4
AOP,images/AOP/01414.jpg,AOP/01414.jpg,4.777843952178955,4
AOP,images/AOP/01327.jpg,AOP/01327.jpg,4.775630950927734,4
AOP,images/AOP/01200.jpg,AOP/01200.jpg,4.772353172302246,4
AOP,images/AOP/02893.jpg,AOP/02893.jpg,4.770437240600586,4
AOP,images/AOP/01747.jpg,AOP/01747.jpg,4.765674591064453,4
AOP,images/AOP/01544.jpg,AOP/01544.jpg,4.7643938064575195,4
AOP,images/AOP/03656.jpg,AOP/03656.jpg,4.763442516326904,4
AOP,images/AOP/01532.jpg,AOP/01532.jpg,4.761683464050293,4
AOP,images/AOP/03903.jpg,AOP/03903.jpg,4.759490966796875,4
AOP,images/AOP/02575.jpg,AOP/02575.jpg,4.758992671966553,4
AOP,images/AOP/03577.jpg,AOP/03577.jpg,4.7544403076171875,4
AOP,images/AOP/02842.jpg,AOP/02842.jpg,4.752828598022461,4
AOP,images/AOP/02606.jpg,AOP/02606.jpg,4.752659797668457,4
AOP,images/AOP/01878.jpg,AOP/01878.jpg,4.751562118530273,4
AOP,images/AOP/03253.jpg,AOP/03253.jpg,4.751273155212402,4
AOP,images/AOP/03272.jpg,AOP/03272.jpg,4.751273155212402,4
AOP,images/AOP/02836.jpg,AOP/02836.jpg,4.7496747970581055,4
AOP,images/AOP/01020.jpg,AOP/01020.jpg,4.748924255371094,4
AOP,images/AOP/02662.jpg,AOP/02662.jpg,4.747559070587158,4
AOP,images/AOP/01923.jpg,AOP/01923.jpg,4.747244834899902,4
AOP,images/AOP/00503.jpg,AOP/00503.jpg,4.745656967163086,4
AOP,images/AOP/00636.jpg,AOP/00636.jpg,4.744300365447998,4
AOP,images/AOP/00498.jpg,AOP/00498.jpg,4.743443965911865,4
AOP,images/AOP/03464.jpg,AOP/03464.jpg,4.741857528686523,4
AOP,images/AOP/02159.jpg,AOP/02159.jpg,4.740724086761475,4
AOP,images/AOP/02363.jpg,AOP/02363.jpg,4.736132621765137,4
AOP,images/AOP/03350.jpg,AOP/03350.jpg,4.736089706420898,4
AOP,images/AOP/03351.jpg,AOP/03351.jpg,4.736089706420898,4
AOP,images/AOP/03352.jpg,AOP/03352.jpg,4.736089706420898,4
AOP,images/AOP/03361.jpg,AOP/03361.jpg,4.736089706420898,4
AOP,images/AOP/03362.jpg,AOP/03362.jpg,4.736089706420898,4
AOP,images/AOP/02092.jpg,AOP/02092.jpg,4.734780311584473,4
AOP,images/AOP/01968.jpg,AOP/01968.jpg,4.734496593475342,4
AOP,images/AOP/01970.jpg,AOP/01970.jpg,4.734496593475342,4
AOP,images/AOP/00519.jpg,AOP/00519.jpg,4.733856201171875,4
AOP,images/AOP/03512.jpg,AOP/03512.jpg,4.733243942260742,4
AOP,images/AOP/03154.jpg,AOP/03154.jpg,4.731420516967773,4
AOP,images/AOP/03155.jpg,AOP/03155.jpg,4.731420516967773,4
AOP,images/AOP/02314.jpg,AOP/02314.jpg,4.731205463409424,4
AOP,images/AOP/02551.jpg,AOP/02551.jpg,4.72963809967041,4
AOP,images/AOP/00721.jpg,AOP/00721.jpg,4.729001045227051,4
AOP,images/AOP/01719.jpg,AOP/01719.jpg,4.724486827850342,4
AOP,images/AOP/01676.jpg,AOP/01676.jpg,4.7225847244262695,4
AOP,images/AOP/01677.jpg,AOP/01677.jpg,4.7225847244262695,4
AOP,images/AOP/02775.jpg,AOP/02775.jpg,4.714981555938721,4
AOP,images/AOP/01598.jpg,AOP/01598.jpg,4.71345329284668,4
AOP,images/AOP/01975.jpg,AOP/01975.jpg,4.713402271270752,4
AOP,images/AOP/02674.jpg,AOP/02674.jpg,4.711925983428955,4
AOP,images/AOP/01459.jpg,AOP/01459.jpg,4.711213111877441,4
AOP,images/AOP/02122.jpg,AOP/02122.jpg,4.710836887359619,4
AOP,images/AOP/02286.jpg,AOP/02286.jpg,4.710417747497559,4
AOP,images/AOP/01582.jpg,AOP/01582.jpg,4.708728790283203,4
AOP,images/AOP/02569.jpg,AOP/02569.jpg,4.7040815353393555,4
AOP,images/AOP/01951.jpg,AOP/01951.jpg,4.692317485809326,4
AOP,images/AOP/03914.jpg,AOP/03914.jpg,4.6905012130737305,4
AOP,images/AOP/00204.jpg,AOP/00204.jpg,4.6890997886657715,4
AOP,images/AOP/00648.jpg,AOP/00648.jpg,4.687342643737793,4
AOP,images/AOP/01499.jpg,AOP/01499.jpg,4.685861110687256,4
AOP,images/AOP/02073.jpg,AOP/02073.jpg,4.683453559875488,4
AOP,images/AOP/00395.jpg,AOP/00395.jpg,4.679971694946289,4
AOP,images/AOP/02692.jpg,AOP/02692.jpg,4.679797172546387,4
AOP,images/AOP/01701.jpg,AOP/01701.jpg,4.679231643676758,4
AOP,images/AOP/03601.jpg,AOP/03601.jpg,4.6753034591674805,4
AOP,images/AOP/00077.jpg,AOP/00077.jpg,4.67454195022583,4
AOP,images/AOP/03655.jpg,AOP/03655.jpg,4.672451019287109,4
AOP,images/AOP/01996.jpg,AOP/01996.jpg,4.672210693359375,4
AOP,images/AOP/02526.jpg,AOP/02526.jpg,4.6702961921691895,4
AOP,images/AOP/02981.jpg,AOP/02981.jpg,4.667670726776123,4
AOP,images/AOP/03928.jpg,AOP/03928.jpg,4.666817665100098,4
AOP,images/AOP/03671.jpg,AOP/03671.jpg,4.666084289550781,4
AOP,images/AOP/00330.jpg,AOP/00330.jpg,4.663225173950195,4
AOP,images/AOP/01018.jpg,AOP/01018.jpg,4.661722660064697,4
AOP,images/AOP/01893.jpg,AOP/01893.jpg,4.660624027252197,4
AOP,images/AOP/01596.jpg,AOP/01596.jpg,4.655459403991699,4
AOP,images/AOP/01324.jpg,AOP/01324.jpg,4.652541637420654,4
AOP,images/AOP/03974.jpg,AOP/03974.jpg,4.651318550109863,4
AOP,images/AOP/02900.jpg,AOP/02900.jpg,4.647884845733643,4
AOP,images/AOP/01793.jpg,AOP/01793.jpg,4.642911434173584,4
AOP,images/AOP/00058.jpg,AOP/00058.jpg,4.642513275146484,4
AOP,images/AOP/03710.jpg,AOP/03710.jpg,4.639837741851807,4
AOP,images/AOP/03091.jpg,AOP/03091.jpg,4.637365341186523,4
AOP,images/AOP/03092.jpg,AOP/03092.jpg,4.637365341186523,4
AOP,images/AOP/03093.jpg,AOP/03093.jpg,4.637365341186523,4
AOP,images/AOP/03094.jpg,AOP/03094.jpg,4.637365341186523,4
AOP,images/AOP/02372.jpg,AOP/02372.jpg,4.634678840637207,4
AOP,images/AOP/00424.jpg,AOP/00424.jpg,4.631307125091553,4
AOP,images/AOP/00281.jpg,AOP/00281.jpg,4.631024360656738,4
AOP,images/AOP/02690.jpg,AOP/02690.jpg,4.627664089202881,4
AOP,images/AOP/01384.jpg,AOP/01384.jpg,4.62762975692749,4
AOP,images/AOP/01949.jpg,AOP/01949.jpg,4.626338481903076,4
AOP,images/AOP/01668.jpg,AOP/01668.jpg,4.625884532928467,4
AOP,images/AOP/01117.jpg,AOP/01117.jpg,4.624957084655762,4
AOP,images/AOP/01773.jpg,AOP/01773.jpg,4.623603820800781,4
AOP,images/AOP/02593.jpg,AOP/02593.jpg,4.6142964363098145,4
AOP,images/AOP/02607.jpg,AOP/02607.jpg,4.614109039306641,4
AOP,images/AOP/03653.jpg,AOP/03653.jpg,4.612143039703369,4
AOP,images/AOP/00276.jpg,AOP/00276.jpg,4.609127998352051,4
AOP,images/AOP/01179.jpg,AOP/01179.jpg,4.607416152954102,4
AOP,images/AOP/01181.jpg,AOP/01181.jpg,4.607416152954102,4
AOP,images/AOP/01184.jpg,AOP/01184.jpg,4.607416152954102,4
AOP,images/AOP/01189.jpg,AOP/01189.jpg,4.607416152954102,4
AOP,images/AOP/01191.jpg,AOP/01191.jpg,4.607416152954102,4
AOP,images/AOP/01432.jpg,AOP/01432.jpg,4.605659484863281,4
AOP,images/AOP/02491.jpg,AOP/02491.jpg,4.603152751922607,4
AOP,images/AOP/00366.jpg,AOP/00366.jpg,4.601497173309326,4
AOP,images/AOP/03426.jpg,AOP/03426.jpg,4.600929260253906,4
AOP,images/AOP/03427.jpg,AOP/03427.jpg,4.600929260253906,4
AOP,images/AOP/03428.jpg,AOP/03428.jpg,4.600929260253906,4
AOP,images/AOP/03429.jpg,AOP/03429.jpg,4.600929260253906,4
AOP,images/AOP/03238.jpg,AOP/03238.jpg,4.600402355194092,4
AOP,images/AOP/01107.jpg,AOP/01107.jpg,4.592676639556885,4
AOP,images/AOP/00306.jpg,AOP/00306.jpg,4.5828962326049805,4
AOP,images/AOP/02030.jpg,AOP/02030.jpg,4.581218719482422,4
AOP,images/AOP/01460.jpg,AOP/01460.jpg,4.581209659576416,4
AOP,images/AOP/00379.jpg,AOP/00379.jpg,4.580496788024902,4
AOP,images/AOP/02284.jpg,AOP/02284.jpg,4.579219818115234,4
AOP,images/AOP/02693.jpg,AOP/02693.jpg,4.578414440155029,4
AOP,images/AOP/03677.jpg,AOP/03677.jpg,4.577852249145508,4
AOP,images/AOP/03188.jpg,AOP/03188.jpg,4.575753211975098,4
AOP,images/AOP/03189.jpg,AOP/03189.jpg,4.575753211975098,4
AOP,images/AOP/01983.jpg,AOP/01983.jpg,4.575679779052734,4
AOP,images/AOP/02148.jpg,AOP/02148.jpg,4.575556755065918,4
AOP,images/AOP/02347.jpg,AOP/02347.jpg,4.571659088134766,4
AOP,images/AOP/02153.jpg,AOP/02153.jpg,4.5710673332214355,4
AOP,images/AOP/00639.jpg,AOP/00639.jpg,4.569155216217041,4
AOP,images/AOP/00186.jpg,AOP/00186.jpg,4.568906784057617,4
AOP,images/AOP/02747.jpg,AOP/02747.jpg,4.5674028396606445,4
AOP,images/AOP/02748.jpg,AOP/02748.jpg,4.5674028396606445,4
AOP,images/AOP/00364.jpg,AOP/00364.jpg,4.566856861114502,4
AOP,images/AOP/02428.jpg,AOP/02428.jpg,4.566115379333496,4
AOP,images/AOP/00291.jpg,AOP/00291.jpg,4.560683250427246,4
AOP,images/AOP/01950.jpg,AOP/01950.jpg,4.560647010803223,4
AOP,images/AOP/03153.jpg,AOP/03153.jpg,4.559885501861572,4
AOP,images/AOP/00104.jpg,AOP/00104.jpg,4.555039882659912,4
AOP,images/AOP/00862.jpg,AOP/00862.jpg,4.5549211502075195,4
AOP,images/AOP/02024.jpg,AOP/02024.jpg,4.5545125007629395,4
AOP,images/AOP/00509.jpg,AOP/00509.jpg,4.550764083862305,4
AOP,images/AOP/02196.jpg,AOP/02196.jpg,4.550658226013184,4
AOP,images/AOP/00970.jpg,AOP/00970.jpg,4.549694538116455,4
AOP,images/AOP/00107.jpg,AOP/00107.jpg,4.546722412109375,4
AOP,images/AOP/01024.jpg,AOP/01024.jpg,4.545737266540527,4
AOP,images/AOP/00795.jpg,AOP/00795.jpg,4.540013313293457,4
AOP,images/AOP/01260.jpg,AOP/01260.jpg,4.538249492645264,4
AOP,images/AOP/01244.jpg,AOP/01244.jpg,4.536804676055908,4
AOP,images/AOP/00675.jpg,AOP/00675.jpg,4.536707878112793,4
AOP,images/AOP/01845.jpg,AOP/01845.jpg,4.534749984741211,4
AOP,images/AOP/03378.jpg,AOP/03378.jpg,4.533977508544922,4
AOP,images/AOP/03379.jpg,AOP/03379.jpg,4.533977508544922,4
AOP,images/AOP/03380.jpg,AOP/03380.jpg,4.533977508544922,4
AOP,images/AOP/03381.jpg,AOP/03381.jpg,4.533977508544922,4
AOP,images/AOP/03382.jpg,AOP/03382.jpg,4.533977508544922,4
AOP,images/AOP/03383.jpg,AOP/03383.jpg,4.533977508544922,4
AOP,images/AOP/03384.jpg,AOP/03384.jpg,4.533977508544922,4
AOP,images/AOP/03385.jpg,AOP/03385.jpg,4.533977508544922,4
AOP,images/AOP/03386.jpg,AOP/03386.jpg,4.533977508544922,4
AOP,images/AOP/03387.jpg,AOP/03387.jpg,4.533977508544922,4
AOP,images/AOP/03388.jpg,AOP/03388.jpg,4.533977508544922,4
AOP,images/AOP/03389.jpg,AOP/03389.jpg,4.533977508544922,4
AOP,images/AOP/03390.jpg,AOP/03390.jpg,4.533977508544922,4
AOP,images/AOP/03391.jpg,AOP/03391.jpg,4.533977508544922,4
AOP,images/AOP/03392.jpg,AOP/03392.jpg,4.533977508544922,4
AOP,images/AOP/03393.jpg,AOP/03393.jpg,4.533977508544922,4
AOP,images/AOP/03394.jpg,AOP/03394.jpg,4.533977508544922,4
AOP,images/AOP/03395.jpg,AOP/03395.jpg,4.533977508544922,4
AOP,images/AOP/03396.jpg,AOP/03396.jpg,4.533977508544922,4
AOP,images/AOP/03397.jpg,AOP/03397.jpg,4.533977508544922,4
AOP,images/AOP/03398.jpg,AOP/03398.jpg,4.533977508544922,4
AOP,images/AOP/03399.jpg,AOP/03399.jpg,4.533977508544922,4
AOP,images/AOP/03400.jpg,AOP/03400.jpg,4.533977508544922,4
AOP,images/AOP/03401.jpg,AOP/03401.jpg,4.533977508544922,4
AOP,images/AOP/03402.jpg,AOP/03402.jpg,4.533977508544922,4
AOP,images/AOP/03403.jpg,AOP/03403.jpg,4.533977508544922,4
AOP,images/AOP/03404.jpg,AOP/03404.jpg,4.533977508544922,4
AOP,images/AOP/03405.jpg,AOP/03405.jpg,4.533977508544922,4
AOP,images/AOP/03406.jpg,AOP/03406.jpg,4.533977508544922,4
AOP,images/AOP/03407.jpg,AOP/03407.jpg,4.533977508544922,4
AOP,images/AOP/03408.jpg,AOP/03408.jpg,4.533977508544922,4
AOP,images/AOP/03409.jpg,AOP/03409.jpg,4.533977508544922,4
AOP,images/AOP/02348.jpg,AOP/02348.jpg,4.531428337097168,4
AOP,images/AOP/03898.jpg,AOP/03898.jpg,4.523059368133545,4
AOP,images/AOP/02558.jpg,AOP/02558.jpg,4.52166223526001,4
AOP,images/AOP/01447.jpg,AOP/01447.jpg,4.515972137451172,4
AOP,images/AOP/01448.jpg,AOP/01448.jpg,4.515972137451172,4
AOP,images/AOP/01351.jpg,AOP/01351.jpg,4.51315975189209,4
AOP,images/AOP/03855.jpg,AOP/03855.jpg,4.509725570678711,4
AOP,images/AOP/01703.jpg,AOP/01703.jpg,4.509707450866699,4
AOP,images/AOP/02641.jpg,AOP/02641.jpg,4.508545875549316,4
AOP,images/AOP/00700.jpg,AOP/00700.jpg,4.508387565612793,4
AOP,images/AOP/01323.jpg,AOP/01323.jpg,4.507961273193359,4
AOP,images/AOP/01094.jpg,AOP/01094.jpg,4.505853652954102,4
AOP,images/AOP/01095.jpg,AOP/01095.jpg,4.505853652954102,4
AOP,images/AOP/00943.jpg,AOP/00943.jpg,4.499865531921387,4
AOP,images/AOP/00664.jpg,AOP/00664.jpg,4.499117374420166,4
AOP,images/AOP/01612.jpg,AOP/01612.jpg,4.498802661895752,4
AOP,images/AOP/01705.jpg,AOP/01705.jpg,4.497003078460693,4
AOP,images/AOP/01674.jpg,AOP/01674.jpg,4.496380805969238,4
AOP,images/AOP/03278.jpg,AOP/03278.jpg,4.48483419418335,4
AOP,images/AOP/00799.jpg,AOP/00799.jpg,4.4805908203125,4
AOP,images/AOP/02301.jpg,AOP/02301.jpg,4.479403495788574,4
AOP,images/AOP/02905.jpg,AOP/02905.jpg,4.478425025939941,4
AOP,images/AOP/02843.jpg,AOP/02843.jpg,4.467260360717773,4
AOP,images/AOP/02100.jpg,AOP/02100.jpg,4.461174011230469,4
AOP,images/AOP/02487.jpg,AOP/02487.jpg,4.459344387054443,4
AOP,images/AOP/02503.jpg,AOP/02503.jpg,4.459332466125488,4
AOP,images/AOP/00372.jpg,AOP/00372.jpg,4.459330081939697,4
AOP,images/AOP/02163.jpg,AOP/02163.jpg,4.457142353057861,4
AOP,images/AOP/03535.jpg,AOP/03535.jpg,4.453435897827148,4
AOP,images/AOP/03536.jpg,AOP/03536.jpg,4.453435897827148,4
AOP,images/AOP/03537.jpg,AOP/03537.jpg,4.453435897827148,4
AOP,images/AOP/03540.jpg,AOP/03540.jpg,4.453435897827148,4
AOP,images/AOP/03541.jpg,AOP/03541.jpg,4.453435897827148,4
AOP,images/AOP/03542.jpg,AOP/03542.jpg,4.453435897827148,4
AOP,images/AOP/03543.jpg,AOP/03543.jpg,4.453435897827148,4
AOP,images/AOP/03544.jpg,AOP/03544.jpg,4.453435897827148,4
AOP,images/AOP/03545.jpg,AOP/03545.jpg,4.453435897827148,4
AOP,images/AOP/03546.jpg,AOP/03546.jpg,4.453435897827148,4
AOP,images/AOP/03549.jpg,AOP/03549.jpg,4.453435897827148,4
AOP,images/AOP/03550.jpg,AOP/03550.jpg,4.453435897827148,4
AOP,images/AOP/00521.jpg,AOP/00521.jpg,4.451472759246826,4
AOP,images/AOP/02572.jpg,AOP/02572.jpg,4.451349258422852,4
AOP,images/AOP/01537.jpg,AOP/01537.jpg,4.450052738189697,4
AOP,images/AOP/01434.jpg,AOP/01434.jpg,4.450044631958008,4
AOP,images/AOP/01234.jpg,AOP/01234.jpg,4.449792861938477,4
AOP,images/AOP/00340.jpg,AOP/00340.jpg,4.449105739593506,4
AOP,images/AOP/03250.jpg,AOP/03250.jpg,4.440596103668213,4
AOP,images/AOP/02160.jpg,AOP/02160.jpg,4.437180519104004,4
AOP,images/AOP/02243.jpg,AOP/02243.jpg,4.4306864738464355,4
AOP,images/AOP/00605.jpg,AOP/00605.jpg,4.429048538208008,4
AOP,images/AOP/01267.jpg,AOP/01267.jpg,4.427865028381348,4
AOP,images/AOP/01956.jpg,AOP/01956.jpg,4.425771236419678,4
AOP,images/AOP/01585.jpg,AOP/01585.jpg,4.423430442810059,4
AOP,images/AOP/03180.jpg,AOP/03180.jpg,4.422699451446533,4
AOP,images/AOP/03181.jpg,AOP/03181.jpg,4.422699451446533,4
AOP,images/AOP/00797.jpg,AOP/00797.jpg,4.422431945800781,4
AOP,images/AOP/01643.jpg,AOP/01643.jpg,4.422131061553955,4
AOP,images/AOP/01648.jpg,AOP/01648.jpg,4.422131061553955,4
AOP,images/AOP/01444.jpg,AOP/01444.jpg,4.421281337738037,4
AOP,images/AOP/01445.jpg,AOP/01445.jpg,4.421281337738037,4
AOP,images/AOP/01262.jpg,AOP/01262.jpg,4.418798446655273,4
AOP,images/AOP/01864.jpg,AOP/01864.jpg,4.414804935455322,4
AOP,images/AOP/01865.jpg,AOP/01865.jpg,4.414804935455322,4
AOP,images/AOP/01615.jpg,AOP/01615.jpg,4.414022445678711,4
AOP,images/AOP/02039.jpg,AOP/02039.jpg,4.413493633270264,4
AOP,images/AOP/01754.jpg,AOP/01754.jpg,4.409050464630127,4
AOP,images/AOP/03888.jpg,AOP/03888.jpg,4.407443046569824,4
AOP,images/AOP/02161.jpg,AOP/02161.jpg,4.407205581665039,4
AOP,images/AOP/01084.jpg,AOP/01084.jpg,4.406558990478516,4
AOP,images/AOP/01586.jpg,AOP/01586.jpg,4.4063615798950195,4
AOP,images/AOP/03800.jpg,AOP/03800.jpg,4.406167030334473,4
AOP,images/AOP/02640.jpg,AOP/02640.jpg,4.405403137207031,4
AOP,images/AOP/03662.jpg,AOP/03662.jpg,4.404417037963867,4
AOP,images/AOP/01078.jpg,AOP/01078.jpg,4.4028825759887695,4
AOP,images/AOP/02334.jpg,AOP/02334.jpg,4.4027323722839355,4
AOP,images/AOP/00399.jpg,AOP/00399.jpg,4.401662826538086,4
AOP,images/AOP/00401.jpg,AOP/00401.jpg,4.401662826538086,4
AOP,images/AOP/02102.jpg,AOP/02102.jpg,4.401425361633301,4
AOP,images/AOP/00016.jpg,AOP/00016.jpg,4.400381088256836,4
AOP,images/AOP/02694.jpg,AOP/02694.jpg,4.399295330047607,4
AOP,images/AOP/02458.jpg,AOP/02458.jpg,4.398497581481934,4
AOP,images/AOP/01819.jpg,AOP/01819.jpg,4.397180557250977,4
AOP,images/AOP/03469.jpg,AOP/03469.jpg,4.394787788391113,4
AOP,images/AOP/03470.jpg,AOP/03470.jpg,4.394787788391113,4
AOP,images/AOP/03471.jpg,AOP/03471.jpg,4.394787788391113,4
AOP,images/AOP/03472.jpg,AOP/03472.jpg,4.394787788391113,4
AOP,images/AOP/03474.jpg,AOP/03474.jpg,4.394787788391113,4
AOP,images/AOP/02769.jpg,AOP/02769.jpg,4.39443826675415,4
AOP,images/AOP/01519.jpg,AOP/01519.jpg,4.390061378479004,4
AOP,images/AOP/02041.jpg,AOP/02041.jpg,4.386808395385742,4
AOP,images/AOP/00640.jpg,AOP/00640.jpg,4.384757995605469,4
AOP,images/AOP/02604.jpg,AOP/02604.jpg,4.3810648918151855,4
AOP,images/AOP/03160.jpg,AOP/03160.jpg,4.375922203063965,4
AOP,images/AOP/03161.jpg,AOP/03161.jpg,4.375922203063965,4
AOP,images/AOP/03538.jpg,AOP/03538.jpg,4.374788761138916,4
AOP,images/AOP/03539.jpg,AOP/03539.jpg,4.374788761138916,4
AOP,images/AOP/03547.jpg,AOP/03547.jpg,4.374788761138916,4
AOP,images/AOP/03548.jpg,AOP/03548.jpg,4.374788761138916,4
AOP,images/AOP/03551.jpg,AOP/03551.jpg,4.374788761138916,4
AOP,images/AOP/03552.jpg,AOP/03552.jpg,4.374788761138916,4
AOP,images/AOP/03555.jpg,AOP/03555.jpg,4.374788761138916,4
AOP,images/AOP/00968.jpg,AOP/00968.jpg,4.3743672370910645,4
AOP,images/AOP/01877.jpg,AOP/01877.jpg,4.368598937988281,4
AOP,images/AOP/00963.jpg,AOP/00963.jpg,4.368439674377441,4
AOP,images/AOP/01101.jpg,AOP/01101.jpg,4.365686416625977,4
AOP,images/AOP/01979.jpg,AOP/01979.jpg,4.365086078643799,4
AOP,images/AOP/02534.jpg,AOP/02534.jpg,4.362946510314941,4
AOP,images/AOP/02430.jpg,AOP/02430.jpg,4.361505508422852,4
AOP,images/AOP/02037.jpg,AOP/02037.jpg,4.358770847320557,4
AOP,images/AOP/01331.jpg,AOP/01331.jpg,4.358218669891357,4
AOP,images/AOP/01336.jpg,AOP/01336.jpg,4.358218669891357,4
AOP,images/AOP/02734.jpg,AOP/02734.jpg,4.35443639755249,4
AOP,images/AOP/02742.jpg,AOP/02742.jpg,4.35443639755249,4
AOP,images/AOP/01466.jpg,AOP/01466.jpg,4.353175640106201,4
AOP,images/AOP/00022.jpg,AOP/00022.jpg,4.35221529006958,4
AOP,images/AOP/02329.jpg,AOP/02329.jpg,4.350834846496582,4
AOP,images/AOP/03711.jpg,AOP/03711.jpg,4.349283695220947,4
AOP,images/AOP/02104.jpg,AOP/02104.jpg,4.347015380859375,4
AOP,images/AOP/01672.jpg,AOP/01672.jpg,4.345386028289795,4
AOP,images/AOP/03635.jpg,AOP/03635.jpg,4.3421454429626465,4
AOP,images/AOP/01591.jpg,AOP/01591.jpg,4.335626602172852,4
AOP,images/AOP/02349.jpg,AOP/02349.jpg,4.335146903991699,4
AOP,images/AOP/03623.jpg,AOP/03623.jpg,4.334710597991943,4
AOP,images/AOP/02325.jpg,AOP/02325.jpg,4.332179069519043,4
AOP,images/AOP/00037.jpg,AOP/00037.jpg,4.329527854919434,4
AOP,images/AOP/02637.jpg,AOP/02637.jpg,4.328488826751709,4
AOP,images/AOP/01735.jpg,AOP/01735.jpg,4.325428485870361,4
AOP,images/AOP/02953.jpg,AOP/02953.jpg,4.323759078979492,4
AOP,images/AOP/02330.jpg,AOP/02330.jpg,4.31495475769043,4
AOP,images/AOP/02331.jpg,AOP/02331.jpg,4.31495475769043,4
AOP,images/AOP/02798.jpg,AOP/02798.jpg,4.311432838439941,4
AOP,images/AOP/03333.jpg,AOP/03333.jpg,4.3081536293029785,4
AOP,images/AOP/03334.jpg,AOP/03334.jpg,4.3081536293029785,4
AOP,images/AOP/03335.jpg,AOP/03335.jpg,4.3081536293029785,4
AOP,images/AOP/00422.jpg,AOP/00422.jpg,4.305988311767578,4
AOP,images/AOP/00805.jpg,AOP/00805.jpg,4.305020809173584,4
AOP,images/AOP/00806.jpg,AOP/00806.jpg,4.305020809173584,4
AOP,images/AOP/02741.jpg,AOP/02741.jpg,4.303928852081299,4
AOP,images/AOP/00239.jpg,AOP/00239.jpg,4.292947292327881,4
AOP,images/AOP/00843.jpg,AOP/00843.jpg,4.2903852462768555,4
AOP,images/AOP/02085.jpg,AOP/02085.jpg,4.290163993835449,4
AOP,images/AOP/02902.jpg,AOP/02902.jpg,4.287168502807617,4
AOP,images/AOP/03852.jpg,AOP/03852.jpg,4.2832818031311035,4
AOP,images/AOP/02704.jpg,AOP/02704.jpg,4.283044338226318,4
AOP,images/AOP/03841.jpg,AOP/03841.jpg,4.2800092697143555,4
AOP,images/AOP/01398.jpg,AOP/01398.jpg,4.279882431030273,4
AOP,images/AOP/02716.jpg,AOP/02716.jpg,4.277292251586914,4
AOP,images/AOP/02469.jpg,AOP/02469.jpg,4.276639938354492,4
AOP,images/AOP/03799.jpg,AOP/03799.jpg,4.27639627456665,4
AOP,images/AOP/01022.jpg,AOP/01022.jpg,4.274744033813477,4
AOP,images/AOP/01023.jpg,AOP/01023.jpg,4.274744033813477,4
AOP,images/AOP/02768.jpg,AOP/02768.jpg,4.274150848388672,4
AOP,images/AOP/01692.jpg,AOP/01692.jpg,4.272925853729248,4
AOP,images/AOP/02913.jpg,AOP/02913.jpg,4.272223472595215,4
AOP,images/AOP/02145.jpg,AOP/02145.jpg,4.2700395584106445,4
AOP,images/AOP/00277.jpg,AOP/00277.jpg,4.269229412078857,4
AOP,images/AOP/01804.jpg,AOP/01804.jpg,4.26674222946167,4
AOP,images/AOP/01025.jpg,AOP/01025.jpg,4.262774467468262,4
AOP,images/AOP/02193.jpg,AOP/02193.jpg,4.262166976928711,4
AOP,images/AOP/03664.jpg,AOP/03664.jpg,4.256164073944092,4
AOP,images/AOP/02772.jpg,AOP/02772.jpg,4.250360012054443,4
AOP,images/AOP/02888.jpg,AOP/02888.jpg,4.250073432922363,4
AOP,images/AOP/00649.jpg,AOP/00649.jpg,4.249332427978516,4
AOP,images/AOP/02255.jpg,AOP/02255.jpg,4.247766017913818,4
AOP,images/AOP/02767.jpg,AOP/02767.jpg,4.243834972381592,4
AOP,images/AOP/01016.jpg,AOP/01016.jpg,4.239321231842041,4
AOP,images/AOP/01429.jpg,AOP/01429.jpg,4.238621711730957,4
AOP,images/AOP/02311.jpg,AOP/02311.jpg,4.236136436462402,4
AOP,images/AOP/02773.jpg,AOP/02773.jpg,4.235380172729492,4
AOP,images/AOP/02434.jpg,AOP/02434.jpg,4.234508514404297,4
AOP,images/AOP/02828.jpg,AOP/02828.jpg,4.233731746673584,4
AOP,images/AOP/00900.jpg,AOP/00900.jpg,4.231448173522949,4
AOP,images/AOP/02514.jpg,AOP/02514.jpg,4.225396633148193,4
AOP,images/AOP/02515.jpg,AOP/02515.jpg,4.225396633148193,4
AOP,images/AOP/02306.jpg,AOP/02306.jpg,4.222006797790527,4
AOP,images/AOP/02965.jpg,AOP/02965.jpg,4.220109462738037,4
AOP,images/AOP/02966.jpg,AOP/02966.jpg,4.220109462738037,4
AOP,images/AOP/00298.jpg,AOP/00298.jpg,4.218978404998779,4
AOP,images/AOP/03576.jpg,AOP/03576.jpg,4.214232921600342,4
AOP,images/AOP/02269.jpg,AOP/02269.jpg,4.212981224060059,4
AOP,images/AOP/03191.jpg,AOP/03191.jpg,4.2091145515441895,4
AOP,images/AOP/02564.jpg,AOP/02564.jpg,4.204751968383789,4
AOP,images/AOP/02300.jpg,AOP/02300.jpg,4.202728748321533,4
AOP,images/AOP/01254.jpg,AOP/01254.jpg,4.201714515686035,4
AOP,images/AOP/01255.jpg,AOP/01255.jpg,4.201714515686035,4
AOP,images/AOP/00683.jpg,AOP/00683.jpg,4.198582649230957,4
AOP,images/AOP/01246.jpg,AOP/01246.jpg,4.19281530380249,4
AOP,images/AOP/03090.jpg,AOP/03090.jpg,4.189960479736328,4
AOP,images/AOP/01751.jpg,AOP/01751.jpg,4.188925743103027,4
AOP,images/AOP/01752.jpg,AOP/01752.jpg,4.188925743103027,4
AOP,images/AOP/02235.jpg,AOP/02235.jpg,4.182285308837891,4
AOP,images/AOP/00408.jpg,AOP/00408.jpg,4.182058811187744,4
AOP,images/AOP/02056.jpg,AOP/02056.jpg,4.181291580200195,4
AOP,images/AOP/01755.jpg,AOP/01755.jpg,4.180882930755615,4
AOP,images/AOP/02553.jpg,AOP/02553.jpg,4.180283546447754,4
AOP,images/AOP/02976.jpg,AOP/02976.jpg,4.178828716278076,4
AOP,images/AOP/02785.jpg,AOP/02785.jpg,4.177132606506348,4
AOP,images/AOP/02786.jpg,AOP/02786.jpg,4.177132606506348,4
AOP,images/AOP/02787.jpg,AOP/02787.jpg,4.177132606506348,4
AOP,images/AOP/03670.jpg,AOP/03670.jpg,4.176995277404785,4
AOP,images/AOP/02531.jpg,AOP/02531.jpg,4.171169281005859,4
AOP,images/AOP/02862.jpg,AOP/02862.jpg,4.169343948364258,4
AOP,images/AOP/02107.jpg,AOP/02107.jpg,4.169020175933838,4
AOP,images/AOP/01219.jpg,AOP/01219.jpg,4.168184280395508,4
AOP,images/AOP/01490.jpg,AOP/01490.jpg,4.16699743270874,4
AOP,images/AOP/01491.jpg,AOP/01491.jpg,4.16699743270874,4
AOP,images/AOP/02252.jpg,AOP/02252.jpg,4.164556980133057,4
AOP,images/AOP/01749.jpg,AOP/01749.jpg,4.162534236907959,4
AOP,images/AOP/01750.jpg,AOP/01750.jpg,4.162534236907959,4
AOP,images/AOP/00891.jpg,AOP/00891.jpg,4.161664009094238,4
AOP,images/AOP/01248.jpg,AOP/01248.jpg,4.158989906311035,4
AOP,images/AOP/03678.jpg,AOP/03678.jpg,4.157149314880371,4
AOP,images/AOP/00294.jpg,AOP/00294.jpg,4.155919551849365,4
AOP,images/AOP/02048.jpg,AOP/02048.jpg,4.154463768005371,4
AOP,images/AOP/02256.jpg,AOP/02256.jpg,4.1530961990356445,4
AOP,images/AOP/02267.jpg,AOP/02267.jpg,4.1530961990356445,4
AOP,images/AOP/02275.jpg,AOP/02275.jpg,4.1530961990356445,4
AOP,images/AOP/02270.jpg,AOP/02270.jpg,4.150598526000977,4
AOP,images/AOP/00323.jpg,AOP/00323.jpg,4.147232532501221,4
AOP,images/AOP/02789.jpg,AOP/02789.jpg,4.146201133728027,4
AOP,images/AOP/01473.jpg,AOP/01473.jpg,4.146073341369629,4
AOP,images/AOP/03331.jpg,AOP/03331.jpg,4.143535137176514,4
AOP,images/AOP/03332.jpg,AOP/03332.jpg,4.143535137176514,4
AOP,images/AOP/03059.jpg,AOP/03059.jpg,4.141776084899902,4
AOP,images/AOP/03060.jpg,AOP/03060.jpg,4.141776084899902,4
AOP,images/AOP/02584.jpg,AOP/02584.jpg,4.141275882720947,4
AOP,images/AOP/03825.jpg,AOP/03825.jpg,4.1296257972717285,4
AOP,images/AOP/01431.jpg,AOP/01431.jpg,4.127986907958984,4
AOP,images/AOP/03622.jpg,AOP/03622.jpg,4.1278605461120605,4
AOP,images/AOP/00282.jpg,AOP/00282.jpg,4.1258697509765625,4
AOP,images/AOP/02614.jpg,AOP/02614.jpg,4.123542785644531,4
AOP,images/AOP/01086.jpg,AOP/01086.jpg,4.121777057647705,4
AOP,images/AOP/03970.jpg,AOP/03970.jpg,4.121112823486328,4
AOP,images/AOP/02315.jpg,AOP/02315.jpg,4.119060516357422,4
AOP,images/AOP/02263.jpg,AOP/02263.jpg,4.11737060546875,4
AOP,images/AOP/02733.jpg,AOP/02733.jpg,4.116436958312988,4
AOP,images/AOP/00392.jpg,AOP/00392.jpg,4.116431713104248,4
AOP,images/AOP/00393.jpg,AOP/00393.jpg,4.116431713104248,4
AOP,images/AOP/01026.jpg,AOP/01026.jpg,4.1153764724731445,4
AOP,images/AOP/00633.jpg,AOP/00633.jpg,4.113734245300293,4
AOP,images/AOP/01912.jpg,AOP/01912.jpg,4.113581657409668,4
AOP,images/AOP/02112.jpg,AOP/02112.jpg,4.110113143920898,4
AOP,images/AOP/02657.jpg,AOP/02657.jpg,4.107683181762695,4
AOP,images/AOP/01652.jpg,AOP/01652.jpg,4.096584320068359,4
AOP,images/AOP/03491.jpg,AOP/03491.jpg,4.093047142028809,4
AOP,images/AOP/02495.jpg,AOP/02495.jpg,4.090400695800781,4
AOP,images/AOP/02648.jpg,AOP/02648.jpg,4.084752559661865,4
AOP,images/AOP/01083.jpg,AOP/01083.jpg,4.078421592712402,4
AOP,images/AOP/00804.jpg,AOP/00804.jpg,4.076208591461182,4
AOP,images/AOP/01263.jpg,AOP/01263.jpg,4.0748090744018555,4
AOP,images/AOP/01868.jpg,AOP/01868.jpg,4.068638801574707,4
AOP,images/AOP/03797.jpg,AOP/03797.jpg,4.064449787139893,4
AOP,images/AOP/02335.jpg,AOP/02335.jpg,4.058967590332031,4
AOP,images/AOP/01531.jpg,AOP/01531.jpg,4.054819583892822,4
AOP,images/AOP/03052.jpg,AOP/03052.jpg,4.053013324737549,4
AOP,images/AOP/03053.jpg,AOP/03053.jpg,4.053013324737549,4
AOP,images/AOP/03054.jpg,AOP/03054.jpg,4.053013324737549,4
AOP,images/AOP/02443.jpg,AOP/02443.jpg,4.052886009216309,4
AOP,images/AOP/01857.jpg,AOP/01857.jpg,4.050135612487793,4
AOP,images/AOP/00471.jpg,AOP/00471.jpg,4.048880100250244,4
AOP,images/AOP/03740.jpg,AOP/03740.jpg,4.045961856842041,4
AOP,images/AOP/01556.jpg,AOP/01556.jpg,4.044095039367676,4
AOP,images/AOP/01859.jpg,AOP/01859.jpg,4.040549278259277,4
AOP,images/AOP/00785.jpg,AOP/00785.jpg,4.033177852630615,4
AOP,images/AOP/03642.jpg,AOP/03642.jpg,4.027933120727539,4
AOP,images/AOP/01112.jpg,AOP/01112.jpg,4.027496337890625,4
AOP,images/AOP/00829.jpg,AOP/00829.jpg,4.024447917938232,4
AOP,images/AOP/02094.jpg,AOP/02094.jpg,4.023553371429443,4
AOP,images/AOP/01449.jpg,AOP/01449.jpg,4.021446704864502,4
AOP,images/AOP/02082.jpg,AOP/02082.jpg,4.020144462585449,4
AOP,images/AOP/02084.jpg,AOP/02084.jpg,4.020144462585449,4
AOP,images/AOP/00952.jpg,AOP/00952.jpg,4.019792556762695,4
AOP,images/AOP/02671.jpg,AOP/02671.jpg,4.015837669372559,4
AOP,images/AOP/03560.jpg,AOP/03560.jpg,4.012052059173584,4
AOP,images/AOP/03561.jpg,AOP/03561.jpg,4.012052059173584,4
AOP,images/AOP/03570.jpg,AOP/03570.jpg,4.012052059173584,4
AOP,images/AOP/02305.jpg,AOP/02305.jpg,4.010908126831055,4
AOP,images/AOP/03827.jpg,AOP/03827.jpg,4.007030010223389,4
AOP,images/AOP/01127.jpg,AOP/01127.jpg,4.001193046569824,4
AOP,images/AOP/01383.jpg,AOP/01383.jpg,4.000190258026123,4
AOP,images/AOP/00723.jpg,AOP/00723.jpg,4.000115394592285,4
AOP,images/AOP/01343.jpg,AOP/01343.jpg,3.998898983001709,4
AOP,images/AOP/01407.jpg,AOP/01407.jpg,3.998898983001709,4
AOP,images/AOP/01408.jpg,AOP/01408.jpg,3.998898983001709,4
AOP,images/AOP/02812.jpg,AOP/02812.jpg,3.9983785152435303,4
AOP,images/AOP/00975.jpg,AOP/00975.jpg,3.9959936141967773,4
AOP,images/AOP/02738.jpg,AOP/02738.jpg,3.992918014526367,4
AOP,images/AOP/01135.jpg,AOP/01135.jpg,3.992675542831421,4
AOP,images/AOP/02385.jpg,AOP/02385.jpg,3.9874746799468994,4
AOP,images/AOP/00272.jpg,AOP/00272.jpg,3.9800620079040527,4
AOP,images/AOP/02732.jpg,AOP/02732.jpg,3.979537010192871,4
AOP,images/AOP/03124.jpg,AOP/03124.jpg,3.978562831878662,4
AOP,images/AOP/03125.jpg,AOP/03125.jpg,3.978562831878662,4
AOP,images/AOP/03126.jpg,AOP/03126.jpg,3.978562831878662,4
AOP,images/AOP/03127.jpg,AOP/03127.jpg,3.978562831878662,4
AOP,images/AOP/02895.jpg,AOP/02895.jpg,3.976776599884033,4
AOP,images/AOP/01286.jpg,AOP/01286.jpg,3.9713387489318848,4
AOP,images/AOP/01287.jpg,AOP/01287.jpg,3.9713387489318848,4
AOP,images/AOP/01290.jpg,AOP/01290.jpg,3.9713387489318848,4
AOP,images/AOP/01291.jpg,AOP/01291.jpg,3.9713387489318848,4
AOP,images/AOP/01293.jpg,AOP/01293.jpg,3.9713387489318848,4
AOP,images/AOP/01797.jpg,AOP/01797.jpg,3.9688057899475098,4
AOP,images/AOP/02523.jpg,AOP/02523.jpg,3.965642213821411,4
AOP,images/AOP/02350.jpg,AOP/02350.jpg,3.959031343460083,4
AOP,images/AOP/03786.jpg,AOP/03786.jpg,3.945352077484131,4
AOP,images/AOP/02061.jpg,AOP/02061.jpg,3.944478988647461,4
AOP,images/AOP/02508.jpg,AOP/02508.jpg,3.941725730895996,4
AOP,images/AOP/02925.jpg,AOP/02925.jpg,3.9410691261291504,4
AOP,images/AOP/02926.jpg,AOP/02926.jpg,3.9410691261291504,4
AOP,images/AOP/03967.jpg,AOP/03967.jpg,3.9401326179504395,4
AOP,images/AOP/00495.jpg,AOP/00495.jpg,3.938143491744995,4
AOP,images/AOP/01235.jpg,AOP/01235.jpg,3.9371185302734375,4
AOP,images/AOP/01237.jpg,AOP/01237.jpg,3.9371185302734375,4
AOP,images/AOP/02433.jpg,AOP/02433.jpg,3.9289751052856445,4
AOP,images/AOP/03591.jpg,AOP/03591.jpg,3.927077531814575,4
AOP,images/AOP/02083.jpg,AOP/02083.jpg,3.925204038619995,4
AOP,images/AOP/02996.jpg,AOP/02996.jpg,3.9189863204956055,4
AOP,images/AOP/02997.jpg,AOP/02997.jpg,3.9189863204956055,4
AOP,images/AOP/02949.jpg,AOP/02949.jpg,3.91332745552063,4
AOP,images/AOP/00720.jpg,AOP/00720.jpg,3.913208246231079,4
AOP,images/AOP/01800.jpg,AOP/01800.jpg,3.912904977798462,4
AOP,images/AOP/01471.jpg,AOP/01471.jpg,3.9109432697296143,4
AOP,images/AOP/02546.jpg,AOP/02546.jpg,3.907949686050415,4
AOP,images/AOP/01840.jpg,AOP/01840.jpg,3.9076337814331055,4
AOP,images/AOP/02130.jpg,AOP/02130.jpg,3.9027059078216553,4
AOP,images/AOP/00429.jpg,AOP/00429.jpg,3.902560234069824,4
AOP,images/AOP/02822.jpg,AOP/02822.jpg,3.900514602661133,4
AOP,images/AOP/03955.jpg,AOP/03955.jpg,3.8954668045043945,4
AOP,images/AOP/03652.jpg,AOP/03652.jpg,3.891864776611328,4
AOP,images/AOP/02782.jpg,AOP/02782.jpg,3.888843536376953,4
AOP,images/AOP/03645.jpg,AOP/03645.jpg,3.8839006423950195,4
AOP,images/AOP/02528.jpg,AOP/02528.jpg,3.883328676223755,4
AOP,images/AOP/03626.jpg,AOP/03626.jpg,3.8795320987701416,4
AOP,images/AOP/01827.jpg,AOP/01827.jpg,3.877464771270752,4
AOP,images/AOP/03724.jpg,AOP/03724.jpg,3.87404203414917,4
AOP,images/AOP/03010.jpg,AOP/03010.jpg,3.870816230773926,4
AOP,images/AOP/03871.jpg,AOP/03871.jpg,3.8704729080200195,4
AOP,images/AOP/02989.jpg,AOP/02989.jpg,3.8698623180389404,4
AOP,images/AOP/02990.jpg,AOP/02990.jpg,3.8698623180389404,4
AOP,images/AOP/01406.jpg,AOP/01406.jpg,3.8659958839416504,4
AOP,images/AOP/03035.jpg,AOP/03035.jpg,3.8623125553131104,4
AOP,images/AOP/03036.jpg,AOP/03036.jpg,3.8623125553131104,4
AOP,images/AOP/03037.jpg,AOP/03037.jpg,3.8623125553131104,4
AOP,images/AOP/03038.jpg,AOP/03038.jpg,3.8623125553131104,4
AOP,images/AOP/03039.jpg,AOP/03039.jpg,3.8623125553131104,4
AOP,images/AOP/03040.jpg,AOP/03040.jpg,3.8623125553131104,4
AOP,images/AOP/01875.jpg,AOP/01875.jpg,3.8600947856903076,4
AOP,images/AOP/00672.jpg,AOP/00672.jpg,3.854574203491211,4
AOP,images/AOP/02977.jpg,AOP/02977.jpg,3.8507022857666016,4
AOP,images/AOP/01910.jpg,AOP/01910.jpg,3.846491813659668,4
AOP,images/AOP/02510.jpg,AOP/02510.jpg,3.8399219512939453,4
AOP,images/AOP/02140.jpg,AOP/02140.jpg,3.837954044342041,4
AOP,images/AOP/03862.jpg,AOP/03862.jpg,3.8302481174468994,4
AOP,images/AOP/01258.jpg,AOP/01258.jpg,3.828308343887329,4
AOP,images/AOP/02602.jpg,AOP/02602.jpg,3.8243818283081055,4
AOP,images/AOP/00094.jpg,AOP/00094.jpg,3.8236842155456543,4
AOP,images/AOP/03202.jpg,AOP/03202.jpg,3.8211381435394287,4
AOP,images/AOP/03203.jpg,AOP/03203.jpg,3.8211381435394287,4
AOP,images/AOP/02970.jpg,AOP/02970.jpg,3.8207550048828125,4
AOP,images/AOP/02971.jpg,AOP/02971.jpg,3.8207550048828125,4
AOP,images/AOP/02972.jpg,AOP/02972.jpg,3.8207550048828125,4
AOP,images/AOP/02973.jpg,AOP/02973.jpg,3.8207550048828125,4
AOP,images/AOP/02974.jpg,AOP/02974.jpg,3.8207550048828125,4
AOP,images/AOP/00506.jpg,AOP/00506.jpg,3.8167641162872314,4
AOP,images/AOP/03980.jpg,AOP/03980.jpg,3.8150391578674316,4
AOP,images/AOP/00902.jpg,AOP/00902.jpg,3.8121352195739746,4
AOP,images/AOP/01733.jpg,AOP/01733.jpg,3.8105430603027344,4
AOP,images/AOP/03251.jpg,AOP/03251.jpg,3.8093905448913574,4
AOP,images/AOP/02375.jpg,AOP/02375.jpg,3.805966854095459,4
AOP,images/AOP/00234.jpg,AOP/00234.jpg,3.8036770820617676,4
AOP,images/AOP/02365.jpg,AOP/02365.jpg,3.7939484119415283,4
AOP,images/AOP/01051.jpg,AOP/01051.jpg,3.792753219604492,4
AOP,images/AOP/01377.jpg,AOP/01377.jpg,3.78889799118042,4
AOP,images/AOP/01443.jpg,AOP/01443.jpg,3.7874820232391357,4
AOP,images/AOP/02743.jpg,AOP/02743.jpg,3.7838222980499268,4
AOP,images/AOP/01356.jpg,AOP/01356.jpg,3.778140068054199,4
AOP,images/AOP/03345.jpg,AOP/03345.jpg,3.77650785446167,4
AOP,images/AOP/03346.jpg,AOP/03346.jpg,3.77650785446167,4
AOP,images/AOP/03347.jpg,AOP/03347.jpg,3.77650785446167,4
AOP,images/AOP/03348.jpg,AOP/03348.jpg,3.77650785446167,4
AOP,images/AOP/02673.jpg,AOP/02673.jpg,3.7747817039489746,4
AOP,images/AOP/02982.jpg,AOP/02982.jpg,3.7745747566223145,4
AOP,images/AOP/02983.jpg,AOP/02983.jpg,3.7745747566223145,4
AOP,images/AOP/02984.jpg,AOP/02984.jpg,3.7745747566223145,4
AOP,images/AOP/02253.jpg,AOP/02253.jpg,3.7742409706115723,4
AOP,images/AOP/01817.jpg,AOP/01817.jpg,3.763953685760498,4
AOP,images/AOP/00072.jpg,AOP/00072.jpg,3.757108688354492,4
AOP,images/AOP/02536.jpg,AOP/02536.jpg,3.7480859756469727,4
AOP,images/AOP/01622.jpg,AOP/01622.jpg,3.7444636821746826,4
AOP,images/AOP/01633.jpg,AOP/01633.jpg,3.7444636821746826,4
AOP,images/AOP/01549.jpg,AOP/01549.jpg,3.744072198867798,4
AOP,images/AOP/01028.jpg,AOP/01028.jpg,3.7401578426361084,4
AOP,images/AOP/01710.jpg,AOP/01710.jpg,3.739346981048584,4
AOP,images/AOP/02013.jpg,AOP/02013.jpg,3.7189536094665527,4
AOP,images/AOP/03008.jpg,AOP/03008.jpg,3.7109551429748535,4
AOP,images/AOP/03009.jpg,AOP/03009.jpg,3.7109551429748535,4
AOP,images/AOP/02432.jpg,AOP/02432.jpg,3.707887649536133,4
AOP,images/AOP/01686.jpg,AOP/01686.jpg,3.7049031257629395,4
AOP,images/AOP/03796.jpg,AOP/03796.jpg,3.701185941696167,4
AOP,images/AOP/03112.jpg,AOP/03112.jpg,3.699333667755127,4
AOP,images/AOP/03113.jpg,AOP/03113.jpg,3.699333667755127,4
AOP,images/AOP/02313.jpg,AOP/02313.jpg,3.6952624320983887,4
AOP,images/AOP/03910.jpg,AOP/03910.jpg,3.6926746368408203,4
AOP,images/AOP/00201.jpg,AOP/00201.jpg,3.6914401054382324,4
AOP,images/AOP/03244.jpg,AOP/03244.jpg,3.6895089149475098,4
AOP,images/AOP/03245.jpg,AOP/03245.jpg,3.6895089149475098,4
AOP,images/AOP/03246.jpg,AOP/03246.jpg,3.6895089149475098,4
AOP,images/AOP/03247.jpg,AOP/03247.jpg,3.6895089149475098,4
AOP,images/AOP/03248.jpg,AOP/03248.jpg,3.6895089149475098,4
AOP,images/AOP/03249.jpg,AOP/03249.jpg,3.6895089149475098,4
AOP,images/AOP/01031.jpg,AOP/01031.jpg,3.683906316757202,4
AOP,images/AOP/01326.jpg,AOP/01326.jpg,3.6833038330078125,4
AOP,images/AOP/03588.jpg,AOP/03588.jpg,3.6814746856689453,4
AOP,images/AOP/01141.jpg,AOP/01141.jpg,3.6813724040985107,4
AOP,images/AOP/01143.jpg,AOP/01143.jpg,3.6813724040985107,4
AOP,images/AOP/01145.jpg,AOP/01145.jpg,3.6813724040985107,4
AOP,images/AOP/01265.jpg,AOP/01265.jpg,3.6781325340270996,4
AOP,images/AOP/02950.jpg,AOP/02950.jpg,3.6778149604797363,4
AOP,images/AOP/02656.jpg,AOP/02656.jpg,3.675718307495117,4
AOP,images/AOP/03043.jpg,AOP/03043.jpg,3.674924373626709,4
AOP,images/AOP/03044.jpg,AOP/03044.jpg,3.674924373626709,4
AOP,images/AOP/03045.jpg,AOP/03045.jpg,3.674924373626709,4
AOP,images/AOP/03046.jpg,AOP/03046.jpg,3.674924373626709,4
AOP,images/AOP/03047.jpg,AOP/03047.jpg,3.674924373626709,4
AOP,images/AOP/03048.jpg,AOP/03048.jpg,3.674924373626709,4
AOP,images/AOP/03049.jpg,AOP/03049.jpg,3.674924373626709,4
AOP,images/AOP/03050.jpg,AOP/03050.jpg,3.674924373626709,4
AOP,images/AOP/03051.jpg,AOP/03051.jpg,3.674924373626709,4
AOP,images/AOP/02304.jpg,AOP/02304.jpg,3.673180103302002,4
AOP,images/AOP/02324.jpg,AOP/02324.jpg,3.673180103302002,4
AOP,images/AOP/02036.jpg,AOP/02036.jpg,3.6724023818969727,4
AOP,images/AOP/02101.jpg,AOP/02101.jpg,3.6724023818969727,4
AOP,images/AOP/02879.jpg,AOP/02879.jpg,3.6685357093811035,4
AOP,images/AOP/02535.jpg,AOP/02535.jpg,3.6577885150909424,4
AOP,images/AOP/00219.jpg,AOP/00219.jpg,3.6570706367492676,4
AOP,images/AOP/02069.jpg,AOP/02069.jpg,3.6569128036499023,4
AOP,images/AOP/02070.jpg,AOP/02070.jpg,3.6569128036499023,4
AOP,images/AOP/00671.jpg,AOP/00671.jpg,3.654280424118042,4
AOP,images/AOP/02911.jpg,AOP/02911.jpg,3.6507983207702637,4
AOP,images/AOP/02473.jpg,AOP/02473.jpg,3.649353504180908,4
AOP,images/AOP/03061.jpg,AOP/03061.jpg,3.6412601470947266,4
AOP,images/AOP/01330.jpg,AOP/01330.jpg,3.6367592811584473,4
AOP,images/AOP/01702.jpg,AOP/01702.jpg,3.634800434112549,4
AOP,images/AOP/03651.jpg,AOP/03651.jpg,3.6283254623413086,4
AOP,images/AOP/00594.jpg,AOP/00594.jpg,3.622891902923584,4
AOP,images/AOP/00353.jpg,AOP/00353.jpg,3.617898941040039,4
AOP,images/AOP/03726.jpg,AOP/03726.jpg,3.6145105361938477,4
AOP,images/AOP/01693.jpg,AOP/01693.jpg,3.6109836101531982,4
AOP,images/AOP/02866.jpg,AOP/02866.jpg,3.597994327545166,4
AOP,images/AOP/02533.jpg,AOP/02533.jpg,3.5894625186920166,4
AOP,images/AOP/01093.jpg,AOP/01093.jpg,3.5856406688690186,4
AOP,images/AOP/01197.jpg,AOP/01197.jpg,3.582486152648926,4
AOP,images/AOP/01268.jpg,AOP/01268.jpg,3.582486152648926,4
AOP,images/AOP/02967.jpg,AOP/02967.jpg,3.5716392993927,4
AOP,images/AOP/02968.jpg,AOP/02968.jpg,3.5716392993927,4
AOP,images/AOP/02969.jpg,AOP/02969.jpg,3.5716392993927,4
AOP,images/AOP/03865.jpg,AOP/03865.jpg,3.569607734680176,4
AOP,images/AOP/03725.jpg,AOP/03725.jpg,3.567516565322876,4
AOP,images/AOP/02289.jpg,AOP/02289.jpg,3.565027952194214,4
AOP,images/AOP/02332.jpg,AOP/02332.jpg,3.565027952194214,4
AOP,images/AOP/02333.jpg,AOP/02333.jpg,3.565027952194214,4
AOP,images/AOP/01125.jpg,AOP/01125.jpg,3.5632450580596924,4
AOP,images/AOP/03714.jpg,AOP/03714.jpg,3.559375286102295,4
AOP,images/AOP/03715.jpg,AOP/03715.jpg,3.559375286102295,4
AOP,images/AOP/01994.jpg,AOP/01994.jpg,3.5546927452087402,4
AOP,images/AOP/01148.jpg,AOP/01148.jpg,3.553884983062744,4
AOP,images/AOP/01149.jpg,AOP/01149.jpg,3.553884983062744,4
AOP,images/AOP/01150.jpg,AOP/01150.jpg,3.553884983062744,4
AOP,images/AOP/01982.jpg,AOP/01982.jpg,3.551159620285034,4
AOP,images/AOP/02886.jpg,AOP/02886.jpg,3.5511417388916016,4
AOP,images/AOP/01616.jpg,AOP/01616.jpg,3.5476040840148926,4
AOP,images/AOP/01617.jpg,AOP/01617.jpg,3.5476040840148926,4
AOP,images/AOP/03282.jpg,AOP/03282.jpg,3.5429515838623047,4
AOP,images/AOP/03283.jpg,AOP/03283.jpg,3.5429515838623047,4
AOP,images/AOP/03284.jpg,AOP/03284.jpg,3.5429515838623047,4
AOP,images/AOP/03285.jpg,AOP/03285.jpg,3.5429515838623047,4
AOP,images/AOP/03286.jpg,AOP/03286.jpg,3.5429515838623047,4
AOP,images/AOP/03287.jpg,AOP/03287.jpg,3.5429515838623047,4
AOP,images/AOP/03288.jpg,AOP/03288.jpg,3.5429515838623047,4
AOP,images/AOP/02312.jpg,AOP/02312.jpg,3.537558078765869,4
AOP,images/AOP/01108.jpg,AOP/01108.jpg,3.536592960357666,4
AOP,images/AOP/01694.jpg,AOP/01694.jpg,3.5359182357788086,4
AOP,images/AOP/02507.jpg,AOP/02507.jpg,3.5276994705200195,4
AOP,images/AOP/01673.jpg,AOP/01673.jpg,3.5259416103363037,4
AOP,images/AOP/02062.jpg,AOP/02062.jpg,3.521709680557251,4
AOP,images/AOP/00496.jpg,AOP/00496.jpg,3.512434482574463,4
AOP,images/AOP/00976.jpg,AOP/00976.jpg,3.509690284729004,4
AOP,images/AOP/00978.jpg,AOP/00978.jpg,3.509690284729004,4
AOP,images/AOP/03981.jpg,AOP/03981.jpg,3.5088281631469727,4
AOP,images/AOP/00074.jpg,AOP/00074.jpg,3.5049490928649902,4
AOP,images/AOP/00078.jpg,AOP/00078.jpg,3.5049490928649902,4
AOP,images/AOP/01203.jpg,AOP/01203.jpg,3.500460147857666,4
AOP,images/AOP/01170.jpg,AOP/01170.jpg,3.493974447250366,4
AOP,images/AOP/01738.jpg,AOP/01738.jpg,3.4824562072753906,4
AOP,images/AOP/01739.jpg,AOP/01739.jpg,3.4824562072753906,4
AOP,images/AOP/03723.jpg,AOP/03723.jpg,3.4780681133270264,4
AOP,images/AOP/02878.jpg,AOP/02878.jpg,3.4730873107910156,4
AOP,images/AOP/02029.jpg,AOP/02029.jpg,3.4684462547302246,4
AOP,images/AOP/00669.jpg,AOP/00669.jpg,3.46779465675354,4
AOP,images/AOP/02164.jpg,AOP/02164.jpg,3.4629263877868652,4
AOP,images/AOP/03742.jpg,AOP/03742.jpg,3.453740358352661,4
AOP,images/AOP/03337.jpg,AOP/03337.jpg,3.4477059841156006,4
AOP,images/AOP/03338.jpg,AOP/03338.jpg,3.4477059841156006,4
AOP,images/AOP/02877.jpg,AOP/02877.jpg,3.4463512897491455,4
AOP,images/AOP/03482.jpg,AOP/03482.jpg,3.4434428215026855,4
AOP,images/AOP/03483.jpg,AOP/03483.jpg,3.4434428215026855,4
AOP,images/AOP/03484.jpg,AOP/03484.jpg,3.4434428215026855,4
AOP,images/AOP/03485.jpg,AOP/03485.jpg,3.4434428215026855,4
AOP,images/AOP/03486.jpg,AOP/03486.jpg,3.4434428215026855,4
AOP,images/AOP/01204.jpg,AOP/01204.jpg,3.4361939430236816,4
AOP,images/AOP/00971.jpg,AOP/00971.jpg,3.4333271980285645,4
AOP,images/AOP/00972.jpg,AOP/00972.jpg,3.4333271980285645,4
AOP,images/AOP/00973.jpg,AOP/00973.jpg,3.4333271980285645,4
AOP,images/AOP/00974.jpg,AOP/00974.jpg,3.4333271980285645,4
AOP,images/AOP/00980.jpg,AOP/00980.jpg,3.4333271980285645,4
AOP,images/AOP/03654.jpg,AOP/03654.jpg,3.4304981231689453,4
AOP,images/AOP/03936.jpg,AOP/03936.jpg,3.4235565662384033,4
AOP,images/AOP/03430.jpg,AOP/03430.jpg,3.419856548309326,4
AOP,images/AOP/03431.jpg,AOP/03431.jpg,3.419856548309326,4
AOP,images/AOP/03432.jpg,AOP/03432.jpg,3.419856548309326,4
AOP,images/AOP/03433.jpg,AOP/03433.jpg,3.419856548309326,4
AOP,images/AOP/03434.jpg,AOP/03434.jpg,3.419856548309326,4
AOP,images/AOP/03435.jpg,AOP/03435.jpg,3.419856548309326,4
AOP,images/AOP/03436.jpg,AOP/03436.jpg,3.419856548309326,4
AOP,images/AOP/03437.jpg,AOP/03437.jpg,3.419856548309326,4
AOP,images/AOP/03438.jpg,AOP/03438.jpg,3.419856548309326,4
AOP,images/AOP/03439.jpg,AOP/03439.jpg,3.419856548309326,4
AOP,images/AOP/03440.jpg,AOP/03440.jpg,3.419856548309326,4
AOP,images/AOP/03441.jpg,AOP/03441.jpg,3.419856548309326,4
AOP,images/AOP/03442.jpg,AOP/03442.jpg,3.419856548309326,4
AOP,images/AOP/03443.jpg,AOP/03443.jpg,3.419856548309326,4
AOP,images/AOP/03444.jpg,AOP/03444.jpg,3.419856548309326,4
AOP,images/AOP/03445.jpg,AOP/03445.jpg,3.419856548309326,4
AOP,images/AOP/03446.jpg,AOP/03446.jpg,3.419856548309326,4
AOP,images/AOP/03447.jpg,AOP/03447.jpg,3.419856548309326,4
AOP,images/AOP/01353.jpg,AOP/01353.jpg,3.4195570945739746,4
AOP,images/AOP/02026.jpg,AOP/02026.jpg,3.413148880004883,4
AOP,images/AOP/02027.jpg,AOP/02027.jpg,3.413148880004883,4
AOP,images/AOP/01174.jpg,AOP/01174.jpg,3.4019713401794434,4
AOP,images/AOP/01176.jpg,AOP/01176.jpg,3.4019713401794434,4
AOP,images/AOP/01178.jpg,AOP/01178.jpg,3.4019713401794434,4
AOP,images/AOP/01180.jpg,AOP/01180.jpg,3.4019713401794434,4
AOP,images/AOP/01182.jpg,AOP/01182.jpg,3.4019713401794434,4
AOP,images/AOP/01185.jpg,AOP/01185.jpg,3.4019713401794434,4
AOP,images/AOP/01186.jpg,AOP/01186.jpg,3.4019713401794434,4
AOP,images/AOP/01187.jpg,AOP/01187.jpg,3.4019713401794434,4
AOP,images/AOP/03667.jpg,AOP/03667.jpg,3.395536184310913,4
AOP,images/AOP/01992.jpg,AOP/01992.jpg,3.3910887241363525,4
AOP,images/AOP/01097.jpg,AOP/01097.jpg,3.388732433319092,4
AOP,images/AOP/03167.jpg,AOP/03167.jpg,3.379812717437744,4
AOP,images/AOP/03168.jpg,AOP/03168.jpg,3.379812717437744,4
AOP,images/AOP/01571.jpg,AOP/01571.jpg,3.3758387565612793,4
AOP,images/AOP/01842.jpg,AOP/01842.jpg,3.374117851257324,4
AOP,images/AOP/03129.jpg,AOP/03129.jpg,3.3712124824523926,4
AOP,images/AOP/02463.jpg,AOP/02463.jpg,3.364079475402832,4
AOP,images/AOP/03658.jpg,AOP/03658.jpg,3.3591394424438477,4
AOP,images/AOP/00838.jpg,AOP/00838.jpg,3.3464975357055664,4
AOP,images/AOP/03568.jpg,AOP/03568.jpg,3.342620611190796,4
AOP,images/AOP/03569.jpg,AOP/03569.jpg,3.342620611190796,4
AOP,images/AOP/03571.jpg,AOP/03571.jpg,3.342620611190796,4
AOP,images/AOP/03572.jpg,AOP/03572.jpg,3.342620611190796,4
AOP,images/AOP/03573.jpg,AOP/03573.jpg,3.342620611190796,4
AOP,images/AOP/03574.jpg,AOP/03574.jpg,3.342620611190796,4
AOP,images/AOP/01252.jpg,AOP/01252.jpg,3.340592622756958,4
AOP,images/AOP/02846.jpg,AOP/02846.jpg,3.3352603912353516,4
AOP,images/AOP/02047.jpg,AOP/02047.jpg,3.3277785778045654,4
AOP,images/AOP/02072.jpg,AOP/02072.jpg,3.3253936767578125,4
AOP,images/AOP/01510.jpg,AOP/01510.jpg,3.31963849067688,4
AOP,images/AOP/01355.jpg,AOP/01355.jpg,3.31722354888916,4
AOP,images/AOP/03727.jpg,AOP/03727.jpg,3.3149049282073975,4
AOP,images/AOP/01229.jpg,AOP/01229.jpg,3.3074750900268555,4
AOP,images/AOP/01581.jpg,AOP/01581.jpg,3.3047614097595215,4
AOP,images/AOP/00396.jpg,AOP/00396.jpg,3.302124500274658,4
AOP,images/AOP/00397.jpg,AOP/00397.jpg,3.302124500274658,4
AOP,images/AOP/00398.jpg,AOP/00398.jpg,3.302124500274658,4
AOP,images/AOP/03712.jpg,AOP/03712.jpg,3.3018248081207275,4
AOP,images/AOP/03717.jpg,AOP/03717.jpg,3.3018248081207275,4
AOP,images/AOP/03791.jpg,AOP/03791.jpg,3.297816514968872,4
AOP,images/AOP/03586.jpg,AOP/03586.jpg,3.2849247455596924,4
AOP,images/AOP/03587.jpg,AOP/03587.jpg,3.2849247455596924,4
AOP,images/AOP/01509.jpg,AOP/01509.jpg,3.2769291400909424,4
AOP,images/AOP/02998.jpg,AOP/02998.jpg,3.268890380859375,4
AOP,images/AOP/02999.jpg,AOP/02999.jpg,3.268890380859375,4
AOP,images/AOP/03000.jpg,AOP/03000.jpg,3.268890380859375,4
AOP,images/AOP/03001.jpg,AOP/03001.jpg,3.268890380859375,4
AOP,images/AOP/03002.jpg,AOP/03002.jpg,3.268890380859375,4
AOP,images/AOP/03003.jpg,AOP/03003.jpg,3.268890380859375,4
AOP,images/AOP/03006.jpg,AOP/03006.jpg,3.268890380859375,4
AOP,images/AOP/03007.jpg,AOP/03007.jpg,3.268890380859375,4
AOP,images/AOP/02431.jpg,AOP/02431.jpg,3.2633771896362305,4
AOP,images/AOP/02799.jpg,AOP/02799.jpg,3.2573437690734863,4
AOP,images/AOP/02823.jpg,AOP/02823.jpg,3.2517707347869873,4
AOP,images/AOP/02856.jpg,AOP/02856.jpg,3.2362828254699707,4
AOP,images/AOP/02557.jpg,AOP/02557.jpg,3.236018419265747,4
AOP,images/AOP/03801.jpg,AOP/03801.jpg,3.2266106605529785,4
AOP,images/AOP/00410.jpg,AOP/00410.jpg,3.2120118141174316,4
AOP,images/AOP/02937.jpg,AOP/02937.jpg,3.2084903717041016,4
AOP,images/AOP/02288.jpg,AOP/02288.jpg,3.20013689994812,4
AOP,images/AOP/02837.jpg,AOP/02837.jpg,3.194124221801758,4
AOP,images/AOP/02923.jpg,AOP/02923.jpg,3.1841795444488525,4
AOP,images/AOP/02276.jpg,AOP/02276.jpg,3.174870014190674,4
AOP,images/AOP/00677.jpg,AOP/00677.jpg,3.1723408699035645,4
AOP,images/AOP/03833.jpg,AOP/03833.jpg,3.1600494384765625,4
AOP,images/AOP/03940.jpg,AOP/03940.jpg,3.159682273864746,4
AOP,images/AOP/02387.jpg,AOP/02387.jpg,3.1287288665771484,4
AOP,images/AOP/01722.jpg,AOP/01722.jpg,3.1130685806274414,4
AOP,images/AOP/03732.jpg,AOP/03732.jpg,3.108004570007324,4
AOP,images/AOP/01589.jpg,AOP/01589.jpg,3.1048765182495117,4
AOP,images/AOP/01680.jpg,AOP/01680.jpg,3.0990965366363525,4
AOP,images/AOP/02509.jpg,AOP/02509.jpg,3.09316349029541,4
AOP,images/AOP/01329.jpg,AOP/01329.jpg,3.070690631866455,4
AOP,images/AOP/01169.jpg,AOP/01169.jpg,3.063490629196167,4
AOP,images/AOP/01171.jpg,AOP/01171.jpg,3.063490629196167,4
AOP,images/AOP/01172.jpg,AOP/01172.jpg,3.063490629196167,4
AOP,images/AOP/01173.jpg,AOP/01173.jpg,3.063490629196167,4
AOP,images/AOP/01147.jpg,AOP/01147.jpg,3.062592029571533,4
AOP,images/AOP/02456.jpg,AOP/02456.jpg,3.059647560119629,4
AOP,images/AOP/01168.jpg,AOP/01168.jpg,3.0585858821868896,4
AOP,images/AOP/03975.jpg,AOP/03975.jpg,3.0562312602996826,4
AOP,images/AOP/02739.jpg,AOP/02739.jpg,3.0518085956573486,4
AOP,images/AOP/01029.jpg,AOP/01029.jpg,3.048295259475708,4
AOP,images/AOP/01033.jpg,AOP/01033.jpg,3.048295259475708,4
AOP,images/AOP/03183.jpg,AOP/03183.jpg,3.0403807163238525,4
AOP,images/AOP/03184.jpg,AOP/03184.jpg,3.0403807163238525,4
AOP,images/AOP/03186.jpg,AOP/03186.jpg,3.0403807163238525,4
AOP,images/AOP/03187.jpg,AOP/03187.jpg,3.0403807163238525,4
AOP,images/AOP/03041.jpg,AOP/03041.jpg,3.0388221740722656,4
AOP,images/AOP/03042.jpg,AOP/03042.jpg,3.0388221740722656,4
AOP,images/AOP/00373.jpg,AOP/00373.jpg,3.0337321758270264,4
AOP,images/AOP/00520.jpg,AOP/00520.jpg,3.0320522785186768,4
AOP,images/AOP/01534.jpg,AOP/01534.jpg,2.9950437545776367,4
AOP,images/AOP/01190.jpg,AOP/01190.jpg,2.966582775115967,4
AOP,images/AOP/02708.jpg,AOP/02708.jpg,2.962717294692993,4
AOP,images/AOP/03062.jpg,AOP/03062.jpg,2.9402875900268555,4
AOP,images/AOP/03063.jpg,AOP/03063.jpg,2.9402875900268555,4
AOP,images/AOP/00673.jpg,AOP/00673.jpg,2.9340100288391113,4
AOP,images/AOP/02757.jpg,AOP/02757.jpg,2.930659770965576,4
AOP,images/AOP/01266.jpg,AOP/01266.jpg,2.9284749031066895,4
AOP,images/AOP/00505.jpg,AOP/00505.jpg,2.9238076210021973,4
AOP,images/AOP/02197.jpg,AOP/02197.jpg,2.914915084838867,4
AOP,images/AOP/02838.jpg,AOP/02838.jpg,2.905700206756592,4
AOP,images/AOP/03336.jpg,AOP/03336.jpg,2.903841495513916,4
AOP,images/AOP/01786.jpg,AOP/01786.jpg,2.8978004455566406,4
AOP,images/AOP/01480.jpg,AOP/01480.jpg,2.890970230102539,4
AOP,images/AOP/03972.jpg,AOP/03972.jpg,2.864345073699951,4
AOP,images/AOP/02636.jpg,AOP/02636.jpg,2.8384578227996826,4
AOP,images/AOP/02238.jpg,AOP/02238.jpg,2.825650930404663,4
AOP,images/AOP/02038.jpg,AOP/02038.jpg,2.8186421394348145,4
AOP,images/AOP/02581.jpg,AOP/02581.jpg,2.8014445304870605,4
AOP,images/AOP/00014.jpg,AOP/00014.jpg,2.7870254516601562,4
AOP,images/AOP/01952.jpg,AOP/01952.jpg,2.7801711559295654,4
AOP,images/AOP/02049.jpg,AOP/02049.jpg,2.778618097305298,4
AOP,images/AOP/02570.jpg,AOP/02570.jpg,2.7677605152130127,4
AOP,images/AOP/01909.jpg,AOP/01909.jpg,2.757317543029785,4
AOP,images/AOP/03680.jpg,AOP/03680.jpg,2.751044988632202,4
AOP,images/AOP/02060.jpg,AOP/02060.jpg,2.748722553253174,4
AOP,images/AOP/00461.jpg,AOP/00461.jpg,2.745551824569702,4
AOP,images/AOP/02162.jpg,AOP/02162.jpg,2.7164995670318604,4
AOP,images/AOP/01725.jpg,AOP/01725.jpg,2.6948063373565674,4
AOP,images/AOP/03279.jpg,AOP/03279.jpg,2.660595655441284,4
AOP,images/AOP/03280.jpg,AOP/03280.jpg,2.660595655441284,4
AOP,images/AOP/03281.jpg,AOP/03281.jpg,2.660595655441284,4
AOP,images/AOP/03329.jpg,AOP/03329.jpg,2.660595655441284,4
AOP,images/AOP/03330.jpg,AOP/03330.jpg,2.660595655441284,4
AOP,images/AOP/00537.jpg,AOP/00537.jpg,2.649470806121826,4
AOP,images/AOP/03973.jpg,AOP/03973.jpg,2.6481714248657227,4
AOP,images/AOP/00510.jpg,AOP/00510.jpg,2.6340718269348145,4
AOP,images/AOP/01099.jpg,AOP/01099.jpg,2.6264753341674805,4
AOP,images/AOP/00638.jpg,AOP/00638.jpg,2.6083524227142334,4
AOP,images/AOP/01098.jpg,AOP/01098.jpg,2.589895486831665,4
AOP,images/AOP/03839.jpg,AOP/03839.jpg,2.5806291103363037,4
AOP,images/AOP/01230.jpg,AOP/01230.jpg,2.577669143676758,4
AOP,images/AOP/02490.jpg,AOP/02490.jpg,2.560305118560791,4
AOP,images/AOP/02409.jpg,AOP/02409.jpg,2.3918581008911133,4
AOP,images/AOP/02589.jpg,AOP/02589.jpg,2.3693835735321045,4
AOP,images/AOP/00374.jpg,AOP/00374.jpg,2.366919755935669,4
AOP,images/AOP/00967.jpg,AOP/00967.jpg,2.3632843494415283,4
AOP,images/AOP/00969.jpg,AOP/00969.jpg,2.3632843494415283,4
AOP,images/AOP/00290.jpg,AOP/00290.jpg,2.357198476791382,4
AOP,images/AOP/00384.jpg,AOP/00384.jpg,2.3024871349334717,4
AOP,images/AOP/00801.jpg,AOP/00801.jpg,2.2995784282684326,4
AOP,images/AOP/03128.jpg,AOP/03128.jpg,2.26481032371521,4
AOP,images/AOP/01618.jpg,AOP/01618.jpg,2.2260870933532715,4
AOP,images/AOP/03585.jpg,AOP/03585.jpg,2.1952409744262695,4
AOP,images/AOP/01869.jpg,AOP/01869.jpg,2.106989622116089,4
AOP,images/AOP/01590.jpg,AOP/01590.jpg,2.105752468109131,4
AOP,images/AOP/01866.jpg,AOP/01866.jpg,1.7678812742233276,4
AOP,images/AOP/02954.jpg,AOP/02954.jpg,1.7308846712112427,4
AOP,images/AOP/02955.jpg,AOP/02955.jpg,1.7308846712112427,4
AOP,images/AOP/03977.jpg,AOP/03977.jpg,1.7279903888702393,4
AOP,images/AOP/00624.jpg,AOP/00624.jpg,1.5547585487365723,4
FA,images/FA/0107.png,FA/0107.png,59.904911041259766,4
FA,images/FA/0477.png,FA/0477.png,41.44175338745117,4
FA,images/FA/0086.png,FA/0086.png,36.70875930786133,4
FA,images/FA/0211.png,FA/0211.png,35.68171310424805,4
FA,images/FA/0401.png,FA/0401.png,33.72712326049805,4
FA,images/FA/0431.png,FA/0431.png,28.90199851989746,4
FA,images/FA/0152.png,FA/0152.png,28.041784286499023,4
FA,images/FA/0172.png,FA/0172.png,27.48128890991211,4
FA,images/FA/0386.png,FA/0386.png,27.202320098876953,4
FA,images/FA/0120.png,FA/0120.png,27.18954086303711,4
FA,images/FA/0023.png,FA/0023.png,27.142536163330078,4
FA,images/FA/0101.png,FA/0101.png,25.869293212890625,4
FA,images/FA/0060.png,FA/0060.png,25.186628341674805,4
FA,images/FA/0170.png,FA/0170.png,25.08344078063965,4
FA,images/FA/0072.png,FA/0072.png,25.05162811279297,4
FA,images/FA/0026.png,FA/0026.png,25.002004623413086,4
FA,images/FA/0115.png,FA/0115.png,24.827213287353516,4
FA,images/FA/0311.png,FA/0311.png,24.409698486328125,4
FA,images/FA/0173.png,FA/0173.png,24.043188095092773,4
FA,images/FA/0490.png,FA/0490.png,23.399898529052734,4
FA,images/FA/0220.png,FA/0220.png,22.77890968322754,4
FA,images/FA/0234.png,FA/0234.png,22.315000534057617,4
FA,images/FA/0031.png,FA/0031.png,22.243972778320312,4
FA,images/FA/0410.png,FA/0410.png,22.07754898071289,4
FA,images/FA/0296.png,FA/0296.png,21.74011993408203,4
FA,images/FA/0142.png,FA/0142.png,21.727184295654297,4
FA,images/FA/0331.png,FA/0331.png,21.44168472290039,4
FA,images/FA/0266.png,FA/0266.png,21.33837127685547,4
FA,images/FA/0224.png,FA/0224.png,20.996355056762695,4
FA,images/FA/0018.png,FA/0018.png,20.71104621887207,4
FA,images/FA/0087.png,FA/0087.png,20.680618286132812,4
FA,images/FA/0373.png,FA/0373.png,20.524757385253906,4
FA,images/FA/0201.png,FA/0201.png,20.349262237548828,4
FA,images/FA/0042.png,FA/0042.png,19.96480941772461,4
FA,images/FA/0178.png,FA/0178.png,19.83268928527832,4
FA,images/FA/0125.png,FA/0125.png,19.819869995117188,4
FA,images/FA/0353.png,FA/0353.png,19.78546714782715,4
FA,images/FA/0344.png,FA/0344.png,19.462465286254883,4
FA,images/FA/0008.png,FA/0008.png,19.36170768737793,4
FA,images/FA/0186.png,FA/0186.png,19.322816848754883,4
FA,images/FA/0021.png,FA/0021.png,19.11153221130371,4
FA,images/FA/0064.png,FA/0064.png,19.110122680664062,4
FA,images/FA/0130.png,FA/0130.png,19.07494354248047,4
FA,images/FA/0090.png,FA/0090.png,18.93888282775879,4
FA,images/FA/0453.png,FA/0453.png,18.769380569458008,4
FA,images/FA/0205.png,FA/0205.png,18.608463287353516,4
FA,images/FA/0473.png,FA/0473.png,18.586252212524414,4
FA,images/FA/0286.png,FA/0286.png,18.278600692749023,4
FA,images/FA/0483.png,FA/0483.png,18.029170989990234,4
FA,images/FA/0007.png,FA/0007.png,17.581212997436523,4
FA,images/FA/0117.png,FA/0117.png,17.52557373046875,4
FA,images/FA/0437.png,FA/0437.png,17.220558166503906,4
FA,images/FA/0176.png,FA/0176.png,17.048593521118164,4
FA,images/FA/0136.png,FA/0136.png,16.964468002319336,4
FA,images/FA/0056.png,FA/0056.png,16.793981552124023,4
FA,images/FA/0238.png,FA/0238.png,16.706878662109375,4
FA,images/FA/0418.png,FA/0418.png,16.551462173461914,4
FA,images/FA/0043.png,FA/0043.png,16.35308074951172,4
FA,images/FA/0426.png,FA/0426.png,16.200000762939453,4
FA,images/FA/0014.png,FA/0014.png,16.135509490966797,4
FA,images/FA/0241.png,FA/0241.png,16.118576049804688,4
FA,images/FA/0150.png,FA/0150.png,15.723690032958984,4
FA,images/FA/0478.png,FA/0478.png,15.71479606628418,4
FA,images/FA/0407.png,FA/0407.png,15.690853118896484,4
FA,images/FA/0180.png,FA/0180.png,15.176966667175293,4
FA,images/FA/0011.png,FA/0011.png,15.139656066894531,4
FA,images/FA/0263.png,FA/0263.png,14.994706153869629,4
FA,images/FA/0261.png,FA/0261.png,14.965255737304688,4
FA,images/FA/0108.png,FA/0108.png,14.933478355407715,4
FA,images/FA/0499.png,FA/0499.png,14.88535213470459,4
FA,images/FA/0157.png,FA/0157.png,14.875113487243652,4
FA,images/FA/0122.png,FA/0122.png,14.843215942382812,4
FA,images/FA/0191.png,FA/0191.png,14.839800834655762,4
FA,images/FA/0160.png,FA/0160.png,14.801365852355957,4
FA,images/FA/0203.png,FA/0203.png,14.735187530517578,4
FA,images/FA/0012.png,FA/0012.png,14.721141815185547,4
FA,images/FA/0320.png,FA/0320.png,14.661626815795898,4
FA,images/FA/0030.png,FA/0030.png,14.605924606323242,4
FA,images/FA/0046.png,FA/0046.png,14.500615119934082,4
FA,images/FA/0415.png,FA/0415.png,14.455018997192383,4
FA,images/FA/0360.png,FA/0360.png,14.297125816345215,4
FA,images/FA/0299.png,FA/0299.png,14.271411895751953,4
FA,images/FA/0013.png,FA/0013.png,14.265369415283203,4
FA,images/FA/0366.png,FA/0366.png,14.192289352416992,4
FA,images/FA/0103.png,FA/0103.png,14.181121826171875,4
FA,images/FA/0015.png,FA/0015.png,14.179521560668945,4
FA,images/FA/0088.png,FA/0088.png,14.128568649291992,4
FA,images/FA/0276.png,FA/0276.png,13.958369255065918,4
FA,images/FA/0265.png,FA/0265.png,13.89388656616211,4
FA,images/FA/0104.png,FA/0104.png,13.834081649780273,4
FA,images/FA/0147.png,FA/0147.png,13.780561447143555,4
FA,images/FA/0370.png,FA/0370.png,13.767288208007812,4
FA,images/FA/0247.png,FA/0247.png,13.601879119873047,4
FA,images/FA/0096.png,FA/0096.png,13.58726692199707,4
FA,images/FA/0295.png,FA/0295.png,13.583474159240723,4
FA,images/FA/0298.png,FA/0298.png,13.583454132080078,4
FA,images/FA/0109.png,FA/0109.png,13.547780990600586,4
FA,images/FA/0280.png,FA/0280.png,13.511078834533691,4
FA,images/FA/0327.png,FA/0327.png,13.453798294067383,4
FA,images/FA/0395.png,FA/0395.png,13.43105411529541,4
FA,images/FA/0082.png,FA/0082.png,13.409409523010254,4
FA,images/FA/0380.png,FA/0380.png,13.391068458557129,4
FA,images/FA/0094.png,FA/0094.png,13.358698844909668,4
FA,images/FA/0146.png,FA/0146.png,13.278932571411133,4
FA,images/FA/0288.png,FA/0288.png,13.23486328125,4
FA,images/FA/0089.png,FA/0089.png,13.189579010009766,4
FA,images/FA/0033.png,FA/0033.png,13.168163299560547,4
FA,images/FA/0390.png,FA/0390.png,13.071610450744629,4
FA,images/FA/0284.png,FA/0284.png,13.01301097869873,4
FA,images/FA/0063.png,FA/0063.png,12.921313285827637,4
FA,images/FA/0174.png,FA/0174.png,12.91559886932373,4
FA,images/FA/0244.png,FA/0244.png,12.861713409423828,4
FA,images/FA/0500.png,FA/0500.png,12.842275619506836,4
FA,images/FA/0135.png,FA/0135.png,12.815380096435547,4
FA,images/FA/0230.png,FA/0230.png,12.769742012023926,4
FA,images/FA/0204.png,FA/0204.png,12.761019706726074,4
FA,images/FA/0315.png,FA/0315.png,12.749748229980469,4
FA,images/FA/0207.png,FA/0207.png,12.725919723510742,4
FA,images/FA/0037.png,FA/0037.png,12.710305213928223,4
FA,images/FA/0424.png,FA/0424.png,12.659798622131348,4
FA,images/FA/0481.png,FA/0481.png,12.640347480773926,4
FA,images/FA/0105.png,FA/0105.png,12.629140853881836,4
FA,images/FA/0167.png,FA/0167.png,12.602783203125,4
FA,images/FA/0097.png,FA/0097.png,12.586509704589844,4
FA,images/FA/0381.png,FA/0381.png,12.57384204864502,4
FA,images/FA/0112.png,FA/0112.png,12.532580375671387,4
FA,images/FA/0164.png,FA/0164.png,12.491288185119629,4
FA,images/FA/0055.png,FA/0055.png,12.340643882751465,4
FA,images/FA/0489.png,FA/0489.png,12.293014526367188,4
FA,images/FA/0413.png,FA/0413.png,12.27765941619873,4
FA,images/FA/0399.png,FA/0399.png,12.264385223388672,4
FA,images/FA/0278.png,FA/0278.png,12.249717712402344,4
FA,images/FA/0356.png,FA/0356.png,12.230524063110352,4
FA,images/FA/0404.png,FA/0404.png,12.200830459594727,4
FA,images/FA/0114.png,FA/0114.png,12.145466804504395,4
FA,images/FA/0005.png,FA/0005.png,12.145224571228027,4
FA,images/FA/0267.png,FA/0267.png,12.100510597229004,4
FA,images/FA/0398.png,FA/0398.png,12.080046653747559,4
FA,images/FA/0277.png,FA/0277.png,12.032779693603516,4
FA,images/FA/0187.png,FA/0187.png,12.023677825927734,4
FA,images/FA/0333.png,FA/0333.png,11.997360229492188,4
FA,images/FA/0239.png,FA/0239.png,11.992349624633789,4
FA,images/FA/0487.png,FA/0487.png,11.946807861328125,4
FA,images/FA/0326.png,FA/0326.png,11.940348625183105,4
FA,images/FA/0151.png,FA/0151.png,11.907888412475586,4
FA,images/FA/0006.png,FA/0006.png,11.900264739990234,4
FA,images/FA/0001.png,FA/0001.png,11.89532470703125,4
FA,images/FA/0219.png,FA/0219.png,11.884000778198242,4
FA,images/FA/0083.png,FA/0083.png,11.855815887451172,4
FA,images/FA/0443.png,FA/0443.png,11.80333137512207,4
FA,images/FA/0336.png,FA/0336.png,11.773252487182617,4
FA,images/FA/0372.png,FA/0372.png,11.762322425842285,4
FA,images/FA/0461.png,FA/0461.png,11.707559585571289,4
FA,images/FA/0166.png,FA/0166.png,11.689315795898438,4
FA,images/FA/0388.png,FA/0388.png,11.682655334472656,4
FA,images/FA/0361.png,FA/0361.png,11.681175231933594,4
FA,images/FA/0417.png,FA/0417.png,11.67085075378418,4
FA,images/FA/0077.png,FA/0077.png,11.66603946685791,4
FA,images/FA/0432.png,FA/0432.png,11.656280517578125,4
FA,images/FA/0310.png,FA/0310.png,11.65039348602295,4
FA,images/FA/0121.png,FA/0121.png,11.650386810302734,4
FA,images/FA/0480.png,FA/0480.png,11.60018253326416,4
FA,images/FA/0422.png,FA/0422.png,11.572237014770508,4
FA,images/FA/0091.png,FA/0091.png,11.571897506713867,4
FA,images/FA/0143.png,FA/0143.png,11.569427490234375,4
FA,images/FA/0095.png,FA/0095.png,11.522356986999512,4
FA,images/FA/0292.png,FA/0292.png,11.516990661621094,4
FA,images/FA/0334.png,FA/0334.png,11.48743724822998,4
FA,images/FA/0352.png,FA/0352.png,11.473430633544922,4
FA,images/FA/0190.png,FA/0190.png,11.420304298400879,4
FA,images/FA/0419.png,FA/0419.png,11.400186538696289,4
FA,images/FA/0321.png,FA/0321.png,11.329717636108398,4
FA,images/FA/0017.png,FA/0017.png,11.32876205444336,4
FA,images/FA/0485.png,FA/0485.png,11.314741134643555,4
FA,images/FA/0285.png,FA/0285.png,11.31096076965332,4
FA,images/FA/0377.png,FA/0377.png,11.238744735717773,4
FA,images/FA/0113.png,FA/0113.png,11.231014251708984,4
FA,images/FA/0362.png,FA/0362.png,11.228349685668945,4
FA,images/FA/0124.png,FA/0124.png,11.222277641296387,4
FA,images/FA/0183.png,FA/0183.png,11.171886444091797,4
FA,images/FA/0301.png,FA/0301.png,11.169062614440918,4
FA,images/FA/0231.png,FA/0231.png,11.165641784667969,4
FA,images/FA/0070.png,FA/0070.png,11.16312026977539,4
FA,images/FA/0317.png,FA/0317.png,11.159112930297852,4
FA,images/FA/0016.png,FA/0016.png,11.110280990600586,4
FA,images/FA/0010.png,FA/0010.png,11.068183898925781,4
FA,images/FA/0305.png,FA/0305.png,11.048890113830566,4
FA,images/FA/0022.png,FA/0022.png,11.044245719909668,4
FA,images/FA/0440.png,FA/0440.png,11.042190551757812,4
FA,images/FA/0289.png,FA/0289.png,11.034131050109863,4
FA,images/FA/0075.png,FA/0075.png,11.032546997070312,4
FA,images/FA/0393.png,FA/0393.png,11.01371955871582,4
FA,images/FA/0080.png,FA/0080.png,10.985599517822266,4
FA,images/FA/0322.png,FA/0322.png,10.974297523498535,4
FA,images/FA/0498.png,FA/0498.png,10.968652725219727,4
FA,images/FA/0144.png,FA/0144.png,10.961206436157227,4
FA,images/FA/0155.png,FA/0155.png,10.958312034606934,4
FA,images/FA/0439.png,FA/0439.png,10.905937194824219,4
FA,images/FA/0447.png,FA/0447.png,10.891228675842285,4
FA,images/FA/0423.png,FA/0423.png,10.891196250915527,4
FA,images/FA/0084.png,FA/0084.png,10.862847328186035,4
FA,images/FA/0165.png,FA/0165.png,10.8582763671875,4
FA,images/FA/0039.png,FA/0039.png,10.857385635375977,4
FA,images/FA/0159.png,FA/0159.png,10.833523750305176,4
FA,images/FA/0355.png,FA/0355.png,10.826764106750488,4
FA,images/FA/0456.png,FA/0456.png,10.80727481842041,4
FA,images/FA/0494.png,FA/0494.png,10.791559219360352,4
FA,images/FA/0290.png,FA/0290.png,10.789977073669434,4
FA,images/FA/0468.png,FA/0468.png,10.787910461425781,4
FA,images/FA/0491.png,FA/0491.png,10.781250953674316,4
FA,images/FA/0129.png,FA/0129.png,10.774532318115234,4
FA,images/FA/0479.png,FA/0479.png,10.749876022338867,4
FA,images/FA/0168.png,FA/0168.png,10.731736183166504,4
FA,images/FA/0128.png,FA/0128.png,10.709407806396484,4
FA,images/FA/0019.png,FA/0019.png,10.70766830444336,4
FA,images/FA/0100.png,FA/0100.png,10.693178176879883,4
FA,images/FA/0252.png,FA/0252.png,10.681132316589355,4
FA,images/FA/0260.png,FA/0260.png,10.673575401306152,4
FA,images/FA/0474.png,FA/0474.png,10.664957046508789,4
FA,images/FA/0262.png,FA/0262.png,10.6613187789917,4
FA,images/FA/0040.png,FA/0040.png,10.648951530456543,4
FA,images/FA/0032.png,FA/0032.png,10.648651123046875,4
FA,images/FA/0403.png,FA/0403.png,10.642300605773926,4
FA,images/FA/0066.png,FA/0066.png,10.617613792419434,4
FA,images/FA/0227.png,FA/0227.png,10.591912269592285,4
FA,images/FA/0171.png,FA/0171.png,10.575859069824219,4
FA,images/FA/0093.png,FA/0093.png,10.571319580078125,4
FA,images/FA/0347.png,FA/0347.png,10.56220817565918,4
FA,images/FA/0325.png,FA/0325.png,10.492807388305664,4
FA,images/FA/0335.png,FA/0335.png,10.45289134979248,4
FA,images/FA/0024.png,FA/0024.png,10.410319328308105,4
FA,images/FA/0294.png,FA/0294.png,10.3812837600708,4
FA,images/FA/0272.png,FA/0272.png,10.320549964904785,4
FA,images/FA/0486.png,FA/0486.png,10.316519737243652,4
FA,images/FA/0397.png,FA/0397.png,10.311724662780762,4
FA,images/FA/0049.png,FA/0049.png,10.308500289916992,4
FA,images/FA/0044.png,FA/0044.png,10.298489570617676,4
FA,images/FA/0420.png,FA/0420.png,10.297393798828125,4
FA,images/FA/0123.png,FA/0123.png,10.28618335723877,4
FA,images/FA/0385.png,FA/0385.png,10.248835563659668,4
FA,images/FA/0451.png,FA/0451.png,10.228669166564941,4
FA,images/FA/0062.png,FA/0062.png,10.22380256652832,4
FA,images/FA/0364.png,FA/0364.png,10.218080520629883,4
FA,images/FA/0153.png,FA/0153.png,10.21325397491455,4
FA,images/FA/0488.png,FA/0488.png,10.196126937866211,4
FA,images/FA/0472.png,FA/0472.png,10.155315399169922,4
FA,images/FA/0442.png,FA/0442.png,10.14666748046875,4
FA,images/FA/0148.png,FA/0148.png,10.124547004699707,4
FA,images/FA/0324.png,FA/0324.png,10.083595275878906,4
FA,images/FA/0329.png,FA/0329.png,10.043414115905762,4
FA,images/FA/0427.png,FA/0427.png,10.036229133605957,4
FA,images/FA/0408.png,FA/0408.png,10.009048461914062,4
FA,images/FA/0300.png,FA/0300.png,9.978806495666504,4
FA,images/FA/0020.png,FA/0020.png,9.955450057983398,4
FA,images/FA/0228.png,FA/0228.png,9.949301719665527,4
FA,images/FA/0287.png,FA/0287.png,9.912628173828125,4
FA,images/FA/0306.png,FA/0306.png,9.898694038391113,4
FA,images/FA/0139.png,FA/0139.png,9.797069549560547,4
FA,images/FA/0003.png,FA/0003.png,9.723179817199707,4
FA,images/FA/0027.png,FA/0027.png,9.714244842529297,4
FA,images/FA/0482.png,FA/0482.png,9.66799545288086,4
FA,images/FA/0156.png,FA/0156.png,9.661426544189453,4
FA,images/FA/0337.png,FA/0337.png,9.609428405761719,4
FA,images/FA/0367.png,FA/0367.png,9.601278305053711,4
FA,images/FA/0462.png,FA/0462.png,9.600922584533691,4
FA,images/FA/0376.png,FA/0376.png,9.59385871887207,4
FA,images/FA/0457.png,FA/0457.png,9.589262008666992,4
FA,images/FA/0225.png,FA/0225.png,9.578067779541016,4
FA,images/FA/0350.png,FA/0350.png,9.538651466369629,4
FA,images/FA/0185.png,FA/0185.png,9.519366264343262,4
FA,images/FA/0193.png,FA/0193.png,9.489657402038574,4
FA,images/FA/0069.png,FA/0069.png,9.470706939697266,4
FA,images/FA/0416.png,FA/0416.png,9.44864273071289,4
FA,images/FA/0041.png,FA/0041.png,9.436602592468262,4
FA,images/FA/0141.png,FA/0141.png,9.435956001281738,4
FA,images/FA/0396.png,FA/0396.png,9.394354820251465,4
FA,images/FA/0175.png,FA/0175.png,9.389043807983398,4
FA,images/FA/0402.png,FA/0402.png,9.381553649902344,4
FA,images/FA/0283.png,FA/0283.png,9.372270584106445,4
FA,images/FA/0484.png,FA/0484.png,9.336509704589844,4
FA,images/FA/0132.png,FA/0132.png,9.334092140197754,4
FA,images/FA/0256.png,FA/0256.png,9.33205795288086,4
FA,images/FA/0213.png,FA/0213.png,9.331867218017578,4
FA,images/FA/0445.png,FA/0445.png,9.267338752746582,4
FA,images/FA/0245.png,FA/0245.png,9.263378143310547,4
FA,images/FA/0441.png,FA/0441.png,9.258831024169922,4
FA,images/FA/0470.png,FA/0470.png,9.239922523498535,4
FA,images/FA/0371.png,FA/0371.png,9.239678382873535,4
FA,images/FA/0149.png,FA/0149.png,9.23165225982666,4
FA,images/FA/0279.png,FA/0279.png,9.217750549316406,4
FA,images/FA/0425.png,FA/0425.png,9.216497421264648,4
FA,images/FA/0188.png,FA/0188.png,9.201272964477539,4
FA,images/FA/0138.png,FA/0138.png,9.185816764831543,4
FA,images/FA/0452.png,FA/0452.png,9.183731079101562,4
FA,images/FA/0435.png,FA/0435.png,9.16474723815918,4
FA,images/FA/0208.png,FA/0208.png,9.109420776367188,4
FA,images/FA/0161.png,FA/0161.png,9.101851463317871,4
FA,images/FA/0099.png,FA/0099.png,9.085664749145508,4
FA,images/FA/0338.png,FA/0338.png,9.048210144042969,4
FA,images/FA/0078.png,FA/0078.png,9.042037963867188,4
FA,images/FA/0158.png,FA/0158.png,9.039655685424805,4
FA,images/FA/0316.png,FA/0316.png,9.036115646362305,4
FA,images/FA/0378.png,FA/0378.png,9.034215927124023,4
FA,images/FA/0079.png,FA/0079.png,8.999387741088867,4
FA,images/FA/0318.png,FA/0318.png,8.978832244873047,4
FA,images/FA/0358.png,FA/0358.png,8.978761672973633,4
FA,images/FA/0169.png,FA/0169.png,8.972139358520508,4
FA,images/FA/0328.png,FA/0328.png,8.926267623901367,4
FA,images/FA/0182.png,FA/0182.png,8.924324989318848,4
FA,images/FA/0268.png,FA/0268.png,8.921971321105957,4
FA,images/FA/0446.png,FA/0446.png,8.916175842285156,4
FA,images/FA/0215.png,FA/0215.png,8.91305160522461,4
FA,images/FA/0495.png,FA/0495.png,8.872849464416504,4
FA,images/FA/0459.png,FA/0459.png,8.826333999633789,4
FA,images/FA/0002.png,FA/0002.png,8.821239471435547,4
FA,images/FA/0110.png,FA/0110.png,8.807445526123047,4
FA,images/FA/0323.png,FA/0323.png,8.802691459655762,4
FA,images/FA/0206.png,FA/0206.png,8.787444114685059,4
FA,images/FA/0383.png,FA/0383.png,8.734224319458008,4
FA,images/FA/0051.png,FA/0051.png,8.72684097290039,4
FA,images/FA/0154.png,FA/0154.png,8.688865661621094,4
FA,images/FA/0274.png,FA/0274.png,8.653640747070312,4
FA,images/FA/0291.png,FA/0291.png,8.65252685546875,4
FA,images/FA/0202.png,FA/0202.png,8.620721817016602,4
FA,images/FA/0330.png,FA/0330.png,8.61008358001709,4
FA,images/FA/0214.png,FA/0214.png,8.547433853149414,4
FA,images/FA/0255.png,FA/0255.png,8.53604507446289,4
FA,images/FA/0229.png,FA/0229.png,8.523247718811035,4
FA,images/FA/0253.png,FA/0253.png,8.50563907623291,4
FA,images/FA/0264.png,FA/0264.png,8.502280235290527,4
FA,images/FA/0058.png,FA/0058.png,8.45541763305664,4
FA,images/FA/0235.png,FA/0235.png,8.389501571655273,4
FA,images/FA/0119.png,FA/0119.png,8.330808639526367,4
FA,images/FA/0059.png,FA/0059.png,8.32020092010498,4
FA,images/FA/0140.png,FA/0140.png,8.31515121459961,4
FA,images/FA/0216.png,FA/0216.png,8.297871589660645,4
FA,images/FA/0126.png,FA/0126.png,8.285394668579102,4
FA,images/FA/0184.png,FA/0184.png,8.274517059326172,4
FA,images/FA/0181.png,FA/0181.png,8.270781517028809,4
FA,images/FA/0319.png,FA/0319.png,8.238373756408691,4
FA,images/FA/0242.png,FA/0242.png,8.227397918701172,4
FA,images/FA/0359.png,FA/0359.png,8.220471382141113,4
FA,images/FA/0102.png,FA/0102.png,8.209342956542969,4
FA,images/FA/0212.png,FA/0212.png,8.190065383911133,4
FA,images/FA/0197.png,FA/0197.png,8.189048767089844,4
FA,images/FA/0309.png,FA/0309.png,8.148983001708984,4
FA,images/FA/0009.png,FA/0009.png,8.1293363571167,4
FA,images/FA/0198.png,FA/0198.png,8.120896339416504,4
FA,images/FA/0465.png,FA/0465.png,8.106321334838867,4
FA,images/FA/0392.png,FA/0392.png,8.105731964111328,4
FA,images/FA/0444.png,FA/0444.png,8.090192794799805,4
FA,images/FA/0340.png,FA/0340.png,8.082462310791016,4
FA,images/FA/0217.png,FA/0217.png,8.051217079162598,4
FA,images/FA/0258.png,FA/0258.png,8.051016807556152,4
FA,images/FA/0463.png,FA/0463.png,8.033458709716797,4
FA,images/FA/0196.png,FA/0196.png,8.009001731872559,4
FA,images/FA/0226.png,FA/0226.png,7.985626220703125,4
FA,images/FA/0297.png,FA/0297.png,7.9708476066589355,4
FA,images/FA/0455.png,FA/0455.png,7.968976974487305,4
FA,images/FA/0195.png,FA/0195.png,7.963815212249756,4
FA,images/FA/0038.png,FA/0038.png,7.956595420837402,4
FA,images/FA/0497.png,FA/0497.png,7.936830043792725,4
FA,images/FA/0436.png,FA/0436.png,7.9249067306518555,4
FA,images/FA/0047.png,FA/0047.png,7.916041374206543,4
FA,images/FA/0411.png,FA/0411.png,7.907325267791748,4
FA,images/FA/0259.png,FA/0259.png,7.900065898895264,4
FA,images/FA/0449.png,FA/0449.png,7.888628959655762,4
FA,images/FA/0145.png,FA/0145.png,7.830007076263428,4
FA,images/FA/0163.png,FA/0163.png,7.818670272827148,4
FA,images/FA/0249.png,FA/0249.png,7.814785957336426,4
FA,images/FA/0233.png,FA/0233.png,7.804290771484375,4
FA,images/FA/0054.png,FA/0054.png,7.780670166015625,4
FA,images/FA/0346.png,FA/0346.png,7.770256042480469,4
FA,images/FA/0232.png,FA/0232.png,7.769321441650391,4
FA,images/FA/0092.png,FA/0092.png,7.765887260437012,4
FA,images/FA/0374.png,FA/0374.png,7.76555871963501,4
FA,images/FA/0076.png,FA/0076.png,7.758554458618164,4
FA,images/FA/0492.png,FA/0492.png,7.736541748046875,4
FA,images/FA/0281.png,FA/0281.png,7.729765892028809,4
FA,images/FA/0375.png,FA/0375.png,7.718888282775879,4
FA,images/FA/0471.png,FA/0471.png,7.7139129638671875,4
FA,images/FA/0394.png,FA/0394.png,7.697112560272217,4
FA,images/FA/0271.png,FA/0271.png,7.649373531341553,4
FA,images/FA/0365.png,FA/0365.png,7.5748138427734375,4
FA,images/FA/0199.png,FA/0199.png,7.562396049499512,4
FA,images/FA/0071.png,FA/0071.png,7.5610857009887695,4
FA,images/FA/0304.png,FA/0304.png,7.525315284729004,4
FA,images/FA/0354.png,FA/0354.png,7.488345146179199,4
FA,images/FA/0387.png,FA/0387.png,7.480175018310547,4
FA,images/FA/0061.png,FA/0061.png,7.374667644500732,4
FA,images/FA/0177.png,FA/0177.png,7.360823154449463,4
FA,images/FA/0368.png,FA/0368.png,7.352971076965332,4
FA,images/FA/0192.png,FA/0192.png,7.345091342926025,4
FA,images/FA/0409.png,FA/0409.png,7.33277702331543,4
FA,images/FA/0270.png,FA/0270.png,7.329496383666992,4
FA,images/FA/0400.png,FA/0400.png,7.326190948486328,4
FA,images/FA/0065.png,FA/0065.png,7.3021063804626465,4
FA,images/FA/0050.png,FA/0050.png,7.300507545471191,4
FA,images/FA/0428.png,FA/0428.png,7.284275054931641,4
FA,images/FA/0209.png,FA/0209.png,7.282628059387207,4
FA,images/FA/0240.png,FA/0240.png,7.270951747894287,4
FA,images/FA/0222.png,FA/0222.png,7.262764930725098,4
FA,images/FA/0036.png,FA/0036.png,7.260016441345215,4
FA,images/FA/0430.png,FA/0430.png,7.252756118774414,4
FA,images/FA/0111.png,FA/0111.png,7.245781898498535,4
FA,images/FA/0493.png,FA/0493.png,7.236717224121094,4
FA,images/FA/0248.png,FA/0248.png,7.2273993492126465,4
FA,images/FA/0342.png,FA/0342.png,7.140885353088379,4
FA,images/FA/0068.png,FA/0068.png,7.1130757331848145,4
FA,images/FA/0189.png,FA/0189.png,7.08959436416626,4
FA,images/FA/0085.png,FA/0085.png,7.075239658355713,4
FA,images/FA/0363.png,FA/0363.png,7.070456504821777,4
FA,images/FA/0351.png,FA/0351.png,7.053806304931641,4
FA,images/FA/0308.png,FA/0308.png,7.052577018737793,4
FA,images/FA/0382.png,FA/0382.png,7.021243572235107,4
FA,images/FA/0379.png,FA/0379.png,7.003140449523926,4
FA,images/FA/0454.png,FA/0454.png,6.9973015785217285,4
FA,images/FA/0025.png,FA/0025.png,6.967360496520996,4
FA,images/FA/0127.png,FA/0127.png,6.955990791320801,4
FA,images/FA/0312.png,FA/0312.png,6.93726921081543,4
FA,images/FA/0475.png,FA/0475.png,6.9327192306518555,4
FA,images/FA/0464.png,FA/0464.png,6.925049781799316,4
FA,images/FA/0081.png,FA/0081.png,6.8657355308532715,4
FA,images/FA/0391.png,FA/0391.png,6.845722675323486,4
FA,images/FA/0218.png,FA/0218.png,6.8370361328125,4
FA,images/FA/0254.png,FA/0254.png,6.81571102142334,4
FA,images/FA/0221.png,FA/0221.png,6.810233116149902,4
FA,images/FA/0421.png,FA/0421.png,6.800983905792236,4
FA,images/FA/0357.png,FA/0357.png,6.796526908874512,4
FA,images/FA/0448.png,FA/0448.png,6.7917256355285645,4
FA,images/FA/0236.png,FA/0236.png,6.773782730102539,4
FA,images/FA/0307.png,FA/0307.png,6.7544169425964355,4
FA,images/FA/0476.png,FA/0476.png,6.698809623718262,4
FA,images/FA/0293.png,FA/0293.png,6.695133209228516,4
FA,images/FA/0496.png,FA/0496.png,6.684157371520996,4
FA,images/FA/0314.png,FA/0314.png,6.669882774353027,4
FA,images/FA/0349.png,FA/0349.png,6.620190620422363,4
FA,images/FA/0348.png,FA/0348.png,6.614511966705322,4
FA,images/FA/0118.png,FA/0118.png,6.612724304199219,4
FA,images/FA/0045.png,FA/0045.png,6.598243713378906,4
FA,images/FA/0467.png,FA/0467.png,6.53923225402832,4
FA,images/FA/0343.png,FA/0343.png,6.532762050628662,4
FA,images/FA/0251.png,FA/0251.png,6.5254669189453125,4
FA,images/FA/0052.png,FA/0052.png,6.480710506439209,4
FA,images/FA/0053.png,FA/0053.png,6.439403533935547,4
FA,images/FA/0429.png,FA/0429.png,6.411840438842773,4
FA,images/FA/0223.png,FA/0223.png,6.387449264526367,4
FA,images/FA/0200.png,FA/0200.png,6.368565559387207,4
FA,images/FA/0269.png,FA/0269.png,6.3538079261779785,4
FA,images/FA/0414.png,FA/0414.png,6.303782939910889,4
FA,images/FA/0074.png,FA/0074.png,6.2800140380859375,4
FA,images/FA/0210.png,FA/0210.png,6.231107711791992,4
FA,images/FA/0098.png,FA/0098.png,6.1666178703308105,4
FA,images/FA/0434.png,FA/0434.png,6.158868789672852,4
FA,images/FA/0412.png,FA/0412.png,6.106431484222412,4
FA,images/FA/0134.png,FA/0134.png,6.098922252655029,4
FA,images/FA/0438.png,FA/0438.png,6.052990913391113,4
FA,images/FA/0137.png,FA/0137.png,6.023796558380127,4
FA,images/FA/0035.png,FA/0035.png,5.993656158447266,4
FA,images/FA/0275.png,FA/0275.png,5.991226673126221,4
FA,images/FA/0106.png,FA/0106.png,5.975942134857178,4
FA,images/FA/0194.png,FA/0194.png,5.941413879394531,4
FA,images/FA/0332.png,FA/0332.png,5.889607906341553,4
FA,images/FA/0458.png,FA/0458.png,5.870635509490967,4
FA,images/FA/0034.png,FA/0034.png,5.85622501373291,4
FA,images/FA/0460.png,FA/0460.png,5.83423376083374,4
FA,images/FA/0067.png,FA/0067.png,5.791655540466309,4
FA,images/FA/0179.png,FA/0179.png,5.7861247062683105,4
FA,images/FA/0450.png,FA/0450.png,5.753920555114746,4
FA,images/FA/0133.png,FA/0133.png,5.736968040466309,4
FA,images/FA/0250.png,FA/0250.png,5.723081588745117,4
FA,images/FA/0116.png,FA/0116.png,5.690171241760254,4
FA,images/FA/0057.png,FA/0057.png,5.689708709716797,4
FA,images/FA/0073.png,FA/0073.png,5.594369888305664,4
FA,images/FA/0243.png,FA/0243.png,5.529636859893799,4
FA,images/FA/0048.png,FA/0048.png,5.525010585784912,4
FA,images/FA/0466.png,FA/0466.png,5.446104049682617,4
FA,images/FA/0028.png,FA/0028.png,5.440394878387451,4
FA,images/FA/0313.png,FA/0313.png,5.3887763023376465,4
FA,images/FA/0369.png,FA/0369.png,5.38001012802124,4
FA,images/FA/0339.png,FA/0339.png,5.309485912322998,4
FA,images/FA/0302.png,FA/0302.png,5.178251266479492,4
FA,images/FA/0433.png,FA/0433.png,5.172759056091309,4
FA,images/FA/0469.png,FA/0469.png,5.113149166107178,4
FA,images/FA/0389.png,FA/0389.png,5.082128524780273,4
FA,images/FA/0406.png,FA/0406.png,5.038854122161865,4
FA,images/FA/0303.png,FA/0303.png,5.030617713928223,4
FA,images/FA/0257.png,FA/0257.png,5.002739906311035,4
FA,images/FA/0405.png,FA/0405.png,4.997547626495361,4
FA,images/FA/0029.png,FA/0029.png,4.991408824920654,4
FA,images/FA/0246.png,FA/0246.png,4.885804653167725,4
FA,images/FA/0131.png,FA/0131.png,4.826408386230469,4
FA,images/FA/0004.png,FA/0004.png,4.7952446937561035,4
FA,images/FA/0162.png,FA/0162.png,4.680479526519775,4
FA,images/FA/0341.png,FA/0341.png,4.679216384887695,4
FA,images/FA/0345.png,FA/0345.png,4.487330436706543,4
FA,images/FA/0384.png,FA/0384.png,4.3429951667785645,4
FA,images/FA/0282.png,FA/0282.png,4.135310649871826,4
FA,images/FA/0273.png,FA/0273.png,3.9195587635040283,4
FA,images/FA/0237.png,FA/0237.png,3.89406156539917,4
FUGC,images/FUGC/0160.png,FUGC/0160.png,125.61624145507812,2
FUGC,images/FUGC/0037.png,FUGC/0037.png,31.319433212280273,2
FUGC,images/FUGC/0023.png,FUGC/0023.png,22.476806640625,2
FUGC,images/FUGC/0259.png,FUGC/0259.png,10.363300323486328,2
FUGC,images/FUGC/0192.png,FUGC/0192.png,10.019254684448242,2
FUGC,images/FUGC/0034.png,FUGC/0034.png,9.797483444213867,2
FUGC,images/FUGC/0038.png,FUGC/0038.png,9.659611701965332,2
FUGC,images/FUGC/0255.png,FUGC/0255.png,9.062135696411133,2
FUGC,images/FUGC/0087.png,FUGC/0087.png,8.691625595092773,2
FUGC,images/FUGC/0220.png,FUGC/0220.png,8.498673439025879,2
FUGC,images/FUGC/0149.png,FUGC/0149.png,8.20523452758789,2
FUGC,images/FUGC/0043.png,FUGC/0043.png,8.071187973022461,2
FUGC,images/FUGC/0100.png,FUGC/0100.png,8.017777442932129,2
FUGC,images/FUGC/0051.png,FUGC/0051.png,7.732797622680664,2
FUGC,images/FUGC/0140.png,FUGC/0140.png,7.714350700378418,2
FUGC,images/FUGC/0227.png,FUGC/0227.png,7.513007164001465,2
FUGC,images/FUGC/0236.png,FUGC/0236.png,7.472538471221924,2
FUGC,images/FUGC/0105.png,FUGC/0105.png,7.348826885223389,2
FUGC,images/FUGC/0001.png,FUGC/0001.png,7.316715240478516,2
FUGC,images/FUGC/0194.png,FUGC/0194.png,7.250031471252441,2
FUGC,images/FUGC/0216.png,FUGC/0216.png,7.094461441040039,2
FUGC,images/FUGC/0233.png,FUGC/0233.png,7.092662334442139,2
FUGC,images/FUGC/0226.png,FUGC/0226.png,6.37226676940918,2
FUGC,images/FUGC/0178.png,FUGC/0178.png,6.364835262298584,2
FUGC,images/FUGC/0004.png,FUGC/0004.png,6.154472351074219,2
FUGC,images/FUGC/0020.png,FUGC/0020.png,6.11780309677124,2
FUGC,images/FUGC/0082.png,FUGC/0082.png,6.092906951904297,2
FUGC,images/FUGC/0078.png,FUGC/0078.png,6.08811092376709,2
FUGC,images/FUGC/0106.png,FUGC/0106.png,6.085989475250244,2
FUGC,images/FUGC/0077.png,FUGC/0077.png,6.078574180603027,2
FUGC,images/FUGC/0055.png,FUGC/0055.png,6.07722282409668,2
FUGC,images/FUGC/0102.png,FUGC/0102.png,6.069181442260742,2
FUGC,images/FUGC/0176.png,FUGC/0176.png,6.054765701293945,2
FUGC,images/FUGC/0202.png,FUGC/0202.png,6.016057968139648,2
FUGC,images/FUGC/0217.png,FUGC/0217.png,5.957006454467773,2
FUGC,images/FUGC/0035.png,FUGC/0035.png,5.903743743896484,2
FUGC,images/FUGC/0228.png,FUGC/0228.png,5.870772361755371,2
FUGC,images/FUGC/0185.png,FUGC/0185.png,5.830852031707764,2
FUGC,images/FUGC/0144.png,FUGC/0144.png,5.780499458312988,2
FUGC,images/FUGC/0081.png,FUGC/0081.png,5.5672197341918945,2
FUGC,images/FUGC/0029.png,FUGC/0029.png,5.566176891326904,2
FUGC,images/FUGC/0169.png,FUGC/0169.png,5.541095733642578,2
FUGC,images/FUGC/0137.png,FUGC/0137.png,5.5364909172058105,2
FUGC,images/FUGC/0172.png,FUGC/0172.png,5.528837203979492,2
FUGC,images/FUGC/0119.png,FUGC/0119.png,5.516924858093262,2
FUGC,images/FUGC/0112.png,FUGC/0112.png,5.502790451049805,2
FUGC,images/FUGC/0123.png,FUGC/0123.png,5.493926525115967,2
FUGC,images/FUGC/0245.png,FUGC/0245.png,5.491497039794922,2
FUGC,images/FUGC/0130.png,FUGC/0130.png,5.474644184112549,2
FUGC,images/FUGC/0190.png,FUGC/0190.png,5.47287130355835,2
FUGC,images/FUGC/0114.png,FUGC/0114.png,5.436820983886719,2
FUGC,images/FUGC/0007.png,FUGC/0007.png,5.4244184494018555,2
FUGC,images/FUGC/0056.png,FUGC/0056.png,5.394042015075684,2
FUGC,images/FUGC/0156.png,FUGC/0156.png,5.385709285736084,2
FUGC,images/FUGC/0232.png,FUGC/0232.png,5.344118118286133,2
FUGC,images/FUGC/0113.png,FUGC/0113.png,5.302768230438232,2
FUGC,images/FUGC/0239.png,FUGC/0239.png,5.294683933258057,2
FUGC,images/FUGC/0257.png,FUGC/0257.png,5.279913902282715,2
FUGC,images/FUGC/0086.png,FUGC/0086.png,5.188121795654297,2
FUGC,images/FUGC/0136.png,FUGC/0136.png,5.175293922424316,2
FUGC,images/FUGC/0251.png,FUGC/0251.png,5.1739301681518555,2
FUGC,images/FUGC/0110.png,FUGC/0110.png,5.145111083984375,2
FUGC,images/FUGC/0244.png,FUGC/0244.png,5.059412002563477,2
FUGC,images/FUGC/0183.png,FUGC/0183.png,5.036434173583984,2
FUGC,images/FUGC/0250.png,FUGC/0250.png,5.03218936920166,2
FUGC,images/FUGC/0193.png,FUGC/0193.png,5.014955520629883,2
FUGC,images/FUGC/0018.png,FUGC/0018.png,5.004430770874023,2
FUGC,images/FUGC/0052.png,FUGC/0052.png,4.929108619689941,2
FUGC,images/FUGC/0188.png,FUGC/0188.png,4.88794469833374,2
FUGC,images/FUGC/0212.png,FUGC/0212.png,4.850082874298096,2
FUGC,images/FUGC/0013.png,FUGC/0013.png,4.832042694091797,2
FUGC,images/FUGC/0085.png,FUGC/0085.png,4.831345081329346,2
FUGC,images/FUGC/0117.png,FUGC/0117.png,4.811641693115234,2
FUGC,images/FUGC/0125.png,FUGC/0125.png,4.782896041870117,2
FUGC,images/FUGC/0187.png,FUGC/0187.png,4.782208442687988,2
FUGC,images/FUGC/0260.png,FUGC/0260.png,4.741729259490967,2
FUGC,images/FUGC/0195.png,FUGC/0195.png,4.727682590484619,2
FUGC,images/FUGC/0109.png,FUGC/0109.png,4.6873955726623535,2
FUGC,images/FUGC/0054.png,FUGC/0054.png,4.665044784545898,2
FUGC,images/FUGC/0121.png,FUGC/0121.png,4.650308609008789,2
FUGC,images/FUGC/0096.png,FUGC/0096.png,4.641160011291504,2
FUGC,images/FUGC/0131.png,FUGC/0131.png,4.634346008300781,2
FUGC,images/FUGC/0014.png,FUGC/0014.png,4.566160202026367,2
FUGC,images/FUGC/0221.png,FUGC/0221.png,4.5535454750061035,2
FUGC,images/FUGC/0017.png,FUGC/0017.png,4.503527641296387,2
FUGC,images/FUGC/0146.png,FUGC/0146.png,4.4931640625,2
FUGC,images/FUGC/0197.png,FUGC/0197.png,4.469528675079346,2
FUGC,images/FUGC/0116.png,FUGC/0116.png,4.468739032745361,2
FUGC,images/FUGC/0016.png,FUGC/0016.png,4.467813014984131,2
FUGC,images/FUGC/0045.png,FUGC/0045.png,4.464339256286621,2
FUGC,images/FUGC/0059.png,FUGC/0059.png,4.437860012054443,2
FUGC,images/FUGC/0092.png,FUGC/0092.png,4.424241065979004,2
FUGC,images/FUGC/0041.png,FUGC/0041.png,4.416436672210693,2
FUGC,images/FUGC/0090.png,FUGC/0090.png,4.388458251953125,2
FUGC,images/FUGC/0115.png,FUGC/0115.png,4.385329246520996,2
FUGC,images/FUGC/0026.png,FUGC/0026.png,4.378122329711914,2
FUGC,images/FUGC/0214.png,FUGC/0214.png,4.369177341461182,2
FUGC,images/FUGC/0167.png,FUGC/0167.png,4.368692874908447,2
FUGC,images/FUGC/0047.png,FUGC/0047.png,4.367373943328857,2
FUGC,images/FUGC/0025.png,FUGC/0025.png,4.360060691833496,2
FUGC,images/FUGC/0050.png,FUGC/0050.png,4.319364547729492,2
FUGC,images/FUGC/0138.png,FUGC/0138.png,4.318548679351807,2
FUGC,images/FUGC/0027.png,FUGC/0027.png,4.307450771331787,2
FUGC,images/FUGC/0073.png,FUGC/0073.png,4.287139892578125,2
FUGC,images/FUGC/0142.png,FUGC/0142.png,4.278009414672852,2
FUGC,images/FUGC/0152.png,FUGC/0152.png,4.257835388183594,2
FUGC,images/FUGC/0218.png,FUGC/0218.png,4.2357563972473145,2
FUGC,images/FUGC/0231.png,FUGC/0231.png,4.201740264892578,2
FUGC,images/FUGC/0148.png,FUGC/0148.png,4.137616157531738,2
FUGC,images/FUGC/0036.png,FUGC/0036.png,4.1211442947387695,2
FUGC,images/FUGC/0104.png,FUGC/0104.png,4.077754974365234,2
FUGC,images/FUGC/0170.png,FUGC/0170.png,4.045738220214844,2
FUGC,images/FUGC/0040.png,FUGC/0040.png,4.045271396636963,2
FUGC,images/FUGC/0070.png,FUGC/0070.png,4.039692401885986,2
FUGC,images/FUGC/0124.png,FUGC/0124.png,4.039189338684082,2
FUGC,images/FUGC/0080.png,FUGC/0080.png,4.0163445472717285,2
FUGC,images/FUGC/0143.png,FUGC/0143.png,4.009372711181641,2
FUGC,images/FUGC/0046.png,FUGC/0046.png,3.992664337158203,2
FUGC,images/FUGC/0209.png,FUGC/0209.png,3.9631316661834717,2
FUGC,images/FUGC/0258.png,FUGC/0258.png,3.9182231426239014,2
FUGC,images/FUGC/0068.png,FUGC/0068.png,3.9084043502807617,2
FUGC,images/FUGC/0044.png,FUGC/0044.png,3.897822380065918,2
FUGC,images/FUGC/0254.png,FUGC/0254.png,3.8973498344421387,2
FUGC,images/FUGC/0247.png,FUGC/0247.png,3.8806533813476562,2
FUGC,images/FUGC/0118.png,FUGC/0118.png,3.8606128692626953,2
FUGC,images/FUGC/0199.png,FUGC/0199.png,3.849557876586914,2
FUGC,images/FUGC/0019.png,FUGC/0019.png,3.8490562438964844,2
FUGC,images/FUGC/0241.png,FUGC/0241.png,3.8413891792297363,2
FUGC,images/FUGC/0042.png,FUGC/0042.png,3.8335556983947754,2
FUGC,images/FUGC/0186.png,FUGC/0186.png,3.826176166534424,2
FUGC,images/FUGC/0031.png,FUGC/0031.png,3.823422431945801,2
FUGC,images/FUGC/0213.png,FUGC/0213.png,3.8028645515441895,2
FUGC,images/FUGC/0033.png,FUGC/0033.png,3.802140235900879,2
FUGC,images/FUGC/0204.png,FUGC/0204.png,3.792494297027588,2
FUGC,images/FUGC/0177.png,FUGC/0177.png,3.770146369934082,2
FUGC,images/FUGC/0179.png,FUGC/0179.png,3.7688326835632324,2
FUGC,images/FUGC/0256.png,FUGC/0256.png,3.767291307449341,2
FUGC,images/FUGC/0008.png,FUGC/0008.png,3.76499080657959,2
FUGC,images/FUGC/0122.png,FUGC/0122.png,3.756682872772217,2
FUGC,images/FUGC/0065.png,FUGC/0065.png,3.7508389949798584,2
FUGC,images/FUGC/0180.png,FUGC/0180.png,3.748769760131836,2
FUGC,images/FUGC/0024.png,FUGC/0024.png,3.748072624206543,2
FUGC,images/FUGC/0009.png,FUGC/0009.png,3.714938163757324,2
FUGC,images/FUGC/0189.png,FUGC/0189.png,3.6973156929016113,2
FUGC,images/FUGC/0120.png,FUGC/0120.png,3.684307813644409,2
FUGC,images/FUGC/0103.png,FUGC/0103.png,3.666687488555908,2
FUGC,images/FUGC/0224.png,FUGC/0224.png,3.659162998199463,2
FUGC,images/FUGC/0165.png,FUGC/0165.png,3.6547861099243164,2
FUGC,images/FUGC/0150.png,FUGC/0150.png,3.6412158012390137,2
FUGC,images/FUGC/0215.png,FUGC/0215.png,3.6296803951263428,2
FUGC,images/FUGC/0010.png,FUGC/0010.png,3.6267552375793457,2
FUGC,images/FUGC/0111.png,FUGC/0111.png,3.6180381774902344,2
FUGC,images/FUGC/0049.png,FUGC/0049.png,3.6174476146698,2
FUGC,images/FUGC/0097.png,FUGC/0097.png,3.582040786743164,2
FUGC,images/FUGC/0088.png,FUGC/0088.png,3.5784988403320312,2
FUGC,images/FUGC/0002.png,FUGC/0002.png,3.573723554611206,2
FUGC,images/FUGC/0200.png,FUGC/0200.png,3.5633668899536133,2
FUGC,images/FUGC/0062.png,FUGC/0062.png,3.5595920085906982,2
FUGC,images/FUGC/0240.png,FUGC/0240.png,3.554959774017334,2
FUGC,images/FUGC/0101.png,FUGC/0101.png,3.552764892578125,2
FUGC,images/FUGC/0175.png,FUGC/0175.png,3.546013355255127,2
FUGC,images/FUGC/0079.png,FUGC/0079.png,3.533135414123535,2
FUGC,images/FUGC/0012.png,FUGC/0012.png,3.4958789348602295,2
FUGC,images/FUGC/0173.png,FUGC/0173.png,3.4410994052886963,2
FUGC,images/FUGC/0006.png,FUGC/0006.png,3.411846160888672,2
FUGC,images/FUGC/0063.png,FUGC/0063.png,3.4075169563293457,2
FUGC,images/FUGC/0157.png,FUGC/0157.png,3.400895118713379,2
FUGC,images/FUGC/0069.png,FUGC/0069.png,3.386535406112671,2
FUGC,images/FUGC/0225.png,FUGC/0225.png,3.3849997520446777,2
FUGC,images/FUGC/0135.png,FUGC/0135.png,3.3819196224212646,2
FUGC,images/FUGC/0166.png,FUGC/0166.png,3.3524506092071533,2
FUGC,images/FUGC/0084.png,FUGC/0084.png,3.347480297088623,2
FUGC,images/FUGC/0219.png,FUGC/0219.png,3.3281853199005127,2
FUGC,images/FUGC/0147.png,FUGC/0147.png,3.299258232116699,2
FUGC,images/FUGC/0198.png,FUGC/0198.png,3.2937676906585693,2
FUGC,images/FUGC/0206.png,FUGC/0206.png,3.2474207878112793,2
FUGC,images/FUGC/0201.png,FUGC/0201.png,3.2440264225006104,2
FUGC,images/FUGC/0205.png,FUGC/0205.png,3.2048776149749756,2
FUGC,images/FUGC/0238.png,FUGC/0238.png,3.202625274658203,2
FUGC,images/FUGC/0107.png,FUGC/0107.png,3.16382098197937,2
FUGC,images/FUGC/0093.png,FUGC/0093.png,3.1272177696228027,2
FUGC,images/FUGC/0161.png,FUGC/0161.png,3.125145196914673,2
FUGC,images/FUGC/0015.png,FUGC/0015.png,3.123223304748535,2
FUGC,images/FUGC/0242.png,FUGC/0242.png,3.1172847747802734,2
FUGC,images/FUGC/0071.png,FUGC/0071.png,3.1074633598327637,2
FUGC,images/FUGC/0048.png,FUGC/0048.png,3.0852322578430176,2
FUGC,images/FUGC/0028.png,FUGC/0028.png,3.072303295135498,2
FUGC,images/FUGC/0022.png,FUGC/0022.png,3.0558853149414062,2
FUGC,images/FUGC/0066.png,FUGC/0066.png,3.046381950378418,2
FUGC,images/FUGC/0222.png,FUGC/0222.png,3.0217814445495605,2
FUGC,images/FUGC/0061.png,FUGC/0061.png,3.015944719314575,2
FUGC,images/FUGC/0168.png,FUGC/0168.png,2.9932758808135986,2
FUGC,images/FUGC/0230.png,FUGC/0230.png,2.9885878562927246,2
FUGC,images/FUGC/0127.png,FUGC/0127.png,2.9627885818481445,2
FUGC,images/FUGC/0075.png,FUGC/0075.png,2.961561679840088,2
FUGC,images/FUGC/0057.png,FUGC/0057.png,2.956331491470337,2
FUGC,images/FUGC/0039.png,FUGC/0039.png,2.8987488746643066,2
FUGC,images/FUGC/0162.png,FUGC/0162.png,2.890141248703003,2
FUGC,images/FUGC/0207.png,FUGC/0207.png,2.860109329223633,2
FUGC,images/FUGC/0171.png,FUGC/0171.png,2.850703716278076,2
FUGC,images/FUGC/0098.png,FUGC/0098.png,2.846342086791992,2
FUGC,images/FUGC/0141.png,FUGC/0141.png,2.8283209800720215,2
FUGC,images/FUGC/0151.png,FUGC/0151.png,2.8258838653564453,2
FUGC,images/FUGC/0182.png,FUGC/0182.png,2.811047315597534,2
FUGC,images/FUGC/0163.png,FUGC/0163.png,2.7541327476501465,2
FUGC,images/FUGC/0091.png,FUGC/0091.png,2.7453806400299072,2
FUGC,images/FUGC/0083.png,FUGC/0083.png,2.730365753173828,2
FUGC,images/FUGC/0196.png,FUGC/0196.png,2.7148942947387695,2
FUGC,images/FUGC/0184.png,FUGC/0184.png,2.661167621612549,2
FUGC,images/FUGC/0249.png,FUGC/0249.png,2.64811635017395,2
FUGC,images/FUGC/0235.png,FUGC/0235.png,2.610588312149048,2
FUGC,images/FUGC/0203.png,FUGC/0203.png,2.6057751178741455,2
FUGC,images/FUGC/0074.png,FUGC/0074.png,2.575985908508301,2
FUGC,images/FUGC/0246.png,FUGC/0246.png,2.575234889984131,2
FUGC,images/FUGC/0248.png,FUGC/0248.png,2.57381534576416,2
FUGC,images/FUGC/0030.png,FUGC/0030.png,2.5544440746307373,2
FUGC,images/FUGC/0153.png,FUGC/0153.png,2.541642427444458,2
FUGC,images/FUGC/0243.png,FUGC/0243.png,2.5336921215057373,2
FUGC,images/FUGC/0181.png,FUGC/0181.png,2.50050687789917,2
FUGC,images/FUGC/0174.png,FUGC/0174.png,2.500408411026001,2
FUGC,images/FUGC/0005.png,FUGC/0005.png,2.497570037841797,2
FUGC,images/FUGC/0072.png,FUGC/0072.png,2.44614577293396,2
FUGC,images/FUGC/0134.png,FUGC/0134.png,2.444305181503296,2
FUGC,images/FUGC/0067.png,FUGC/0067.png,2.4383597373962402,2
FUGC,images/FUGC/0253.png,FUGC/0253.png,2.418586492538452,2
FUGC,images/FUGC/0154.png,FUGC/0154.png,2.4081246852874756,2
FUGC,images/FUGC/0155.png,FUGC/0155.png,2.385906457901001,2
FUGC,images/FUGC/0076.png,FUGC/0076.png,2.3834550380706787,2
FUGC,images/FUGC/0021.png,FUGC/0021.png,2.3539273738861084,2
FUGC,images/FUGC/0132.png,FUGC/0132.png,2.305327892303467,2
FUGC,images/FUGC/0223.png,FUGC/0223.png,2.2965641021728516,2
FUGC,images/FUGC/0126.png,FUGC/0126.png,2.2800121307373047,2
FUGC,images/FUGC/0210.png,FUGC/0210.png,2.2770168781280518,2
FUGC,images/FUGC/0229.png,FUGC/0229.png,2.273678779602051,2
FUGC,images/FUGC/0191.png,FUGC/0191.png,2.272087812423706,2
FUGC,images/FUGC/0064.png,FUGC/0064.png,2.2477049827575684,2
FUGC,images/FUGC/0164.png,FUGC/0164.png,2.223273277282715,2
FUGC,images/FUGC/0053.png,FUGC/0053.png,2.214818000793457,2
FUGC,images/FUGC/0158.png,FUGC/0158.png,2.1308140754699707,2
FUGC,images/FUGC/0129.png,FUGC/0129.png,2.1296303272247314,2
FUGC,images/FUGC/0011.png,FUGC/0011.png,2.0825822353363037,2
FUGC,images/FUGC/0099.png,FUGC/0099.png,2.0565404891967773,2
FUGC,images/FUGC/0089.png,FUGC/0089.png,2.0256927013397217,2
FUGC,images/FUGC/0108.png,FUGC/0108.png,2.009066104888916,2
FUGC,images/FUGC/0060.png,FUGC/0060.png,1.997305154800415,2
FUGC,images/FUGC/0159.png,FUGC/0159.png,1.9917991161346436,2
FUGC,images/FUGC/0128.png,FUGC/0128.png,1.9794244766235352,2
FUGC,images/FUGC/0058.png,FUGC/0058.png,1.9439300298690796,2
FUGC,images/FUGC/0094.png,FUGC/0094.png,1.9403717517852783,2
FUGC,images/FUGC/0133.png,FUGC/0133.png,1.8865317106246948,2
FUGC,images/FUGC/0234.png,FUGC/0234.png,1.81550931930542,2
FUGC,images/FUGC/0208.png,FUGC/0208.png,1.707169532775879,2
FUGC,images/FUGC/0237.png,FUGC/0237.png,1.6284356117248535,2
FUGC,images/FUGC/0139.png,FUGC/0139.png,1.6108791828155518,2
FUGC,images/FUGC/0003.png,FUGC/0003.png,1.4299973249435425,2
FUGC,images/FUGC/0211.png,FUGC/0211.png,1.329516887664795,2
FUGC,images/FUGC/0145.png,FUGC/0145.png,1.2805029153823853,2
FUGC,images/FUGC/0095.png,FUGC/0095.png,1.1556235551834106,2
FUGC,images/FUGC/0032.png,FUGC/0032.png,1.113718032836914,2
FUGC,images/FUGC/0252.png,FUGC/0252.png,1.0007716417312622,2
HC,images/HC/010_HC.png,HC/010_HC.png,290.0489196777344,4
HC,images/HC/751_2HC.png,HC/751_2HC.png,263.6499328613281,4
HC,images/HC/067_HC.png,HC/067_HC.png,231.61692810058594,4
HC,images/HC/031_HC.png,HC/031_HC.png,170.3290557861328,4
HC,images/HC/088_2HC.png,HC/088_2HC.png,145.71273803710938,4
HC,images/HC/028_HC.png,HC/028_HC.png,141.646728515625,4
HC,images/HC/022_2HC.png,HC/022_2HC.png,129.27635192871094,4
HC,images/HC/000_HC.png,HC/000_HC.png,121.4296875,4
HC,images/HC/026_2HC.png,HC/026_2HC.png,104.23746490478516,4
HC,images/HC/174_HC.png,HC/174_HC.png,93.82127380371094,4
HC,images/HC/053_HC.png,HC/053_HC.png,79.85818481445312,4
HC,images/HC/753_HC.png,HC/753_HC.png,76.57621765136719,4
HC,images/HC/058_HC.png,HC/058_HC.png,54.75330352783203,4
HC,images/HC/088_HC.png,HC/088_HC.png,46.375709533691406,4
HC,images/HC/075_HC.png,HC/075_HC.png,44.74894714355469,4
HC,images/HC/008_HC.png,HC/008_HC.png,44.513633728027344,4
HC,images/HC/133_4HC.png,HC/133_4HC.png,42.90729904174805,4
HC,images/HC/064_HC.png,HC/064_HC.png,41.160888671875,4
HC,images/HC/654_HC.png,HC/654_HC.png,41.159122467041016,4
HC,images/HC/447_HC.png,HC/447_HC.png,41.09003448486328,4
HC,images/HC/017_2HC.png,HC/017_2HC.png,40.64858627319336,4
HC,images/HC/444_2HC.png,HC/444_2HC.png,36.941322326660156,4
HC,images/HC/226_HC.png,HC/226_HC.png,34.7853889465332,4
HC,images/HC/681_HC.png,HC/681_HC.png,34.031593322753906,4
HC,images/HC/352_2HC.png,HC/352_2HC.png,32.61366653442383,4
HC,images/HC/311_HC.png,HC/311_HC.png,31.57339096069336,4
HC,images/HC/631_HC.png,HC/631_HC.png,31.483562469482422,4
HC,images/HC/535_HC.png,HC/535_HC.png,30.906063079833984,4
HC,images/HC/137_HC.png,HC/137_HC.png,30.464706420898438,4
HC,images/HC/173_HC.png,HC/173_HC.png,30.1805477142334,4
HC,images/HC/093_2HC.png,HC/093_2HC.png,29.568653106689453,4
HC,images/HC/764_HC.png,HC/764_HC.png,29.4735050201416,4
HC,images/HC/780_HC.png,HC/780_HC.png,29.078346252441406,4
HC,images/HC/128_HC.png,HC/128_HC.png,28.892906188964844,4
HC,images/HC/392_2HC.png,HC/392_2HC.png,28.874366760253906,4
HC,images/HC/392_3HC.png,HC/392_3HC.png,28.874366760253906,4
HC,images/HC/392_HC.png,HC/392_HC.png,28.874366760253906,4
HC,images/HC/782_HC.png,HC/782_HC.png,28.559349060058594,4
HC,images/HC/147_HC.png,HC/147_HC.png,27.634090423583984,4
HC,images/HC/613_2HC.png,HC/613_2HC.png,27.217010498046875,4
HC,images/HC/015_HC.png,HC/015_HC.png,26.983081817626953,4
HC,images/HC/005_HC.png,HC/005_HC.png,26.277807235717773,4
HC,images/HC/035_HC.png,HC/035_HC.png,25.417787551879883,4
HC,images/HC/014_2HC.png,HC/014_2HC.png,25.113018035888672,4
HC,images/HC/664_HC.png,HC/664_HC.png,24.346864700317383,4
HC,images/HC/011_HC.png,HC/011_HC.png,23.845298767089844,4
HC,images/HC/059_HC.png,HC/059_HC.png,23.73804473876953,4
HC,images/HC/318_HC.png,HC/318_HC.png,23.0545711517334,4
HC,images/HC/506_HC.png,HC/506_HC.png,22.625526428222656,4
HC,images/HC/693_HC.png,HC/693_HC.png,22.582992553710938,4
HC,images/HC/020_HC.png,HC/020_HC.png,22.485984802246094,4
HC,images/HC/122_HC.png,HC/122_HC.png,22.241605758666992,4
HC,images/HC/273_HC.png,HC/273_HC.png,22.210716247558594,4
HC,images/HC/696_HC.png,HC/696_HC.png,21.859031677246094,4
HC,images/HC/721_HC.png,HC/721_HC.png,21.752283096313477,4
HC,images/HC/686_HC.png,HC/686_HC.png,21.75109100341797,4
HC,images/HC/258_HC.png,HC/258_HC.png,21.489316940307617,4
HC,images/HC/632_HC.png,HC/632_HC.png,20.96017837524414,4
HC,images/HC/308_HC.png,HC/308_HC.png,20.91021156311035,4
HC,images/HC/500_HC.png,HC/500_HC.png,20.794235229492188,4
HC,images/HC/329_HC.png,HC/329_HC.png,20.788944244384766,4
HC,images/HC/227_HC.png,HC/227_HC.png,20.781938552856445,4
HC,images/HC/180_HC.png,HC/180_HC.png,20.70768928527832,4
HC,images/HC/341_HC.png,HC/341_HC.png,20.63983726501465,4
HC,images/HC/627_HC.png,HC/627_HC.png,20.537988662719727,4
HC,images/HC/768_2HC.png,HC/768_2HC.png,20.356365203857422,4
HC,images/HC/068_HC.png,HC/068_HC.png,20.246679306030273,4
HC,images/HC/117_HC.png,HC/117_HC.png,19.871713638305664,4
HC,images/HC/741_HC.png,HC/741_HC.png,19.832801818847656,4
HC,images/HC/796_HC.png,HC/796_HC.png,19.791370391845703,4
HC,images/HC/787_HC.png,HC/787_HC.png,19.768051147460938,4
HC,images/HC/628_2HC.png,HC/628_2HC.png,19.733379364013672,4
HC,images/HC/164_2HC.png,HC/164_2HC.png,19.657329559326172,4
HC,images/HC/316_HC.png,HC/316_HC.png,19.65142059326172,4
HC,images/HC/056_HC.png,HC/056_HC.png,19.42743492126465,4
HC,images/HC/272_HC.png,HC/272_HC.png,19.31707000732422,4
HC,images/HC/422_HC.png,HC/422_HC.png,19.3070011138916,4
HC,images/HC/175_HC.png,HC/175_HC.png,19.254444122314453,4
HC,images/HC/369_HC.png,HC/369_HC.png,19.1121768951416,4
HC,images/HC/115_HC.png,HC/115_HC.png,19.034086227416992,4
HC,images/HC/561_HC.png,HC/561_HC.png,19.015949249267578,4
HC,images/HC/202_HC.png,HC/202_HC.png,19.005958557128906,4
HC,images/HC/743_HC.png,HC/743_HC.png,18.871553421020508,4
HC,images/HC/193_2HC.png,HC/193_2HC.png,18.770069122314453,4
HC,images/HC/291_HC.png,HC/291_HC.png,18.764379501342773,4
HC,images/HC/114_HC.png,HC/114_HC.png,18.628612518310547,4
HC,images/HC/145_HC.png,HC/145_HC.png,18.532730102539062,4
HC,images/HC/495_3HC.png,HC/495_3HC.png,18.520177841186523,4
HC,images/HC/078_HC.png,HC/078_HC.png,18.51113510131836,4
HC,images/HC/083_HC.png,HC/083_HC.png,18.442150115966797,4
HC,images/HC/729_HC.png,HC/729_HC.png,18.355234146118164,4
HC,images/HC/622_HC.png,HC/622_HC.png,18.31944465637207,4
HC,images/HC/002_HC.png,HC/002_HC.png,18.177701950073242,4
HC,images/HC/420_HC.png,HC/420_HC.png,18.160158157348633,4
HC,images/HC/033_HC.png,HC/033_HC.png,18.110254287719727,4
HC,images/HC/532_HC.png,HC/532_HC.png,18.054672241210938,4
HC,images/HC/509_HC.png,HC/509_HC.png,18.00113296508789,4
HC,images/HC/152_HC.png,HC/152_HC.png,17.614694595336914,4
HC,images/HC/404_HC.png,HC/404_HC.png,17.445751190185547,4
HC,images/HC/195_2HC.png,HC/195_2HC.png,17.42772102355957,4
HC,images/HC/633_HC.png,HC/633_HC.png,17.387895584106445,4
HC,images/HC/136_HC.png,HC/136_HC.png,17.364513397216797,4
HC,images/HC/082_2HC.png,HC/082_2HC.png,17.25739860534668,4
HC,images/HC/541_HC.png,HC/541_HC.png,17.238332748413086,4
HC,images/HC/370_HC.png,HC/370_HC.png,17.230213165283203,4
HC,images/HC/084_HC.png,HC/084_HC.png,17.16265869140625,4
HC,images/HC/772_HC.png,HC/772_HC.png,17.158920288085938,4
HC,images/HC/064_2HC.png,HC/064_2HC.png,17.11339569091797,4
HC,images/HC/136_2HC.png,HC/136_2HC.png,17.069032669067383,4
HC,images/HC/574_2HC.png,HC/574_2HC.png,16.97613525390625,4
HC,images/HC/201_HC.png,HC/201_HC.png,16.81867218017578,4
HC,images/HC/239_HC.png,HC/239_HC.png,16.79790687561035,4
HC,images/HC/385_HC.png,HC/385_HC.png,16.747344970703125,4
HC,images/HC/280_HC.png,HC/280_HC.png,16.678260803222656,4
HC,images/HC/750_HC.png,HC/750_HC.png,16.57564926147461,4
HC,images/HC/733_HC.png,HC/733_HC.png,16.511280059814453,4
HC,images/HC/597_HC.png,HC/597_HC.png,16.38943099975586,4
HC,images/HC/731_3HC.png,HC/731_3HC.png,16.274221420288086,4
HC,images/HC/097_HC.png,HC/097_HC.png,16.192325592041016,4
HC,images/HC/363_HC.png,HC/363_HC.png,16.15977668762207,4
HC,images/HC/220_HC.png,HC/220_HC.png,16.113624572753906,4
HC,images/HC/426_2HC.png,HC/426_2HC.png,16.110050201416016,4
HC,images/HC/283_HC.png,HC/283_HC.png,16.049209594726562,4
HC,images/HC/708_2HC.png,HC/708_2HC.png,15.954014778137207,4
HC,images/HC/723_HC.png,HC/723_HC.png,15.925161361694336,4
HC,images/HC/360_HC.png,HC/360_HC.png,15.873417854309082,4
HC,images/HC/260_2HC.png,HC/260_2HC.png,15.809232711791992,4
HC,images/HC/069_HC.png,HC/069_HC.png,15.809043884277344,4
HC,images/HC/484_HC.png,HC/484_HC.png,15.788357734680176,4
HC,images/HC/538_HC.png,HC/538_HC.png,15.715555191040039,4
HC,images/HC/613_HC.png,HC/613_HC.png,15.612532615661621,4
HC,images/HC/144_2HC.png,HC/144_2HC.png,15.59693717956543,4
HC,images/HC/376_HC.png,HC/376_HC.png,15.595314979553223,4
HC,images/HC/123_HC.png,HC/123_HC.png,15.441237449645996,4
HC,images/HC/068_2HC.png,HC/068_2HC.png,15.427787780761719,4
HC,images/HC/126_2HC.png,HC/126_2HC.png,15.378519058227539,4
HC,images/HC/254_HC.png,HC/254_HC.png,15.340591430664062,4
HC,images/HC/708_HC.png,HC/708_HC.png,15.331931114196777,4
HC,images/HC/206_HC.png,HC/206_HC.png,15.287163734436035,4
HC,images/HC/639_HC.png,HC/639_HC.png,15.258358001708984,4
HC,images/HC/139_HC.png,HC/139_HC.png,15.217449188232422,4
HC,images/HC/156_HC.png,HC/156_HC.png,15.137514114379883,4
HC,images/HC/712_HC.png,HC/712_HC.png,15.115415573120117,4
HC,images/HC/195_HC.png,HC/195_HC.png,15.065298080444336,4
HC,images/HC/746_4HC.png,HC/746_4HC.png,15.056846618652344,4
HC,images/HC/709_HC.png,HC/709_HC.png,14.971790313720703,4
HC,images/HC/647_HC.png,HC/647_HC.png,14.963190078735352,4
HC,images/HC/417_HC.png,HC/417_HC.png,14.963007926940918,4
HC,images/HC/091_HC.png,HC/091_HC.png,14.893558502197266,4
HC,images/HC/652_HC.png,HC/652_HC.png,14.866781234741211,4
HC,images/HC/192_2HC.png,HC/192_2HC.png,14.841094970703125,4
HC,images/HC/121_HC.png,HC/121_HC.png,14.829818725585938,4
HC,images/HC/007_HC.png,HC/007_HC.png,14.73464298248291,4
HC,images/HC/471_2HC.png,HC/471_2HC.png,14.577031135559082,4
HC,images/HC/707_HC.png,HC/707_HC.png,14.562081336975098,4
HC,images/HC/263_HC.png,HC/263_HC.png,14.560697555541992,4
HC,images/HC/017_HC.png,HC/017_HC.png,14.496207237243652,4
HC,images/HC/112_HC.png,HC/112_HC.png,14.451434135437012,4
HC,images/HC/279_HC.png,HC/279_HC.png,14.440995216369629,4
HC,images/HC/434_2HC.png,HC/434_2HC.png,14.429848670959473,4
HC,images/HC/225_2HC.png,HC/225_2HC.png,14.424187660217285,4
HC,images/HC/470_HC.png,HC/470_HC.png,14.423726081848145,4
HC,images/HC/592_HC.png,HC/592_HC.png,14.413528442382812,4
HC,images/HC/120_HC.png,HC/120_HC.png,14.33392333984375,4
HC,images/HC/285_HC.png,HC/285_HC.png,14.32410717010498,4
HC,images/HC/055_HC.png,HC/055_HC.png,14.318016052246094,4
HC,images/HC/630_2HC.png,HC/630_2HC.png,14.275017738342285,4
HC,images/HC/126_HC.png,HC/126_HC.png,14.226646423339844,4
HC,images/HC/551_HC.png,HC/551_HC.png,14.152785301208496,4
HC,images/HC/424_HC.png,HC/424_HC.png,14.118170738220215,4
HC,images/HC/511_HC.png,HC/511_HC.png,14.103363037109375,4
HC,images/HC/600_HC.png,HC/600_HC.png,14.066533088684082,4
HC,images/HC/671_HC.png,HC/671_HC.png,14.011945724487305,4
HC,images/HC/042_HC.png,HC/042_HC.png,14.007810592651367,4
HC,images/HC/215_HC.png,HC/215_HC.png,13.991111755371094,4
HC,images/HC/150_HC.png,HC/150_HC.png,13.866676330566406,4
HC,images/HC/429_HC.png,HC/429_HC.png,13.86024284362793,4
HC,images/HC/545_HC.png,HC/545_HC.png,13.844257354736328,4
HC,images/HC/426_3HC.png,HC/426_3HC.png,13.843265533447266,4
HC,images/HC/146_HC.png,HC/146_HC.png,13.810128211975098,4
HC,images/HC/296_HC.png,HC/296_HC.png,13.80543327331543,4
HC,images/HC/746_3HC.png,HC/746_3HC.png,13.79593276977539,4
HC,images/HC/135_HC.png,HC/135_HC.png,13.781811714172363,4
HC,images/HC/575_HC.png,HC/575_HC.png,13.77530288696289,4
HC,images/HC/289_HC.png,HC/289_HC.png,13.751692771911621,4
HC,images/HC/157_HC.png,HC/157_HC.png,13.703500747680664,4
HC,images/HC/690_HC.png,HC/690_HC.png,13.695107460021973,4
HC,images/HC/290_HC.png,HC/290_HC.png,13.670761108398438,4
HC,images/HC/032_HC.png,HC/032_HC.png,13.647607803344727,4
HC,images/HC/252_HC.png,HC/252_HC.png,13.621807098388672,4
HC,images/HC/300_2HC.png,HC/300_2HC.png,13.604995727539062,4
HC,images/HC/205_HC.png,HC/205_HC.png,13.548460960388184,4
HC,images/HC/286_HC.png,HC/286_HC.png,13.539095878601074,4
HC,images/HC/295_HC.png,HC/295_HC.png,13.529158592224121,4
HC,images/HC/649_HC.png,HC/649_HC.png,13.471698760986328,4
HC,images/HC/736_HC.png,HC/736_HC.png,13.435564994812012,4
HC,images/HC/155_HC.png,HC/155_HC.png,13.429506301879883,4
HC,images/HC/740_HC.png,HC/740_HC.png,13.380041122436523,4
HC,images/HC/701_HC.png,HC/701_HC.png,13.369305610656738,4
HC,images/HC/340_2HC.png,HC/340_2HC.png,13.335575103759766,4
HC,images/HC/061_2HC.png,HC/061_2HC.png,13.31991958618164,4
HC,images/HC/751_HC.png,HC/751_HC.png,13.318572044372559,4
HC,images/HC/324_HC.png,HC/324_HC.png,13.290291786193848,4
HC,images/HC/512_HC.png,HC/512_HC.png,13.281185150146484,4
HC,images/HC/440_2HC.png,HC/440_2HC.png,13.237339973449707,4
HC,images/HC/244_HC.png,HC/244_HC.png,13.232074737548828,4
HC,images/HC/158_HC.png,HC/158_HC.png,13.198963165283203,4
HC,images/HC/222_HC.png,HC/222_HC.png,13.19326114654541,4
HC,images/HC/126_3HC.png,HC/126_3HC.png,13.177120208740234,4
HC,images/HC/050_HC.png,HC/050_HC.png,13.176522254943848,4
HC,images/HC/450_HC.png,HC/450_HC.png,13.149482727050781,4
HC,images/HC/250_HC.png,HC/250_HC.png,13.143448829650879,4
HC,images/HC/670_HC.png,HC/670_HC.png,13.14067268371582,4
HC,images/HC/793_HC.png,HC/793_HC.png,13.110909461975098,4
HC,images/HC/163_HC.png,HC/163_HC.png,13.090927124023438,4
HC,images/HC/186_HC.png,HC/186_HC.png,13.08026123046875,4
HC,images/HC/472_HC.png,HC/472_HC.png,13.078207969665527,4
HC,images/HC/219_HC.png,HC/219_HC.png,13.060072898864746,4
HC,images/HC/589_HC.png,HC/589_HC.png,13.024721145629883,4
HC,images/HC/732_HC.png,HC/732_HC.png,13.023709297180176,4
HC,images/HC/452_HC.png,HC/452_HC.png,13.023693084716797,4
HC,images/HC/383_HC.png,HC/383_HC.png,12.967304229736328,4
HC,images/HC/775_HC.png,HC/775_HC.png,12.964960098266602,4
HC,images/HC/464_HC.png,HC/464_HC.png,12.901144027709961,4
HC,images/HC/587_HC.png,HC/587_HC.png,12.89517593383789,4
HC,images/HC/612_HC.png,HC/612_HC.png,12.879582405090332,4
HC,images/HC/425_HC.png,HC/425_HC.png,12.820945739746094,4
HC,images/HC/531_2HC.png,HC/531_2HC.png,12.808341979980469,4
HC,images/HC/410_2HC.png,HC/410_2HC.png,12.806550025939941,4
HC,images/HC/104_HC.png,HC/104_HC.png,12.754449844360352,4
HC,images/HC/133_2HC.png,HC/133_2HC.png,12.747625350952148,4
HC,images/HC/661_HC.png,HC/661_HC.png,12.737317085266113,4
HC,images/HC/294_2HC.png,HC/294_2HC.png,12.676892280578613,4
HC,images/HC/482_HC.png,HC/482_HC.png,12.672450065612793,4
HC,images/HC/353_HC.png,HC/353_HC.png,12.66081428527832,4
HC,images/HC/730_2HC.png,HC/730_2HC.png,12.653766632080078,4
HC,images/HC/468_2HC.png,HC/468_2HC.png,12.627205848693848,4
HC,images/HC/577_HC.png,HC/577_HC.png,12.61201000213623,4
HC,images/HC/203_4HC.png,HC/203_4HC.png,12.60862922668457,4
HC,images/HC/739_HC.png,HC/739_HC.png,12.607881546020508,4
HC,images/HC/240_HC.png,HC/240_HC.png,12.591849327087402,4
HC,images/HC/298_HC.png,HC/298_HC.png,12.540247917175293,4
HC,images/HC/397_HC.png,HC/397_HC.png,12.514005661010742,4
HC,images/HC/653_HC.png,HC/653_HC.png,12.49028491973877,4
HC,images/HC/133_HC.png,HC/133_HC.png,12.446300506591797,4
HC,images/HC/319_HC.png,HC/319_HC.png,12.444662094116211,4
HC,images/HC/350_HC.png,HC/350_HC.png,12.412363052368164,4
HC,images/HC/164_HC.png,HC/164_HC.png,12.303976058959961,4
HC,images/HC/343_HC.png,HC/343_HC.png,12.265891075134277,4
HC,images/HC/766_HC.png,HC/766_HC.png,12.224324226379395,4
HC,images/HC/482_3HC.png,HC/482_3HC.png,12.214740753173828,4
HC,images/HC/722_HC.png,HC/722_HC.png,12.204231262207031,4
HC,images/HC/547_HC.png,HC/547_HC.png,12.192007064819336,4
HC,images/HC/200_HC.png,HC/200_HC.png,12.188322067260742,4
HC,images/HC/779_2HC.png,HC/779_2HC.png,12.176188468933105,4
HC,images/HC/726_HC.png,HC/726_HC.png,12.159309387207031,4
HC,images/HC/717_2HC.png,HC/717_2HC.png,12.1383695602417,4
HC,images/HC/409_HC.png,HC/409_HC.png,12.121764183044434,4
HC,images/HC/431_2HC.png,HC/431_2HC.png,12.105025291442871,4
HC,images/HC/340_HC.png,HC/340_HC.png,12.066287994384766,4
HC,images/HC/547_2HC.png,HC/547_2HC.png,12.038805961608887,4
HC,images/HC/650_HC.png,HC/650_HC.png,12.030950546264648,4
HC,images/HC/192_HC.png,HC/192_HC.png,11.992498397827148,4
HC,images/HC/549_HC.png,HC/549_HC.png,11.973564147949219,4
HC,images/HC/718_2HC.png,HC/718_2HC.png,11.972345352172852,4
HC,images/HC/057_HC.png,HC/057_HC.png,11.945446014404297,4
HC,images/HC/745_HC.png,HC/745_HC.png,11.93912124633789,4
HC,images/HC/446_HC.png,HC/446_HC.png,11.92873764038086,4
HC,images/HC/076_HC.png,HC/076_HC.png,11.913576126098633,4
HC,images/HC/045_HC.png,HC/045_HC.png,11.870354652404785,4
HC,images/HC/046_HC.png,HC/046_HC.png,11.865877151489258,4
HC,images/HC/063_HC.png,HC/063_HC.png,11.863191604614258,4
HC,images/HC/692_HC.png,HC/692_HC.png,11.846820831298828,4
HC,images/HC/141_2HC.png,HC/141_2HC.png,11.846014022827148,4
HC,images/HC/525_HC.png,HC/525_HC.png,11.845192909240723,4
HC,images/HC/716_HC.png,HC/716_HC.png,11.841426849365234,4
HC,images/HC/698_HC.png,HC/698_HC.png,11.828784942626953,4
HC,images/HC/550_HC.png,HC/550_HC.png,11.826679229736328,4
HC,images/HC/255_HC.png,HC/255_HC.png,11.805913925170898,4
HC,images/HC/401_HC.png,HC/401_HC.png,11.802024841308594,4
HC,images/HC/583_HC.png,HC/583_HC.png,11.781767845153809,4
HC,images/HC/101_HC.png,HC/101_HC.png,11.772550582885742,4
HC,images/HC/218_HC.png,HC/218_HC.png,11.765681266784668,4
HC,images/HC/038_HC.png,HC/038_HC.png,11.75506591796875,4
HC,images/HC/437_HC.png,HC/437_HC.png,11.731158256530762,4
HC,images/HC/796_2HC.png,HC/796_2HC.png,11.719482421875,4
HC,images/HC/093_HC.png,HC/093_HC.png,11.711709976196289,4
HC,images/HC/593_HC.png,HC/593_HC.png,11.666847229003906,4
HC,images/HC/154_HC.png,HC/154_HC.png,11.654932975769043,4
HC,images/HC/609_HC.png,HC/609_HC.png,11.653614044189453,4
HC,images/HC/052_HC.png,HC/052_HC.png,11.62185287475586,4
HC,images/HC/676_HC.png,HC/676_HC.png,11.587072372436523,4
HC,images/HC/277_HC.png,HC/277_HC.png,11.473854064941406,4
HC,images/HC/725_2HC.png,HC/725_2HC.png,11.473295211791992,4
HC,images/HC/387_HC.png,HC/387_HC.png,11.472219467163086,4
HC,images/HC/548_HC.png,HC/548_HC.png,11.461328506469727,4
HC,images/HC/317_HC.png,HC/317_HC.png,11.452692031860352,4
HC,images/HC/556_HC.png,HC/556_HC.png,11.432626724243164,4
HC,images/HC/081_HC.png,HC/081_HC.png,11.41960334777832,4
HC,images/HC/526_HC.png,HC/526_HC.png,11.36905288696289,4
HC,images/HC/655_HC.png,HC/655_HC.png,11.3556547164917,4
HC,images/HC/714_HC.png,HC/714_HC.png,11.35272216796875,4
HC,images/HC/515_HC.png,HC/515_HC.png,11.352275848388672,4
HC,images/HC/190_HC.png,HC/190_HC.png,11.34388542175293,4
HC,images/HC/658_HC.png,HC/658_HC.png,11.332926750183105,4
HC,images/HC/124_HC.png,HC/124_HC.png,11.298417091369629,4
HC,images/HC/471_HC.png,HC/471_HC.png,11.269902229309082,4
HC,images/HC/399_HC.png,HC/399_HC.png,11.269279479980469,4
HC,images/HC/092_HC.png,HC/092_HC.png,11.24216079711914,4
HC,images/HC/426_4HC.png,HC/426_4HC.png,11.234190940856934,4
HC,images/HC/348_HC.png,HC/348_HC.png,11.233797073364258,4
HC,images/HC/176_HC.png,HC/176_HC.png,11.220980644226074,4
HC,images/HC/673_HC.png,HC/673_HC.png,11.169004440307617,4
HC,images/HC/012_HC.png,HC/012_HC.png,11.134309768676758,4
HC,images/HC/645_HC.png,HC/645_HC.png,11.119482040405273,4
HC,images/HC/580_HC.png,HC/580_HC.png,11.106486320495605,4
HC,images/HC/274_HC.png,HC/274_HC.png,11.080653190612793,4
HC,images/HC/083_2HC.png,HC/083_2HC.png,11.078052520751953,4
HC,images/HC/555_HC.png,HC/555_HC.png,11.074325561523438,4
HC,images/HC/720_2HC.png,HC/720_2HC.png,11.044631958007812,4
HC,images/HC/483_HC.png,HC/483_HC.png,11.039131164550781,4
HC,images/HC/047_HC.png,HC/047_HC.png,11.024592399597168,4
HC,images/HC/014_3HC.png,HC/014_3HC.png,11.008395195007324,4
HC,images/HC/073_HC.png,HC/073_HC.png,10.995566368103027,4
HC,images/HC/502_HC.png,HC/502_HC.png,10.987516403198242,4
HC,images/HC/489_HC.png,HC/489_HC.png,10.968658447265625,4
HC,images/HC/445_HC.png,HC/445_HC.png,10.944154739379883,4
HC,images/HC/199_HC.png,HC/199_HC.png,10.939047813415527,4
HC,images/HC/177_HC.png,HC/177_HC.png,10.908760070800781,4
HC,images/HC/469_2HC.png,HC/469_2HC.png,10.903550148010254,4
HC,images/HC/691_HC.png,HC/691_HC.png,10.895709991455078,4
HC,images/HC/327_HC.png,HC/327_HC.png,10.860794067382812,4
HC,images/HC/706_HC.png,HC/706_HC.png,10.856974601745605,4
HC,images/HC/742_HC.png,HC/742_HC.png,10.810041427612305,4
HC,images/HC/243_2HC.png,HC/243_2HC.png,10.796751976013184,4
HC,images/HC/792_HC.png,HC/792_HC.png,10.795051574707031,4
HC,images/HC/801_HC.png,HC/801_HC.png,10.788772583007812,4
HC,images/HC/203_3HC.png,HC/203_3HC.png,10.78311538696289,4
HC,images/HC/169_HC.png,HC/169_HC.png,10.773186683654785,4
HC,images/HC/044_HC.png,HC/044_HC.png,10.765887260437012,4
HC,images/HC/614_HC.png,HC/614_HC.png,10.7627534866333,4
HC,images/HC/720_HC.png,HC/720_HC.png,10.734901428222656,4
HC,images/HC/620_HC.png,HC/620_HC.png,10.73331069946289,4
HC,images/HC/181_HC.png,HC/181_HC.png,10.732743263244629,4
HC,images/HC/749_HC.png,HC/749_HC.png,10.726346015930176,4
HC,images/HC/410_HC.png,HC/410_HC.png,10.72048282623291,4
HC,images/HC/763_HC.png,HC/763_HC.png,10.712169647216797,4
HC,images/HC/299_2HC.png,HC/299_2HC.png,10.692834854125977,4
HC,images/HC/188_HC.png,HC/188_HC.png,10.689885139465332,4
HC,images/HC/705_HC.png,HC/705_HC.png,10.666193008422852,4
HC,images/HC/475_HC.png,HC/475_HC.png,10.663594245910645,4
HC,images/HC/403_HC.png,HC/403_HC.png,10.66065502166748,4
HC,images/HC/148_HC.png,HC/148_HC.png,10.657244682312012,4
HC,images/HC/596_HC.png,HC/596_HC.png,10.653759956359863,4
HC,images/HC/208_HC.png,HC/208_HC.png,10.639531135559082,4
HC,images/HC/690_2HC.png,HC/690_2HC.png,10.617607116699219,4
HC,images/HC/315_HC.png,HC/315_HC.png,10.587738990783691,4
HC,images/HC/786_HC.png,HC/786_HC.png,10.583292961120605,4
HC,images/HC/030_HC.png,HC/030_HC.png,10.521410942077637,4
HC,images/HC/477_HC.png,HC/477_HC.png,10.516153335571289,4
HC,images/HC/235_HC.png,HC/235_HC.png,10.50030517578125,4
HC,images/HC/611_HC.png,HC/611_HC.png,10.498753547668457,4
HC,images/HC/802_HC.png,HC/802_HC.png,10.495243072509766,4
HC,images/HC/025_HC.png,HC/025_HC.png,10.489754676818848,4
HC,images/HC/060_HC.png,HC/060_HC.png,10.486140251159668,4
HC,images/HC/482_2HC.png,HC/482_2HC.png,10.466407775878906,4
HC,images/HC/462_HC.png,HC/462_HC.png,10.427190780639648,4
HC,images/HC/529_HC.png,HC/529_HC.png,10.426823616027832,4
HC,images/HC/615_HC.png,HC/615_HC.png,10.422025680541992,4
HC,images/HC/683_HC.png,HC/683_HC.png,10.404632568359375,4
HC,images/HC/023_2HC.png,HC/023_2HC.png,10.392932891845703,4
HC,images/HC/006_HC.png,HC/006_HC.png,10.355416297912598,4
HC,images/HC/080_HC.png,HC/080_HC.png,10.337873458862305,4
HC,images/HC/394_2HC.png,HC/394_2HC.png,10.332398414611816,4
HC,images/HC/458_HC.png,HC/458_HC.png,10.323119163513184,4
HC,images/HC/430_HC.png,HC/430_HC.png,10.311620712280273,4
HC,images/HC/544_2HC.png,HC/544_2HC.png,10.310832977294922,4
HC,images/HC/054_HC.png,HC/054_HC.png,10.277790069580078,4
HC,images/HC/479_2HC.png,HC/479_2HC.png,10.267278671264648,4
HC,images/HC/595_HC.png,HC/595_HC.png,10.26707649230957,4
HC,images/HC/552_HC.png,HC/552_HC.png,10.258563995361328,4
HC,images/HC/748_HC.png,HC/748_HC.png,10.25593090057373,4
HC,images/HC/320_HC.png,HC/320_HC.png,10.245736122131348,4
HC,images/HC/804_HC.png,HC/804_HC.png,10.23737907409668,4
HC,images/HC/321_HC.png,HC/321_HC.png,10.228002548217773,4
HC,images/HC/648_2HC.png,HC/648_2HC.png,10.217156410217285,4
HC,images/HC/528_HC.png,HC/528_HC.png,10.21273422241211,4
HC,images/HC/669_HC.png,HC/669_HC.png,10.176674842834473,4
HC,images/HC/780_2HC.png,HC/780_2HC.png,10.173056602478027,4
HC,images/HC/024_HC.png,HC/024_HC.png,10.162317276000977,4
HC,images/HC/125_HC.png,HC/125_HC.png,10.14133358001709,4
HC,images/HC/517_HC.png,HC/517_HC.png,10.13808822631836,4
HC,images/HC/391_HC.png,HC/391_HC.png,10.137511253356934,4
HC,images/HC/442_HC.png,HC/442_HC.png,10.132190704345703,4
HC,images/HC/361_2HC.png,HC/361_2HC.png,10.121175765991211,4
HC,images/HC/541_2HC.png,HC/541_2HC.png,10.120201110839844,4
HC,images/HC/564_HC.png,HC/564_HC.png,10.117789268493652,4
HC,images/HC/013_HC.png,HC/013_HC.png,10.101272583007812,4
HC,images/HC/508_HC.png,HC/508_HC.png,10.100728988647461,4
HC,images/HC/004_HC.png,HC/004_HC.png,10.093461990356445,4
HC,images/HC/233_HC.png,HC/233_HC.png,10.05931282043457,4
HC,images/HC/785_2HC.png,HC/785_2HC.png,10.038790702819824,4
HC,images/HC/291_2HC.png,HC/291_2HC.png,10.014689445495605,4
HC,images/HC/660_HC.png,HC/660_HC.png,10.00888729095459,4
HC,images/HC/805_HC.png,HC/805_HC.png,10.00829792022705,4
HC,images/HC/124_2HC.png,HC/124_2HC.png,9.993216514587402,4
HC,images/HC/631_2HC.png,HC/631_2HC.png,9.974346160888672,4
HC,images/HC/121_2HC.png,HC/121_2HC.png,9.956873893737793,4
HC,images/HC/014_HC.png,HC/014_HC.png,9.954843521118164,4
HC,images/HC/773_2HC.png,HC/773_2HC.png,9.929404258728027,4
HC,images/HC/380_HC.png,HC/380_HC.png,9.922858238220215,4
HC,images/HC/728_HC.png,HC/728_HC.png,9.913582801818848,4
HC,images/HC/428_HC.png,HC/428_HC.png,9.903943061828613,4
HC,images/HC/731_HC.png,HC/731_HC.png,9.891336441040039,4
HC,images/HC/788_2HC.png,HC/788_2HC.png,9.885880470275879,4
HC,images/HC/394_HC.png,HC/394_HC.png,9.882061004638672,4
HC,images/HC/448_HC.png,HC/448_HC.png,9.87545394897461,4
HC,images/HC/607_HC.png,HC/607_HC.png,9.859418869018555,4
HC,images/HC/504_HC.png,HC/504_HC.png,9.854998588562012,4
HC,images/HC/479_HC.png,HC/479_HC.png,9.835017204284668,4
HC,images/HC/270_HC.png,HC/270_HC.png,9.826667785644531,4
HC,images/HC/384_2HC.png,HC/384_2HC.png,9.816272735595703,4
HC,images/HC/510_HC.png,HC/510_HC.png,9.796921730041504,4
HC,images/HC/105_HC.png,HC/105_HC.png,9.784613609313965,4
HC,images/HC/440_HC.png,HC/440_HC.png,9.780973434448242,4
HC,images/HC/606_HC.png,HC/606_HC.png,9.780658721923828,4
HC,images/HC/037_HC.png,HC/037_HC.png,9.768186569213867,4
HC,images/HC/803_HC.png,HC/803_HC.png,9.756672859191895,4
HC,images/HC/022_HC.png,HC/022_HC.png,9.738239288330078,4
HC,images/HC/585_HC.png,HC/585_HC.png,9.736021995544434,4
HC,images/HC/571_HC.png,HC/571_HC.png,9.735870361328125,4
HC,images/HC/656_HC.png,HC/656_HC.png,9.735818862915039,4
HC,images/HC/330_HC.png,HC/330_HC.png,9.708395957946777,4
HC,images/HC/431_HC.png,HC/431_HC.png,9.704952239990234,4
HC,images/HC/106_HC.png,HC/106_HC.png,9.683349609375,4
HC,images/HC/785_HC.png,HC/785_HC.png,9.674769401550293,4
HC,images/HC/376_2HC.png,HC/376_2HC.png,9.670196533203125,4
HC,images/HC/590_HC.png,HC/590_HC.png,9.6686372756958,4
HC,images/HC/710_HC.png,HC/710_HC.png,9.66220474243164,4
HC,images/HC/419_HC.png,HC/419_HC.png,9.660704612731934,4
HC,images/HC/437_2HC.png,HC/437_2HC.png,9.659078598022461,4
HC,images/HC/588_HC.png,HC/588_HC.png,9.655287742614746,4
HC,images/HC/066_HC.png,HC/066_HC.png,9.634331703186035,4
HC,images/HC/788_HC.png,HC/788_HC.png,9.624850273132324,4
HC,images/HC/793_2HC.png,HC/793_2HC.png,9.595785140991211,4
HC,images/HC/480_HC.png,HC/480_HC.png,9.585371017456055,4
HC,images/HC/049_HC.png,HC/049_HC.png,9.58139705657959,4
HC,images/HC/488_HC.png,HC/488_HC.png,9.575754165649414,4
HC,images/HC/532_2HC.png,HC/532_2HC.png,9.56660270690918,4
HC,images/HC/003_HC.png,HC/003_HC.png,9.560991287231445,4
HC,images/HC/752_HC.png,HC/752_HC.png,9.560558319091797,4
HC,images/HC/425_2HC.png,HC/425_2HC.png,9.55797004699707,4
HC,images/HC/584_HC.png,HC/584_HC.png,9.542701721191406,4
HC,images/HC/434_HC.png,HC/434_HC.png,9.540643692016602,4
HC,images/HC/063_3HC.png,HC/063_3HC.png,9.540026664733887,4
HC,images/HC/307_HC.png,HC/307_HC.png,9.526568412780762,4
HC,images/HC/001_HC.png,HC/001_HC.png,9.522201538085938,4
HC,images/HC/652_2HC.png,HC/652_2HC.png,9.519208908081055,4
HC,images/HC/095_HC.png,HC/095_HC.png,9.511800765991211,4
HC,images/HC/558_HC.png,HC/558_HC.png,9.504863739013672,4
HC,images/HC/646_HC.png,HC/646_HC.png,9.478840827941895,4
HC,images/HC/138_HC.png,HC/138_HC.png,9.460963249206543,4
HC,images/HC/659_HC.png,HC/659_HC.png,9.454806327819824,4
HC,images/HC/485_HC.png,HC/485_HC.png,9.452384948730469,4
HC,images/HC/672_HC.png,HC/672_HC.png,9.450469970703125,4
HC,images/HC/086_HC.png,HC/086_HC.png,9.445416450500488,4
HC,images/HC/755_HC.png,HC/755_HC.png,9.441267967224121,4
HC,images/HC/731_2HC.png,HC/731_2HC.png,9.425285339355469,4
HC,images/HC/790_HC.png,HC/790_HC.png,9.42304801940918,4
HC,images/HC/689_HC.png,HC/689_HC.png,9.422178268432617,4
HC,images/HC/143_2HC.png,HC/143_2HC.png,9.413542747497559,4
HC,images/HC/039_HC.png,HC/039_HC.png,9.404501914978027,4
HC,images/HC/336_HC.png,HC/336_HC.png,9.39936351776123,4
HC,images/HC/702_HC.png,HC/702_HC.png,9.389266967773438,4
HC,images/HC/178_2HC.png,HC/178_2HC.png,9.38401985168457,4
HC,images/HC/569_HC.png,HC/569_HC.png,9.383206367492676,4
HC,images/HC/269_HC.png,HC/269_HC.png,9.378556251525879,4
HC,images/HC/237_HC.png,HC/237_HC.png,9.371511459350586,4
HC,images/HC/679_HC.png,HC/679_HC.png,9.360565185546875,4
HC,images/HC/499_2HC.png,HC/499_2HC.png,9.357115745544434,4
HC,images/HC/325_HC.png,HC/325_HC.png,9.330564498901367,4
HC,images/HC/583_2HC.png,HC/583_2HC.png,9.300520896911621,4
HC,images/HC/203_HC.png,HC/203_HC.png,9.29916763305664,4
HC,images/HC/354_HC.png,HC/354_HC.png,9.291278839111328,4
HC,images/HC/636_HC.png,HC/636_HC.png,9.288066864013672,4
HC,images/HC/603_HC.png,HC/603_HC.png,9.274726867675781,4
HC,images/HC/798_HC.png,HC/798_HC.png,9.261271476745605,4
HC,images/HC/481_HC.png,HC/481_HC.png,9.25794792175293,4
HC,images/HC/773_3HC.png,HC/773_3HC.png,9.24316692352295,4
HC,images/HC/402_HC.png,HC/402_HC.png,9.239208221435547,4
HC,images/HC/352_HC.png,HC/352_HC.png,9.224215507507324,4
HC,images/HC/399_2HC.png,HC/399_2HC.png,9.2218017578125,4
HC,images/HC/467_HC.png,HC/467_HC.png,9.20678997039795,4
HC,images/HC/759_HC.png,HC/759_HC.png,9.202786445617676,4
HC,images/HC/665_HC.png,HC/665_HC.png,9.194563865661621,4
HC,images/HC/276_2HC.png,HC/276_2HC.png,9.16470718383789,4
HC,images/HC/143_HC.png,HC/143_HC.png,9.164693832397461,4
HC,images/HC/066_2HC.png,HC/066_2HC.png,9.16444206237793,4
HC,images/HC/574_HC.png,HC/574_HC.png,9.163331985473633,4
HC,images/HC/323_HC.png,HC/323_HC.png,9.147741317749023,4
HC,images/HC/378_HC.png,HC/378_HC.png,9.135382652282715,4
HC,images/HC/063_2HC.png,HC/063_2HC.png,9.126147270202637,4
HC,images/HC/433_HC.png,HC/433_HC.png,9.124153137207031,4
HC,images/HC/237_3HC.png,HC/237_3HC.png,9.117463111877441,4
HC,images/HC/371_HC.png,HC/371_HC.png,9.097204208374023,4
HC,images/HC/776_HC.png,HC/776_HC.png,9.094735145568848,4
HC,images/HC/170_HC.png,HC/170_HC.png,9.090509414672852,4
HC,images/HC/598_HC.png,HC/598_HC.png,9.081389427185059,4
HC,images/HC/351_HC.png,HC/351_HC.png,9.062409400939941,4
HC,images/HC/570_3HC.png,HC/570_3HC.png,9.042716979980469,4
HC,images/HC/133_3HC.png,HC/133_3HC.png,9.040742874145508,4
HC,images/HC/505_HC.png,HC/505_HC.png,9.038365364074707,4
HC,images/HC/619_HC.png,HC/619_HC.png,9.036860466003418,4
HC,images/HC/490_HC.png,HC/490_HC.png,9.030988693237305,4
HC,images/HC/426_HC.png,HC/426_HC.png,9.021879196166992,4
HC,images/HC/032_2HC.png,HC/032_2HC.png,9.019712448120117,4
HC,images/HC/327_2HC.png,HC/327_2HC.png,9.010276794433594,4
HC,images/HC/572_HC.png,HC/572_HC.png,9.004129409790039,4
HC,images/HC/486_HC.png,HC/486_HC.png,8.992853164672852,4
HC,images/HC/635_HC.png,HC/635_HC.png,8.980146408081055,4
HC,images/HC/709_2HC.png,HC/709_2HC.png,8.979354858398438,4
HC,images/HC/704_2HC.png,HC/704_2HC.png,8.967730522155762,4
HC,images/HC/605_HC.png,HC/605_HC.png,8.96684455871582,4
HC,images/HC/328_HC.png,HC/328_HC.png,8.952791213989258,4
HC,images/HC/374_HC.png,HC/374_HC.png,8.93294906616211,4
HC,images/HC/432_HC.png,HC/432_HC.png,8.931282997131348,4
HC,images/HC/062_HC.png,HC/062_HC.png,8.929656982421875,4
HC,images/HC/331_HC.png,HC/331_HC.png,8.923726081848145,4
HC,images/HC/795_HC.png,HC/795_HC.png,8.920013427734375,4
HC,images/HC/315_2HC.png,HC/315_2HC.png,8.919595718383789,4
HC,images/HC/096_HC.png,HC/096_HC.png,8.916947364807129,4
HC,images/HC/337_HC.png,HC/337_HC.png,8.911624908447266,4
HC,images/HC/468_HC.png,HC/468_HC.png,8.897306442260742,4
HC,images/HC/623_HC.png,HC/623_HC.png,8.892617225646973,4
HC,images/HC/694_HC.png,HC/694_HC.png,8.883879661560059,4
HC,images/HC/130_HC.png,HC/130_HC.png,8.882735252380371,4
HC,images/HC/144_HC.png,HC/144_HC.png,8.867241859436035,4
HC,images/HC/463_HC.png,HC/463_HC.png,8.861414909362793,4
HC,images/HC/618_HC.png,HC/618_HC.png,8.861042022705078,4
HC,images/HC/476_HC.png,HC/476_HC.png,8.850069999694824,4
HC,images/HC/275_HC.png,HC/275_HC.png,8.849032402038574,4
HC,images/HC/358_HC.png,HC/358_HC.png,8.848662376403809,4
HC,images/HC/643_HC.png,HC/643_HC.png,8.847100257873535,4
HC,images/HC/516_HC.png,HC/516_HC.png,8.842029571533203,4
HC,images/HC/783_3HC.png,HC/783_3HC.png,8.835733413696289,4
HC,images/HC/457_HC.png,HC/457_HC.png,8.824930191040039,4
HC,images/HC/347_HC.png,HC/347_HC.png,8.78494930267334,4
HC,images/HC/791_HC.png,HC/791_HC.png,8.782391548156738,4
HC,images/HC/132_HC.png,HC/132_HC.png,8.779343605041504,4
HC,images/HC/267_HC.png,HC/267_HC.png,8.773090362548828,4
HC,images/HC/557_HC.png,HC/557_HC.png,8.770517349243164,4
HC,images/HC/210_HC.png,HC/210_HC.png,8.769798278808594,4
HC,images/HC/566_2HC.png,HC/566_2HC.png,8.763697624206543,4
HC,images/HC/194_HC.png,HC/194_HC.png,8.728827476501465,4
HC,images/HC/077_HC.png,HC/077_HC.png,8.71319580078125,4
HC,images/HC/108_HC.png,HC/108_HC.png,8.711830139160156,4
HC,images/HC/411_HC.png,HC/411_HC.png,8.709178924560547,4
HC,images/HC/713_HC.png,HC/713_HC.png,8.707228660583496,4
HC,images/HC/373_HC.png,HC/373_HC.png,8.70174789428711,4
HC,images/HC/533_HC.png,HC/533_HC.png,8.69438362121582,4
HC,images/HC/349_HC.png,HC/349_HC.png,8.679635047912598,4
HC,images/HC/257_HC.png,HC/257_HC.png,8.671733856201172,4
HC,images/HC/281_HC.png,HC/281_HC.png,8.669403076171875,4
HC,images/HC/675_2HC.png,HC/675_2HC.png,8.660962104797363,4
HC,images/HC/675_HC.png,HC/675_HC.png,8.643097877502441,4
HC,images/HC/501_HC.png,HC/501_HC.png,8.633692741394043,4
HC,images/HC/393_HC.png,HC/393_HC.png,8.618609428405762,4
HC,images/HC/381_HC.png,HC/381_HC.png,8.606164932250977,4
HC,images/HC/724_HC.png,HC/724_HC.png,8.582751274108887,4
HC,images/HC/213_2HC.png,HC/213_2HC.png,8.579795837402344,4
HC,images/HC/459_HC.png,HC/459_HC.png,8.579273223876953,4
HC,images/HC/253_HC.png,HC/253_HC.png,8.541537284851074,4
HC,images/HC/183_HC.png,HC/183_HC.png,8.539451599121094,4
HC,images/HC/545_2HC.png,HC/545_2HC.png,8.533956527709961,4
HC,images/HC/644_HC.png,HC/644_HC.png,8.49754524230957,4
HC,images/HC/638_HC.png,HC/638_HC.png,8.492100715637207,4
HC,images/HC/375_HC.png,HC/375_HC.png,8.47769832611084,4
HC,images/HC/223_HC.png,HC/223_HC.png,8.463851928710938,4
HC,images/HC/099_HC.png,HC/099_HC.png,8.45239543914795,4
HC,images/HC/359_HC.png,HC/359_HC.png,8.44413948059082,4
HC,images/HC/567_2HC.png,HC/567_2HC.png,8.419312477111816,4
HC,images/HC/287_HC.png,HC/287_HC.png,8.414222717285156,4
HC,images/HC/642_HC.png,HC/642_HC.png,8.413089752197266,4
HC,images/HC/355_HC.png,HC/355_HC.png,8.40634822845459,4
HC,images/HC/455_HC.png,HC/455_HC.png,8.40274429321289,4
HC,images/HC/312_2HC.png,HC/312_2HC.png,8.39997386932373,4
HC,images/HC/016_HC.png,HC/016_HC.png,8.383503913879395,4
HC,images/HC/537_HC.png,HC/537_HC.png,8.38104248046875,4
HC,images/HC/373_2HC.png,HC/373_2HC.png,8.376694679260254,4
HC,images/HC/238_HC.png,HC/238_HC.png,8.33962631225586,4
HC,images/HC/592_2HC.png,HC/592_2HC.png,8.335762977600098,4
HC,images/HC/671_2HC.png,HC/671_2HC.png,8.331035614013672,4
HC,images/HC/141_HC.png,HC/141_HC.png,8.330105781555176,4
HC,images/HC/019_HC.png,HC/019_HC.png,8.322827339172363,4
HC,images/HC/021_HC.png,HC/021_HC.png,8.31652545928955,4
HC,images/HC/234_HC.png,HC/234_HC.png,8.30024528503418,4
HC,images/HC/560_HC.png,HC/560_HC.png,8.282784461975098,4
HC,images/HC/794_HC.png,HC/794_HC.png,8.267759323120117,4
HC,images/HC/441_HC.png,HC/441_HC.png,8.264251708984375,4
HC,images/HC/094_HC.png,HC/094_HC.png,8.260016441345215,4
HC,images/HC/453_HC.png,HC/453_HC.png,8.252448081970215,4
HC,images/HC/492_HC.png,HC/492_HC.png,8.249016761779785,4
HC,images/HC/043_HC.png,HC/043_HC.png,8.248188018798828,4
HC,images/HC/757_HC.png,HC/757_HC.png,8.235913276672363,4
HC,images/HC/657_HC.png,HC/657_HC.png,8.22664737701416,4
HC,images/HC/668_HC.png,HC/668_HC.png,8.221511840820312,4
HC,images/HC/412_HC.png,HC/412_HC.png,8.214593887329102,4
HC,images/HC/034_HC.png,HC/034_HC.png,8.211407661437988,4
HC,images/HC/727_HC.png,HC/727_HC.png,8.208080291748047,4
HC,images/HC/687_HC.png,HC/687_HC.png,8.205714225769043,4
HC,images/HC/527_HC.png,HC/527_HC.png,8.200162887573242,4
HC,images/HC/185_HC.png,HC/185_HC.png,8.194039344787598,4
HC,images/HC/578_HC.png,HC/578_HC.png,8.179535865783691,4
HC,images/HC/333_HC.png,HC/333_HC.png,8.171218872070312,4
HC,images/HC/457_2HC.png,HC/457_2HC.png,8.161252975463867,4
HC,images/HC/746_2HC.png,HC/746_2HC.png,8.151269912719727,4
HC,images/HC/184_HC.png,HC/184_HC.png,8.143479347229004,4
HC,images/HC/009_HC.png,HC/009_HC.png,8.13924789428711,4
HC,images/HC/601_HC.png,HC/601_HC.png,8.104937553405762,4
HC,images/HC/651_HC.png,HC/651_HC.png,8.08641242980957,4
HC,images/HC/562_HC.png,HC/562_HC.png,8.078869819641113,4
HC,images/HC/730_HC.png,HC/730_HC.png,8.077765464782715,4
HC,images/HC/624_HC.png,HC/624_HC.png,8.074856758117676,4
HC,images/HC/359_2HC.png,HC/359_2HC.png,8.061433792114258,4
HC,images/HC/302_HC.png,HC/302_HC.png,8.046700477600098,4
HC,images/HC/531_HC.png,HC/531_HC.png,8.036375999450684,4
HC,images/HC/357_HC.png,HC/357_HC.png,8.009305953979492,4
HC,images/HC/322_HC.png,HC/322_HC.png,8.00709056854248,4
HC,images/HC/695_HC.png,HC/695_HC.png,8.00526237487793,4
HC,images/HC/029_HC.png,HC/029_HC.png,8.001070022583008,4
HC,images/HC/498_HC.png,HC/498_HC.png,7.997310638427734,4
HC,images/HC/493_HC.png,HC/493_HC.png,7.997272491455078,4
HC,images/HC/625_HC.png,HC/625_HC.png,7.99352502822876,4
HC,images/HC/129_HC.png,HC/129_HC.png,7.986788272857666,4
HC,images/HC/768_HC.png,HC/768_HC.png,7.9748101234436035,4
HC,images/HC/800_HC.png,HC/800_HC.png,7.968269348144531,4
HC,images/HC/626_HC.png,HC/626_HC.png,7.959681987762451,4
HC,images/HC/212_HC.png,HC/212_HC.png,7.944815635681152,4
HC,images/HC/178_HC.png,HC/178_HC.png,7.937121868133545,4
HC,images/HC/769_HC.png,HC/769_HC.png,7.930600166320801,4
HC,images/HC/542_HC.png,HC/542_HC.png,7.928431987762451,4
HC,images/HC/666_HC.png,HC/666_HC.png,7.920955657958984,4
HC,images/HC/637_HC.png,HC/637_HC.png,7.894908905029297,4
HC,images/HC/026_HC.png,HC/026_HC.png,7.890741348266602,4
HC,images/HC/229_2HC.png,HC/229_2HC.png,7.885117053985596,4
HC,images/HC/521_HC.png,HC/521_HC.png,7.881967544555664,4
HC,images/HC/338_HC.png,HC/338_HC.png,7.875984191894531,4
HC,images/HC/561_3HC.png,HC/561_3HC.png,7.86946964263916,4
HC,images/HC/249_HC.png,HC/249_HC.png,7.860974311828613,4
HC,images/HC/305_HC.png,HC/305_HC.png,7.860313415527344,4
HC,images/HC/245_2HC.png,HC/245_2HC.png,7.834616661071777,4
HC,images/HC/697_HC.png,HC/697_HC.png,7.826035022735596,4
HC,images/HC/503_HC.png,HC/503_HC.png,7.817229270935059,4
HC,images/HC/770_HC.png,HC/770_HC.png,7.811954498291016,4
HC,images/HC/454_HC.png,HC/454_HC.png,7.804903507232666,4
HC,images/HC/293_HC.png,HC/293_HC.png,7.803719520568848,4
HC,images/HC/734_HC.png,HC/734_HC.png,7.796215534210205,4
HC,images/HC/301_HC.png,HC/301_HC.png,7.7949538230896,4
HC,images/HC/261_HC.png,HC/261_HC.png,7.788359642028809,4
HC,images/HC/774_HC.png,HC/774_HC.png,7.785650730133057,4
HC,images/HC/715_HC.png,HC/715_HC.png,7.776002883911133,4
HC,images/HC/758_HC.png,HC/758_HC.png,7.775888442993164,4
HC,images/HC/486_2HC.png,HC/486_2HC.png,7.775325298309326,4
HC,images/HC/312_HC.png,HC/312_HC.png,7.772651195526123,4
HC,images/HC/725_HC.png,HC/725_HC.png,7.758443832397461,4
HC,images/HC/405_HC.png,HC/405_HC.png,7.739483833312988,4
HC,images/HC/711_HC.png,HC/711_HC.png,7.736373424530029,4
HC,images/HC/111_HC.png,HC/111_HC.png,7.734026908874512,4
HC,images/HC/368_HC.png,HC/368_HC.png,7.731765270233154,4
HC,images/HC/641_HC.png,HC/641_HC.png,7.726069450378418,4
HC,images/HC/761_HC.png,HC/761_HC.png,7.699544429779053,4
HC,images/HC/365_HC.png,HC/365_HC.png,7.699312210083008,4
HC,images/HC/680_HC.png,HC/680_HC.png,7.694382190704346,4
HC,images/HC/608_HC.png,HC/608_HC.png,7.690093994140625,4
HC,images/HC/162_HC.png,HC/162_HC.png,7.689853668212891,4
HC,images/HC/214_HC.png,HC/214_HC.png,7.682986736297607,4
HC,images/HC/221_HC.png,HC/221_HC.png,7.670202255249023,4
HC,images/HC/629_HC.png,HC/629_HC.png,7.665248394012451,4
HC,images/HC/113_HC.png,HC/113_HC.png,7.64417839050293,4
HC,images/HC/389_HC.png,HC/389_HC.png,7.640800952911377,4
HC,images/HC/125_2HC.png,HC/125_2HC.png,7.631734848022461,4
HC,images/HC/677_2HC.png,HC/677_2HC.png,7.6255292892456055,4
HC,images/HC/451_HC.png,HC/451_HC.png,7.619905471801758,4
HC,images/HC/628_HC.png,HC/628_HC.png,7.60640287399292,4
HC,images/HC/342_HC.png,HC/342_HC.png,7.60402774810791,4
HC,images/HC/245_3HC.png,HC/245_3HC.png,7.582224369049072,4
HC,images/HC/168_HC.png,HC/168_HC.png,7.580268859863281,4
HC,images/HC/382_2HC.png,HC/382_2HC.png,7.575516700744629,4
HC,images/HC/268_HC.png,HC/268_HC.png,7.572835922241211,4
HC,images/HC/304_HC.png,HC/304_HC.png,7.570565223693848,4
HC,images/HC/023_HC.png,HC/023_HC.png,7.569502830505371,4
HC,images/HC/087_HC.png,HC/087_HC.png,7.566779613494873,4
HC,images/HC/398_HC.png,HC/398_HC.png,7.548667907714844,4
HC,images/HC/610_HC.png,HC/610_HC.png,7.537108898162842,4
HC,images/HC/309_HC.png,HC/309_HC.png,7.522765159606934,4
HC,images/HC/191_HC.png,HC/191_HC.png,7.520934104919434,4
HC,images/HC/534_HC.png,HC/534_HC.png,7.520354747772217,4
HC,images/HC/303_HC.png,HC/303_HC.png,7.508340835571289,4
HC,images/HC/717_HC.png,HC/717_HC.png,7.498828411102295,4
HC,images/HC/518_HC.png,HC/518_HC.png,7.492992877960205,4
HC,images/HC/278_2HC.png,HC/278_2HC.png,7.487377166748047,4
HC,images/HC/334_HC.png,HC/334_HC.png,7.469512939453125,4
HC,images/HC/519_HC.png,HC/519_HC.png,7.460389137268066,4
HC,images/HC/364_HC.png,HC/364_HC.png,7.449977874755859,4
HC,images/HC/379_HC.png,HC/379_HC.png,7.449557304382324,4
HC,images/HC/630_HC.png,HC/630_HC.png,7.445777893066406,4
HC,images/HC/146_2HC.png,HC/146_2HC.png,7.438765525817871,4
HC,images/HC/540_HC.png,HC/540_HC.png,7.436649322509766,4
HC,images/HC/587_2HC.png,HC/587_2HC.png,7.425464153289795,4
HC,images/HC/193_HC.png,HC/193_HC.png,7.4254350662231445,4
HC,images/HC/294_HC.png,HC/294_HC.png,7.4057793617248535,4
HC,images/HC/736_2HC.png,HC/736_2HC.png,7.403151512145996,4
HC,images/HC/499_HC.png,HC/499_HC.png,7.395413875579834,4
HC,images/HC/526_2HC.png,HC/526_2HC.png,7.393621444702148,4
HC,images/HC/167_HC.png,HC/167_HC.png,7.388264179229736,4
HC,images/HC/478_HC.png,HC/478_HC.png,7.387757301330566,4
HC,images/HC/232_HC.png,HC/232_HC.png,7.383892059326172,4
HC,images/HC/243_3HC.png,HC/243_3HC.png,7.37490177154541,4
HC,images/HC/243_HC.png,HC/243_HC.png,7.37490177154541,4
HC,images/HC/673_2HC.png,HC/673_2HC.png,7.363809585571289,4
HC,images/HC/621_HC.png,HC/621_HC.png,7.3485002517700195,4
HC,images/HC/443_HC.png,HC/443_HC.png,7.341973781585693,4
HC,images/HC/159_HC.png,HC/159_HC.png,7.297611713409424,4
HC,images/HC/134_HC.png,HC/134_HC.png,7.27888298034668,4
HC,images/HC/179_HC.png,HC/179_HC.png,7.278843879699707,4
HC,images/HC/161_HC.png,HC/161_HC.png,7.254915237426758,4
HC,images/HC/495_HC.png,HC/495_HC.png,7.252739906311035,4
HC,images/HC/524_HC.png,HC/524_HC.png,7.245242595672607,4
HC,images/HC/473_HC.png,HC/473_HC.png,7.241578102111816,4
HC,images/HC/027_HC.png,HC/027_HC.png,7.225597381591797,4
HC,images/HC/795_2HC.png,HC/795_2HC.png,7.222574234008789,4
HC,images/HC/522_HC.png,HC/522_HC.png,7.209621429443359,4
HC,images/HC/140_HC.png,HC/140_HC.png,7.2001190185546875,4
HC,images/HC/765_HC.png,HC/765_HC.png,7.195911407470703,4
HC,images/HC/306_HC.png,HC/306_HC.png,7.187975883483887,4
HC,images/HC/300_HC.png,HC/300_HC.png,7.185594081878662,4
HC,images/HC/554_HC.png,HC/554_HC.png,7.168773651123047,4
HC,images/HC/604_HC.png,HC/604_HC.png,7.162775993347168,4
HC,images/HC/449_HC.png,HC/449_HC.png,7.1589202880859375,4
HC,images/HC/570_HC.png,HC/570_HC.png,7.156479358673096,4
HC,images/HC/332_HC.png,HC/332_HC.png,7.154336452484131,4
HC,images/HC/771_HC.png,HC/771_HC.png,7.149135112762451,4
HC,images/HC/413_HC.png,HC/413_HC.png,7.147933006286621,4
HC,images/HC/639_2HC.png,HC/639_2HC.png,7.141733646392822,4
HC,images/HC/648_HC.png,HC/648_HC.png,7.139198303222656,4
HC,images/HC/230_2HC.png,HC/230_2HC.png,7.132014751434326,4
HC,images/HC/213_HC.png,HC/213_HC.png,7.118013858795166,4
HC,images/HC/236_HC.png,HC/236_HC.png,7.105888366699219,4
HC,images/HC/018_HC.png,HC/018_HC.png,7.09732723236084,4
HC,images/HC/491_HC.png,HC/491_HC.png,7.094520092010498,4
HC,images/HC/568_HC.png,HC/568_HC.png,7.0940656661987305,4
HC,images/HC/783_2HC.png,HC/783_2HC.png,7.088939189910889,4
HC,images/HC/314_HC.png,HC/314_HC.png,7.0842976570129395,4
HC,images/HC/323_2HC.png,HC/323_2HC.png,7.073442459106445,4
HC,images/HC/107_2HC.png,HC/107_2HC.png,7.067449569702148,4
HC,images/HC/602_HC.png,HC/602_HC.png,7.066543102264404,4
HC,images/HC/125_3HC.png,HC/125_3HC.png,7.043592929840088,4
HC,images/HC/573_HC.png,HC/573_HC.png,7.0427021980285645,4
HC,images/HC/335_HC.png,HC/335_HC.png,7.0340657234191895,4
HC,images/HC/230_HC.png,HC/230_HC.png,7.0073089599609375,4
HC,images/HC/617_HC.png,HC/617_HC.png,6.997807502746582,4
HC,images/HC/061_HC.png,HC/061_HC.png,6.9875569343566895,4
HC,images/HC/235_2HC.png,HC/235_2HC.png,6.986987113952637,4
HC,images/HC/408_HC.png,HC/408_HC.png,6.985527992248535,4
HC,images/HC/737_HC.png,HC/737_HC.png,6.9618964195251465,4
HC,images/HC/362_HC.png,HC/362_HC.png,6.950257301330566,4
HC,images/HC/227_2HC.png,HC/227_2HC.png,6.949939250946045,4
HC,images/HC/149_HC.png,HC/149_HC.png,6.949118137359619,4
HC,images/HC/418_HC.png,HC/418_HC.png,6.9439520835876465,4
HC,images/HC/599_HC.png,HC/599_HC.png,6.939511775970459,4
HC,images/HC/070_HC.png,HC/070_HC.png,6.938864707946777,4
HC,images/HC/297_HC.png,HC/297_HC.png,6.9328389167785645,4
HC,images/HC/465_HC.png,HC/465_HC.png,6.930206775665283,4
HC,images/HC/116_HC.png,HC/116_HC.png,6.923619270324707,4
HC,images/HC/074_HC.png,HC/074_HC.png,6.912581443786621,4
HC,images/HC/050_2HC.png,HC/050_2HC.png,6.903848648071289,4
HC,images/HC/777_HC.png,HC/777_HC.png,6.902985095977783,4
HC,images/HC/718_HC.png,HC/718_HC.png,6.902899742126465,4
HC,images/HC/388_HC.png,HC/388_HC.png,6.899867057800293,4
HC,images/HC/160_HC.png,HC/160_HC.png,6.899580955505371,4
HC,images/HC/237_2HC.png,HC/237_2HC.png,6.894217491149902,4
HC,images/HC/288_HC.png,HC/288_HC.png,6.885625839233398,4
HC,images/HC/382_HC.png,HC/382_HC.png,6.871987342834473,4
HC,images/HC/662_HC.png,HC/662_HC.png,6.861807823181152,4
HC,images/HC/241_HC.png,HC/241_HC.png,6.852391242980957,4
HC,images/HC/229_HC.png,HC/229_HC.png,6.8459248542785645,4
HC,images/HC/345_HC.png,HC/345_HC.png,6.840102672576904,4
HC,images/HC/767_HC.png,HC/767_HC.png,6.837927341461182,4
HC,images/HC/211_HC.png,HC/211_HC.png,6.824389457702637,4
HC,images/HC/460_HC.png,HC/460_HC.png,6.818954944610596,4
HC,images/HC/209_HC.png,HC/209_HC.png,6.806397914886475,4
HC,images/HC/686_2HC.png,HC/686_2HC.png,6.805020332336426,4
HC,images/HC/265_HC.png,HC/265_HC.png,6.76631498336792,4
HC,images/HC/313_HC.png,HC/313_HC.png,6.7425642013549805,4
HC,images/HC/712_2HC.png,HC/712_2HC.png,6.7317023277282715,4
HC,images/HC/151_HC.png,HC/151_HC.png,6.716508865356445,4
HC,images/HC/778_HC.png,HC/778_HC.png,6.7100019454956055,4
HC,images/HC/438_HC.png,HC/438_HC.png,6.708263397216797,4
HC,images/HC/582_HC.png,HC/582_HC.png,6.702827453613281,4
HC,images/HC/667_HC.png,HC/667_HC.png,6.686892509460449,4
HC,images/HC/040_HC.png,HC/040_HC.png,6.682573318481445,4
HC,images/HC/613_3HC.png,HC/613_3HC.png,6.67901611328125,4
HC,images/HC/576_HC.png,HC/576_HC.png,6.671443939208984,4
HC,images/HC/217_HC.png,HC/217_HC.png,6.670979022979736,4
HC,images/HC/048_HC.png,HC/048_HC.png,6.669201374053955,4
HC,images/HC/579_HC.png,HC/579_HC.png,6.667436599731445,4
HC,images/HC/259_HC.png,HC/259_HC.png,6.666813850402832,4
HC,images/HC/561_2HC.png,HC/561_2HC.png,6.648237228393555,4
HC,images/HC/108_2HC.png,HC/108_2HC.png,6.634222030639648,4
HC,images/HC/204_HC.png,HC/204_HC.png,6.630909442901611,4
HC,images/HC/403_2HC.png,HC/403_2HC.png,6.625214576721191,4
HC,images/HC/546_HC.png,HC/546_HC.png,6.620938777923584,4
HC,images/HC/041_HC.png,HC/041_HC.png,6.6115875244140625,4
HC,images/HC/166_HC.png,HC/166_HC.png,6.611240386962891,4
HC,images/HC/251_HC.png,HC/251_HC.png,6.59306526184082,4
HC,images/HC/738_HC.png,HC/738_HC.png,6.5842695236206055,4
HC,images/HC/127_HC.png,HC/127_HC.png,6.583230972290039,4
HC,images/HC/108_3HC.png,HC/108_3HC.png,6.575841426849365,4
HC,images/HC/033_2HC.png,HC/033_2HC.png,6.575240612030029,4
HC,images/HC/784_HC.png,HC/784_HC.png,6.569337844848633,4
HC,images/HC/072_HC.png,HC/072_HC.png,6.568242073059082,4
HC,images/HC/242_HC.png,HC/242_HC.png,6.549094200134277,4
HC,images/HC/494_HC.png,HC/494_HC.png,6.531955718994141,4
HC,images/HC/196_HC.png,HC/196_HC.png,6.518258571624756,4
HC,images/HC/453_2HC.png,HC/453_2HC.png,6.508080005645752,4
HC,images/HC/520_HC.png,HC/520_HC.png,6.502464294433594,4
HC,images/HC/292_HC.png,HC/292_HC.png,6.49733829498291,4
HC,images/HC/171_HC.png,HC/171_HC.png,6.489362716674805,4
HC,images/HC/220_2HC.png,HC/220_2HC.png,6.485274791717529,4
HC,images/HC/544_HC.png,HC/544_HC.png,6.478976726531982,4
HC,images/HC/747_HC.png,HC/747_HC.png,6.47219181060791,4
HC,images/HC/407_HC.png,HC/407_HC.png,6.451949596405029,4
HC,images/HC/688_HC.png,HC/688_HC.png,6.445040702819824,4
HC,images/HC/079_HC.png,HC/079_HC.png,6.436108112335205,4
HC,images/HC/797_HC.png,HC/797_HC.png,6.4245219230651855,4
HC,images/HC/474_HC.png,HC/474_HC.png,6.420884609222412,4
HC,images/HC/456_HC.png,HC/456_HC.png,6.397655010223389,4
HC,images/HC/427_HC.png,HC/427_HC.png,6.392441749572754,4
HC,images/HC/708_3HC.png,HC/708_3HC.png,6.388201713562012,4
HC,images/HC/271_2HC.png,HC/271_2HC.png,6.385329246520996,4
HC,images/HC/609_2HC.png,HC/609_2HC.png,6.373098373413086,4
HC,images/HC/703_HC.png,HC/703_HC.png,6.368264198303223,4
HC,images/HC/100_2HC.png,HC/100_2HC.png,6.35799503326416,4
HC,images/HC/082_HC.png,HC/082_HC.png,6.355944633483887,4
HC,images/HC/223_2HC.png,HC/223_2HC.png,6.353976726531982,4
HC,images/HC/224_HC.png,HC/224_HC.png,6.339385509490967,4
HC,images/HC/692_2HC.png,HC/692_2HC.png,6.336421489715576,4
HC,images/HC/360_2HC.png,HC/360_2HC.png,6.319735527038574,4
HC,images/HC/671_3HC.png,HC/671_3HC.png,6.295629501342773,4
HC,images/HC/361_HC.png,HC/361_HC.png,6.294270992279053,4
HC,images/HC/346_HC.png,HC/346_HC.png,6.286324977874756,4
HC,images/HC/421_HC.png,HC/421_HC.png,6.283246994018555,4
HC,images/HC/735_HC.png,HC/735_HC.png,6.279794692993164,4
HC,images/HC/483_2HC.png,HC/483_2HC.png,6.247785568237305,4
HC,images/HC/367_HC.png,HC/367_HC.png,6.242330551147461,4
HC,images/HC/423_HC.png,HC/423_HC.png,6.233614921569824,4
HC,images/HC/566_HC.png,HC/566_HC.png,6.228890419006348,4
HC,images/HC/416_HC.png,HC/416_HC.png,6.226902961730957,4
HC,images/HC/071_HC.png,HC/071_HC.png,6.224217414855957,4
HC,images/HC/764_2HC.png,HC/764_2HC.png,6.205252647399902,4
HC,images/HC/386_HC.png,HC/386_HC.png,6.198570251464844,4
HC,images/HC/744_HC.png,HC/744_HC.png,6.186915874481201,4
HC,images/HC/036_HC.png,HC/036_HC.png,6.1805009841918945,4
HC,images/HC/142_HC.png,HC/142_HC.png,6.178434371948242,4
HC,images/HC/543_HC.png,HC/543_HC.png,6.165503025054932,4
HC,images/HC/276_HC.png,HC/276_HC.png,6.155777454376221,4
HC,images/HC/262_HC.png,HC/262_HC.png,6.151680946350098,4
HC,images/HC/559_HC.png,HC/559_HC.png,6.136998176574707,4
HC,images/HC/246_HC.png,HC/246_HC.png,6.1200761795043945,4
HC,images/HC/657_2HC.png,HC/657_2HC.png,6.110841751098633,4
HC,images/HC/678_HC.png,HC/678_HC.png,6.022200584411621,4
HC,images/HC/439_HC.png,HC/439_HC.png,6.00435733795166,4
HC,images/HC/781_HC.png,HC/781_HC.png,6.004323959350586,4
HC,images/HC/704_HC.png,HC/704_HC.png,5.998332977294922,4
HC,images/HC/462_2HC.png,HC/462_2HC.png,5.976189613342285,4
HC,images/HC/487_HC.png,HC/487_HC.png,5.960226058959961,4
HC,images/HC/225_HC.png,HC/225_HC.png,5.942647933959961,4
HC,images/HC/203_2HC.png,HC/203_2HC.png,5.918674468994141,4
HC,images/HC/640_HC.png,HC/640_HC.png,5.857796669006348,4
HC,images/HC/719_HC.png,HC/719_HC.png,5.847414970397949,4
HC,images/HC/248_HC.png,HC/248_HC.png,5.847009658813477,4
HC,images/HC/466_HC.png,HC/466_HC.png,5.837595462799072,4
HC,images/HC/586_HC.png,HC/586_HC.png,5.828720569610596,4
HC,images/HC/406_HC.png,HC/406_HC.png,5.827024936676025,4
HC,images/HC/591_HC.png,HC/591_HC.png,5.8260393142700195,4
HC,images/HC/210_2HC.png,HC/210_2HC.png,5.808837890625,4
HC,images/HC/536_HC.png,HC/536_HC.png,5.802552700042725,4
HC,images/HC/118_HC.png,HC/118_HC.png,5.799052715301514,4
HC,images/HC/563_HC.png,HC/563_HC.png,5.797363758087158,4
HC,images/HC/567_HC.png,HC/567_HC.png,5.790348529815674,4
HC,images/HC/677_HC.png,HC/677_HC.png,5.782703876495361,4
HC,images/HC/789_HC.png,HC/789_HC.png,5.76639461517334,4
HC,images/HC/404_2HC.png,HC/404_2HC.png,5.7640862464904785,4
HC,images/HC/594_HC.png,HC/594_HC.png,5.74055814743042,4
HC,images/HC/773_HC.png,HC/773_HC.png,5.71596097946167,4
HC,images/HC/663_HC.png,HC/663_HC.png,5.713447570800781,4
HC,images/HC/207_HC.png,HC/207_HC.png,5.683043003082275,4
HC,images/HC/172_HC.png,HC/172_HC.png,5.642541408538818,4
HC,images/HC/390_HC.png,HC/390_HC.png,5.638334274291992,4
HC,images/HC/102_HC.png,HC/102_HC.png,5.6258039474487305,4
HC,images/HC/282_HC.png,HC/282_HC.png,5.621039390563965,4
HC,images/HC/284_HC.png,HC/284_HC.png,5.618291854858398,4
HC,images/HC/085_HC.png,HC/085_HC.png,5.604662895202637,4
HC,images/HC/746_HC.png,HC/746_HC.png,5.602675914764404,4
HC,images/HC/617_2HC.png,HC/617_2HC.png,5.596151351928711,4
HC,images/HC/514_HC.png,HC/514_HC.png,5.585495471954346,4
HC,images/HC/497_HC.png,HC/497_HC.png,5.581333637237549,4
HC,images/HC/278_HC.png,HC/278_HC.png,5.555980682373047,4
HC,images/HC/754_HC.png,HC/754_HC.png,5.555528163909912,4
HC,images/HC/581_HC.png,HC/581_HC.png,5.5496110916137695,4
HC,images/HC/156_2HC.png,HC/156_2HC.png,5.546601295471191,4
HC,images/HC/131_HC.png,HC/131_HC.png,5.545712471008301,4
HC,images/HC/469_HC.png,HC/469_HC.png,5.49374532699585,4
HC,images/HC/216_HC.png,HC/216_HC.png,5.472957611083984,4
HC,images/HC/377_HC.png,HC/377_HC.png,5.465319633483887,4
HC,images/HC/107_HC.png,HC/107_HC.png,5.457028388977051,4
HC,images/HC/762_HC.png,HC/762_HC.png,5.443992614746094,4
HC,images/HC/256_HC.png,HC/256_HC.png,5.4436116218566895,4
HC,images/HC/103_HC.png,HC/103_HC.png,5.406633377075195,4
HC,images/HC/553_HC.png,HC/553_HC.png,5.387791633605957,4
HC,images/HC/756_HC.png,HC/756_HC.png,5.382692337036133,4
HC,images/HC/326_HC.png,HC/326_HC.png,5.329846382141113,4
HC,images/HC/231_HC.png,HC/231_HC.png,5.322304725646973,4
HC,images/HC/756_2HC.png,HC/756_2HC.png,5.310048580169678,4
HC,images/HC/461_HC.png,HC/461_HC.png,5.290074825286865,4
HC,images/HC/783_HC.png,HC/783_HC.png,5.275759220123291,4
HC,images/HC/700_HC.png,HC/700_HC.png,5.267093658447266,4
HC,images/HC/098_HC.png,HC/098_HC.png,5.26518440246582,4
HC,images/HC/153_HC.png,HC/153_HC.png,5.2469329833984375,4
HC,images/HC/109_HC.png,HC/109_HC.png,5.236825466156006,4
HC,images/HC/182_HC.png,HC/182_HC.png,5.222253799438477,4
HC,images/HC/090_HC.png,HC/090_HC.png,5.213803768157959,4
HC,images/HC/364_2HC.png,HC/364_2HC.png,5.200672626495361,4
HC,images/HC/507_2HC.png,HC/507_2HC.png,5.182208061218262,4
HC,images/HC/507_HC.png,HC/507_HC.png,5.182208061218262,4
HC,images/HC/189_HC.png,HC/189_HC.png,5.175050735473633,4
HC,images/HC/366_HC.png,HC/366_HC.png,5.17408561706543,4
HC,images/HC/138_2HC.png,HC/138_2HC.png,5.159399032592773,4
HC,images/HC/779_HC.png,HC/779_HC.png,5.140751361846924,4
HC,images/HC/414_HC.png,HC/414_HC.png,5.125156402587891,4
HC,images/HC/496_HC.png,HC/496_HC.png,5.111181735992432,4
HC,images/HC/495_4HC.png,HC/495_4HC.png,5.0916748046875,4
HC,images/HC/436_HC.png,HC/436_HC.png,5.0683465003967285,4
HC,images/HC/247_HC.png,HC/247_HC.png,5.053244113922119,4
HC,images/HC/345_2HC.png,HC/345_2HC.png,4.989415168762207,4
HC,images/HC/523_HC.png,HC/523_HC.png,4.940669059753418,4
HC,images/HC/495_2HC.png,HC/495_2HC.png,4.931244373321533,4
HC,images/HC/616_HC.png,HC/616_HC.png,4.921125411987305,4
HC,images/HC/530_HC.png,HC/530_HC.png,4.9208173751831055,4
HC,images/HC/539_HC.png,HC/539_HC.png,4.901863098144531,4
HC,images/HC/119_HC.png,HC/119_HC.png,4.891636371612549,4
HC,images/HC/618_2HC.png,HC/618_2HC.png,4.85796594619751,4
HC,images/HC/490_2HC.png,HC/490_2HC.png,4.854193210601807,4
HC,images/HC/372_HC.png,HC/372_HC.png,4.822564125061035,4
HC,images/HC/065_HC.png,HC/065_HC.png,4.803544044494629,4
HC,images/HC/264_HC.png,HC/264_HC.png,4.7844648361206055,4
HC,images/HC/685_HC.png,HC/685_HC.png,4.771539211273193,4
HC,images/HC/435_HC.png,HC/435_HC.png,4.771164894104004,4
HC,images/HC/310_HC.png,HC/310_HC.png,4.768829822540283,4
HC,images/HC/682_HC.png,HC/682_HC.png,4.749159812927246,4
HC,images/HC/245_HC.png,HC/245_HC.png,4.72353458404541,4
HC,images/HC/699_HC.png,HC/699_HC.png,4.717709541320801,4
HC,images/HC/344_HC.png,HC/344_HC.png,4.658308029174805,4
HC,images/HC/396_HC.png,HC/396_HC.png,4.656820297241211,4
HC,images/HC/565_HC.png,HC/565_HC.png,4.617924690246582,4
HC,images/HC/165_HC.png,HC/165_HC.png,4.613116264343262,4
HC,images/HC/102_2HC.png,HC/102_2HC.png,4.579715728759766,4
HC,images/HC/384_HC.png,HC/384_HC.png,4.465904712677002,4
HC,images/HC/634_HC.png,HC/634_HC.png,4.374934673309326,4
HC,images/HC/400_HC.png,HC/400_HC.png,4.372937202453613,4
HC,images/HC/415_HC.png,HC/415_HC.png,4.362856864929199,4
HC,images/HC/588_2HC.png,HC/588_2HC.png,4.324977397918701,4
HC,images/HC/266_HC.png,HC/266_HC.png,4.2991509437561035,4
HC,images/HC/260_HC.png,HC/260_HC.png,4.217341423034668,4
HC,images/HC/100_HC.png,HC/100_HC.png,4.195116996765137,4
HC,images/HC/783_4HC.png,HC/783_4HC.png,4.162769317626953,4
HC,images/HC/356_HC.png,HC/356_HC.png,4.152877330780029,4
HC,images/HC/228_HC.png,HC/228_HC.png,4.098801612854004,4
HC,images/HC/684_HC.png,HC/684_HC.png,4.097964286804199,4
HC,images/HC/110_HC.png,HC/110_HC.png,4.037907600402832,4
HC,images/HC/760_HC.png,HC/760_HC.png,3.9603660106658936,4
HC,images/HC/089_HC.png,HC/089_HC.png,3.9589924812316895,4
HC,images/HC/339_HC.png,HC/339_HC.png,3.9583563804626465,4
HC,images/HC/444_HC.png,HC/444_HC.png,3.9093222618103027,4
HC,images/HC/395_HC.png,HC/395_HC.png,3.9056010246276855,4
HC,images/HC/674_HC.png,HC/674_HC.png,3.905566692352295,4
HC,images/HC/198_2HC.png,HC/198_2HC.png,3.8529536724090576,4
HC,images/HC/198_HC.png,HC/198_HC.png,3.8529536724090576,4
HC,images/HC/299_HC.png,HC/299_HC.png,3.819242238998413,4
HC,images/HC/271_HC.png,HC/271_HC.png,3.7978765964508057,4
HC,images/HC/019_2HC.png,HC/019_2HC.png,3.791816234588623,4
HC,images/HC/799_HC.png,HC/799_HC.png,3.713529109954834,4
HC,images/HC/051_HC.png,HC/051_HC.png,3.6872122287750244,4
HC,images/HC/556_2HC.png,HC/556_2HC.png,3.662428379058838,4
HC,images/HC/197_HC.png,HC/197_HC.png,3.645979881286621,4
HC,images/HC/187_HC.png,HC/187_HC.png,3.533191442489624,4
HC,images/HC/010_2HC.png,HC/010_2HC.png,3.436634063720703,4
HC,images/HC/513_HC.png,HC/513_HC.png,3.3412184715270996,4
HC,images/HC/570_2HC.png,HC/570_2HC.png,2.683278799057007,4
IVC,images/IVC/PNG_IM_0065.png,IVC/PNG_IM_0065.png,124.15930938720703,2
IVC,images/IVC/PNG_IM_0062.png,IVC/PNG_IM_0062.png,92.89881896972656,2
IVC,images/IVC/DCM_IM_0042_frame006.png,IVC/DCM_IM_0042_frame006.png,82.49394226074219,2
IVC,images/IVC/PNG_IM_0537-016.png,IVC/PNG_IM_0537-016.png,48.778804779052734,2
IVC,images/IVC/PNG_IM_0072.png,IVC/PNG_IM_0072.png,23.228208541870117,2
IVC,images/IVC/PNG_IM_0370.png,IVC/PNG_IM_0370.png,22.580799102783203,2
IVC,images/IVC/PNG_IM_0721-067.png,IVC/PNG_IM_0721-067.png,19.50509262084961,2
IVC,images/IVC/PNG_IM_0323-004.png,IVC/PNG_IM_0323-004.png,17.67806053161621,2
IVC,images/IVC/PNG_IM_0381.png,IVC/PNG_IM_0381.png,13.028594970703125,2
IVC,images/IVC/PNG_IM_0383.png,IVC/PNG_IM_0383.png,10.489208221435547,2
IVC,images/IVC/PNG_IM_0374.png,IVC/PNG_IM_0374.png,8.690946578979492,2
IVC,images/IVC/PNG_IM_0377.png,IVC/PNG_IM_0377.png,8.534717559814453,2
IVC,images/IVC/PNG_IM_0382.png,IVC/PNG_IM_0382.png,8.505989074707031,2
IVC,images/IVC/PNG_IM_0015-018.png,IVC/PNG_IM_0015-018.png,7.791624069213867,2
IVC,images/IVC/PNG_IM_0171-052.png,IVC/PNG_IM_0171-052.png,7.741082191467285,2
IVC,images/IVC/PNG_IM_0322-004.png,IVC/PNG_IM_0322-004.png,7.323189735412598,2
IVC,images/IVC/PNG_IM_0099-031.png,IVC/PNG_IM_0099-031.png,7.139673233032227,2
IVC,images/IVC/PNG_IM_0371.png,IVC/PNG_IM_0371.png,6.624441623687744,2
IVC,images/IVC/PNG_IM_0025-019.png,IVC/PNG_IM_0025-019.png,6.512613296508789,2
IVC,images/IVC/PNG_IM_0024-017.png,IVC/PNG_IM_0024-017.png,6.363027572631836,2
IVC,images/IVC/PNG_IM_0070.png,IVC/PNG_IM_0070.png,6.346149921417236,2
IVC,images/IVC/DCM_IM_0073_frame052.png,IVC/DCM_IM_0073_frame052.png,5.909675598144531,2
IVC,images/IVC/PNG_IM_0017-001.png,IVC/PNG_IM_0017-001.png,5.814749717712402,2
IVC,images/IVC/PNG_IM_0343-008.png,IVC/PNG_IM_0343-008.png,5.42466926574707,2
IVC,images/IVC/PNG_IM_0369.png,IVC/PNG_IM_0369.png,5.322100639343262,2
IVC,images/IVC/PNG_IM_0325-001.png,IVC/PNG_IM_0325-001.png,5.236903667449951,2
IVC,images/IVC/PNG_IM_0173-012.png,IVC/PNG_IM_0173-012.png,5.14384651184082,2
IVC,images/IVC/PNG_IM_0399-023.png,IVC/PNG_IM_0399-023.png,5.135632514953613,2
IVC,images/IVC/PNG_IM_0098-017.png,IVC/PNG_IM_0098-017.png,5.0821733474731445,2
IVC,images/IVC/PNG_IM_0026-011.png,IVC/PNG_IM_0026-011.png,5.068667411804199,2
IVC,images/IVC/PNG_IM_0376.png,IVC/PNG_IM_0376.png,4.935506820678711,2
IVC,images/IVC/PNG_IM_0538-012.png,IVC/PNG_IM_0538-012.png,4.875308990478516,2
IVC,images/IVC/PNG_IM_0535-028.png,IVC/PNG_IM_0535-028.png,4.399250030517578,2
IVC,images/IVC/DCM_IM_0063_frame017.png,IVC/DCM_IM_0063_frame017.png,4.3131608963012695,2
IVC,images/IVC/DCM_IM_0051_frame092.png,IVC/DCM_IM_0051_frame092.png,4.201448440551758,2
IVC,images/IVC/PNG_IM_0380.png,IVC/PNG_IM_0380.png,3.9246206283569336,2
IVC,images/IVC/PNG_IM_0341-004.png,IVC/PNG_IM_0341-004.png,3.470839738845825,2
IVC,images/IVC/PNG_IM_0373.png,IVC/PNG_IM_0373.png,2.650908946990967,2
PLAX,images/PLAX/PNG_IM_0866-006.png,PLAX/PNG_IM_0866-006.png,217.10911560058594,22
PLAX,images/PLAX/PNG_IM_0285.png,PLAX/PNG_IM_0285.png,33.84208679199219,22
PLAX,images/PLAX/DCM_IM_0112_frame072.png,PLAX/DCM_IM_0112_frame072.png,30.104719161987305,22
PLAX,images/PLAX/DCM_IM_0094_frame033.png,PLAX/DCM_IM_0094_frame033.png,24.857666015625,22
PLAX,images/PLAX/PNG_IM_0865-009.png,PLAX/PNG_IM_0865-009.png,24.16661262512207,22
PLAX,images/PLAX/PNG_IM_0700-023.png,PLAX/PNG_IM_0700-023.png,20.34981346130371,22
PLAX,images/PLAX/PNG_IM_0003-010.png,PLAX/PNG_IM_0003-010.png,20.232999801635742,22
PLAX,images/PLAX/PNG_IM_0666_s02.png,PLAX/PNG_IM_0666_s02.png,20.206871032714844,22
PLAX,images/PLAX/DCM_IM_0091_frame009.png,PLAX/DCM_IM_0091_frame009.png,18.8394775390625,22
PLAX,images/PLAX/DCM_IM_0060_s02_frame031.png,PLAX/DCM_IM_0060_s02_frame031.png,17.618288040161133,22
PLAX,images/PLAX/DCM_IM_0014_frame024.png,PLAX/DCM_IM_0014_frame024.png,16.788434982299805,22
PLAX,images/PLAX/DCM_IM_0059_s01_frame025.png,PLAX/DCM_IM_0059_s01_frame025.png,15.155038833618164,22
PLAX,images/PLAX/PNG_IM_0283.png,PLAX/PNG_IM_0283.png,13.467375755310059,22
PLAX,images/PLAX/PNG_IM_0701-008.png,PLAX/PNG_IM_0701-008.png,13.348489761352539,22
PLAX,images/PLAX/PNG_IM_0866-004_s02.png,PLAX/PNG_IM_0866-004_s02.png,11.630550384521484,22
PLAX,images/PLAX/PNG_IM_0387-006.png,PLAX/PNG_IM_0387-006.png,11.095297813415527,22
PLAX,images/PLAX/PNG_IM_0038.png,PLAX/PNG_IM_0038.png,11.081480979919434,22
PLAX,images/PLAX/PNG_IM_0284.png,PLAX/PNG_IM_0284.png,10.079689025878906,22
PLAX,images/PLAX/PNG_IM_0405.png,PLAX/PNG_IM_0405.png,9.665724754333496,22
PLAX,images/PLAX/PNG_IM_0703-012.png,PLAX/PNG_IM_0703-012.png,9.476876258850098,22
PLAX,images/PLAX/PNG_IM_0664.png,PLAX/PNG_IM_0664.png,9.319439888000488,22
PLAX,images/PLAX/PNG_IM_0355.png,PLAX/PNG_IM_0355.png,9.07075309753418,22
PLAX,images/PLAX/PNG_IM_0571.png,PLAX/PNG_IM_0571.png,9.011608123779297,22
PLAX,images/PLAX/PNG_IM_0817.png,PLAX/PNG_IM_0817.png,8.659719467163086,22
PLAX,images/PLAX/PNG_IM_0547_s02.png,PLAX/PNG_IM_0547_s02.png,8.574437141418457,22
PLAX,images/PLAX/PNG_IM_0354.png,PLAX/PNG_IM_0354.png,8.439359664916992,22
PLAX,images/PLAX/PNG_IM_0548.png,PLAX/PNG_IM_0548.png,8.396105766296387,22
PLAX,images/PLAX/PNG_IM_0496.png,PLAX/PNG_IM_0496.png,8.390846252441406,22
PLAX,images/PLAX/DCM_IM_0161_frame019.png,PLAX/DCM_IM_0161_frame019.png,8.319489479064941,22
PLAX,images/PLAX/PNG_IM_0282.png,PLAX/PNG_IM_0282.png,8.20199966430664,22
PLAX,images/PLAX/PNG_IM_0737-000.png,PLAX/PNG_IM_0737-000.png,7.985550403594971,22
PLAX,images/PLAX/DCM_IM_0037_frame001.png,PLAX/DCM_IM_0037_frame001.png,7.983922004699707,22
PLAX,images/PLAX/PNG_IM_0407.png,PLAX/PNG_IM_0407.png,7.774003982543945,22
PLAX,images/PLAX/PNG_IM_0543.png,PLAX/PNG_IM_0543.png,7.750776767730713,22
PLAX,images/PLAX/PNG_IM_0406.png,PLAX/PNG_IM_0406.png,7.693864822387695,22
PLAX,images/PLAX/PNG_IM_0041.png,PLAX/PNG_IM_0041.png,7.674542427062988,22
PLAX,images/PLAX/PNG_IM_0544.png,PLAX/PNG_IM_0544.png,7.6451568603515625,22
PLAX,images/PLAX/PNG_IM_0816_s01.png,PLAX/PNG_IM_0816_s01.png,7.599172592163086,22
PLAX,images/PLAX/PNG_IM_0017_frame000.png,PLAX/PNG_IM_0017_frame000.png,7.560206890106201,22
PLAX,images/PLAX/PNG_IM_0702-012.png,PLAX/PNG_IM_0702-012.png,7.538159370422363,22
PLAX,images/PLAX/PNG_IM_0236-006.png,PLAX/PNG_IM_0236-006.png,7.314222812652588,22
PLAX,images/PLAX/PNG_IM_0080-014.png,PLAX/PNG_IM_0080-014.png,7.30073881149292,22
PLAX,images/PLAX/PNG_IM_0207.png,PLAX/PNG_IM_0207.png,7.299795150756836,22
PLAX,images/PLAX/DCM_IM_0058_frame105.png,PLAX/DCM_IM_0058_frame105.png,7.265005588531494,22
PLAX,images/PLAX/DCM_IM_0128_frame006.png,PLAX/DCM_IM_0128_frame006.png,7.264352321624756,22
PLAX,images/PLAX/PNG_IM_0815.png,PLAX/PNG_IM_0815.png,7.263156414031982,22
PLAX,images/PLAX/PNG_IM_0820_s01.png,PLAX/PNG_IM_0820_s01.png,7.263076305389404,22
PLAX,images/PLAX/PNG_IM_0820_s02.png,PLAX/PNG_IM_0820_s02.png,7.263076305389404,22
PLAX,images/PLAX/PNG_IM_0781-000.png,PLAX/PNG_IM_0781-000.png,7.171719551086426,22
PLAX,images/PLAX/PNG_IM_0744.png,PLAX/PNG_IM_0744.png,7.099372863769531,22
PLAX,images/PLAX/DCM_IM_0093_frame029.png,PLAX/DCM_IM_0093_frame029.png,7.044800281524658,22
PLAX,images/PLAX/PNG_IM_0781-008.png,PLAX/PNG_IM_0781-008.png,7.031702041625977,22
PLAX,images/PLAX/DCM_IM_0035_frame004.png,PLAX/DCM_IM_0035_frame004.png,6.847384452819824,22
PLAX,images/PLAX/DCM_IM_0096_frame005.png,PLAX/DCM_IM_0096_frame005.png,6.794498920440674,22
PLAX,images/PLAX/PNG_IM_0812-068.png,PLAX/PNG_IM_0812-068.png,6.720704555511475,22
PLAX,images/PLAX/DCM_IM_0013_frame004.png,PLAX/DCM_IM_0013_frame004.png,6.677961349487305,22
PLAX,images/PLAX/DCM_IM_0096_frame008.png,PLAX/DCM_IM_0096_frame008.png,6.667874336242676,22
PLAX,images/PLAX/DCM_IM_0061_frame027.png,PLAX/DCM_IM_0061_frame027.png,6.634612560272217,22
PLAX,images/PLAX/DCM_IM_0127_frame107.png,PLAX/DCM_IM_0127_frame107.png,6.632009506225586,22
PLAX,images/PLAX/PNG_IM_0812-044.png,PLAX/PNG_IM_0812-044.png,6.604732036590576,22
PLAX,images/PLAX/PNG_IM_0599-009.png,PLAX/PNG_IM_0599-009.png,6.590035915374756,22
PLAX,images/PLAX/PNG_IM_0531-003.png,PLAX/PNG_IM_0531-003.png,6.574885845184326,22
PLAX,images/PLAX/DCM_IM_0037_frame006.png,PLAX/DCM_IM_0037_frame006.png,6.564918041229248,22
PLAX,images/PLAX/PNG_IM_0819_s01.png,PLAX/PNG_IM_0819_s01.png,6.549020767211914,22
PLAX,images/PLAX/PNG_IM_0863-004.png,PLAX/PNG_IM_0863-004.png,6.532927989959717,22
PLAX,images/PLAX/DCM_IM_0117_frame009.png,PLAX/DCM_IM_0117_frame009.png,6.5229997634887695,22
PLAX,images/PLAX/PNG_IM_0743.png,PLAX/PNG_IM_0743.png,6.492062568664551,22
PLAX,images/PLAX/PNG_IM_0864-005_s01.png,PLAX/PNG_IM_0864-005_s01.png,6.485766410827637,22
PLAX,images/PLAX/PNG_IM_0080-006.png,PLAX/PNG_IM_0080-006.png,6.466790676116943,22
PLAX,images/PLAX/PNG_IM_0007-017.png,PLAX/PNG_IM_0007-017.png,6.4656171798706055,22
PLAX,images/PLAX/DCM_IM_0001_frame018.png,PLAX/DCM_IM_0001_frame018.png,6.367142200469971,22
PLAX,images/PLAX/PNG_IM_0865-012.png,PLAX/PNG_IM_0865-012.png,6.329674243927002,22
PLAX,images/PLAX/PNG_IM_0737-038.png,PLAX/PNG_IM_0737-038.png,6.30656099319458,22
PLAX,images/PLAX/PNG_IM_0702-008.png,PLAX/PNG_IM_0702-008.png,6.195610046386719,22
PLAX,images/PLAX/DCM_IM_0058_frame115.png,PLAX/DCM_IM_0058_frame115.png,6.178079605102539,22
PLAX,images/PLAX/DCM_IM_0127_frame015.png,PLAX/DCM_IM_0127_frame015.png,6.165731906890869,22
PLAX,images/PLAX/PNG_IM_0599-006.png,PLAX/PNG_IM_0599-006.png,6.156545639038086,22
PLAX,images/PLAX/DCM_IM_0075_frame026.png,PLAX/DCM_IM_0075_frame026.png,5.994433879852295,22
PLAX,images/PLAX/DCM_IM_0108_frame007.png,PLAX/DCM_IM_0108_frame007.png,5.920813083648682,22
PLAX,images/PLAX/DCM_IM_0059_s01_frame004.png,PLAX/DCM_IM_0059_s01_frame004.png,5.909000873565674,22
PLAX,images/PLAX/DCM_IM_0091_frame006.png,PLAX/DCM_IM_0091_frame006.png,5.783473968505859,22
PLAX,images/PLAX/DCM_IM_0092_s02_frame013.png,PLAX/DCM_IM_0092_s02_frame013.png,5.764488220214844,22
PLAX,images/PLAX/DCM_IM_0162_frame002.png,PLAX/DCM_IM_0162_frame002.png,5.555027484893799,22
PLAX,images/PLAX/PNG_IM_0007-007.png,PLAX/PNG_IM_0007-007.png,5.5487165451049805,22
PLAX,images/PLAX/DCM_IM_0013_frame018.png,PLAX/DCM_IM_0013_frame018.png,5.303301811218262,22
PLAX,images/PLAX/PNG_IM_0701-013.png,PLAX/PNG_IM_0701-013.png,5.091935634613037,22
PLAX,images/PLAX/PNG_IM_0003-007.png,PLAX/PNG_IM_0003-007.png,4.975953102111816,22
PSAX,images/PSAX/PNG_IM_0295.png,PSAX/PNG_IM_0295.png,65.46512603759766,4
PSAX,images/PSAX/PNG_IM_0412.png,PSAX/PNG_IM_0412.png,58.803428649902344,4
PSAX,images/PSAX/PNG_IM_0275.png,PSAX/PNG_IM_0275.png,57.753849029541016,4
PSAX,images/PSAX/DCM_IM_0070_frame020.png,PSAX/DCM_IM_0070_frame020.png,42.00872039794922,4
PSAX,images/PSAX/PNG_IM_0239-006.png,PSAX/PNG_IM_0239-006.png,35.89886474609375,4
PSAX,images/PSAX/DCM_IM_0050_frame005.png,PSAX/DCM_IM_0050_frame005.png,33.84492492675781,4
PSAX,images/PSAX/DCM_IM_0163_frame004.png,PSAX/DCM_IM_0163_frame004.png,27.965557098388672,4
PSAX,images/PSAX/PNG_IM_0783-002.png,PSAX/PNG_IM_0783-002.png,24.5369873046875,4
PSAX,images/PSAX/PNG_IM_0821.png,PSAX/PNG_IM_0821.png,24.308704376220703,4
PSAX,images/PSAX/DCM_IM_0130_frame016.png,PSAX/DCM_IM_0130_frame016.png,21.00152015686035,4
PSAX,images/PSAX/PNG_IM_0749.png,PSAX/PNG_IM_0749.png,10.210986137390137,4
PSAX,images/PSAX/PNG_IM_0081-027.png,PSAX/PNG_IM_0081-027.png,8.53315544128418,4
PSAX,images/PSAX/PNG_IM_0500.png,PSAX/PNG_IM_0500.png,7.853141784667969,4
PSAX,images/PSAX/PNG_IM_0529.png,PSAX/PNG_IM_0529.png,7.5685648918151855,4
PSAX,images/PSAX/PNG_IM_0296.png,PSAX/PNG_IM_0296.png,7.535836219787598,4
PSAX,images/PSAX/PNG_IM_0352-002.png,PSAX/PNG_IM_0352-002.png,7.504961013793945,4
PSAX,images/PSAX/PNG_IM_0015_frame000.png,PSAX/PNG_IM_0015_frame000.png,7.141599655151367,4
PSAX,images/PSAX/PNG_IM_0552.png,PSAX/PNG_IM_0552.png,7.096390724182129,4
PSAX,images/PSAX/PNG_IM_0274.png,PSAX/PNG_IM_0274.png,6.597639560699463,4
PSAX,images/PSAX/DCM_IM_0077_frame055.png,PSAX/DCM_IM_0077_frame055.png,6.40745735168457,4
PSAX,images/PSAX/PNG_IM_0280.png,PSAX/PNG_IM_0280.png,6.345911026000977,4
PSAX,images/PSAX/PNG_IM_0082-015.png,PSAX/PNG_IM_0082-015.png,6.0712690353393555,4
PSAX,images/PSAX/PNG_IM_0848.png,PSAX/PNG_IM_0848.png,6.069399356842041,4
PSAX,images/PSAX/DCM_IM_0052_frame003.png,PSAX/DCM_IM_0052_frame003.png,6.003820896148682,4
PSAX,images/PSAX/PNG_IM_0286.png,PSAX/PNG_IM_0286.png,5.966948986053467,4
PSAX,images/PSAX/DCM_IM_0043_frame000.png,PSAX/DCM_IM_0043_frame000.png,5.905900001525879,4
PSAX,images/PSAX/PNG_IM_0838.png,PSAX/PNG_IM_0838.png,5.8248982429504395,4
PSAX,images/PSAX/PNG_IM_0056.png,PSAX/PNG_IM_0056.png,5.812839508056641,4
PSAX,images/PSAX/PNG_IM_0790-047.png,PSAX/PNG_IM_0790-047.png,5.785866737365723,4
PSAX,images/PSAX/PNG_IM_0242-034.png,PSAX/PNG_IM_0242-034.png,5.776864528656006,4
PSAX,images/PSAX/DCM_IM_0148_frame011.png,PSAX/DCM_IM_0148_frame011.png,5.752136707305908,4
PSAX,images/PSAX/PNG_IM_0794-064.png,PSAX/PNG_IM_0794-064.png,5.5613884925842285,4
PSAX,images/PSAX/PNG_IM_0212.png,PSAX/PNG_IM_0212.png,5.517475128173828,4
PSAX,images/PSAX/DCM_IM_0103_frame003.png,PSAX/DCM_IM_0103_frame003.png,5.415190696716309,4
PSAX,images/PSAX/DCM_IM_0061_frame054.png,PSAX/DCM_IM_0061_frame054.png,5.391171455383301,4
PSAX,images/PSAX/PNG_IM_0004-019.png,PSAX/PNG_IM_0004-019.png,5.3692097663879395,4
PSAX,images/PSAX/PNG_IM_0008-007.png,PSAX/PNG_IM_0008-007.png,5.336990833282471,4
PSAX,images/PSAX/DCM_IM_0096_frame023.png,PSAX/DCM_IM_0096_frame023.png,5.130343914031982,4
PSAX,images/PSAX/PNG_IM_0338-012.png,PSAX/PNG_IM_0338-012.png,4.897977828979492,4
PSAX,images/PSAX/PNG_IM_0706-038.png,PSAX/PNG_IM_0706-038.png,4.794858932495117,4
PSAX,images/PSAX/PNG_IM_0707-015.png,PSAX/PNG_IM_0707-015.png,4.527565002441406,4
PSAX,images/PSAX/DCM_IM_0114_frame018.png,PSAX/DCM_IM_0114_frame018.png,4.460691928863525,4
PSAX,images/PSAX/PNG_IM_0044.png,PSAX/PNG_IM_0044.png,3.8620049953460693,4
PSAX,images/PSAX/PNG_IM_0394-027.png,PSAX/PNG_IM_0394-027.png,3.7888150215148926,4
PSAX,images/PSAX/PNG_IM_0238-018.png,PSAX/PNG_IM_0238-018.png,3.66916823387146,4
PSAX,images/PSAX/DCM_IM_0051_frame029.png,PSAX/DCM_IM_0051_frame029.png,3.5262017250061035,4
PSAX,images/PSAX/PNG_IM_0243-094.png,PSAX/PNG_IM_0243-094.png,3.489833354949951,4
PSAX,images/PSAX/DCM_IM_0015_frame050.png,PSAX/DCM_IM_0015_frame050.png,2.771669864654541,4
PSAX,images/PSAX/PNG_IM_0042.png,PSAX/PNG_IM_0042.png,2.687626361846924,4
fetal_femur,images/fetal_femur/Patient01477_Plane5_1_of_2.png,fetal_femur/Patient01477_Plane5_1_of_2.png,503.03448486328125,2
fetal_femur,images/fetal_femur/Patient01130_Plane5_2_of_4.png,fetal_femur/Patient01130_Plane5_2_of_4.png,442.27557373046875,2
fetal_femur,images/fetal_femur/Patient01774_Plane5_2_of_2.png,fetal_femur/Patient01774_Plane5_2_of_2.png,393.57135009765625,2
fetal_femur,images/fetal_femur/Patient01181_Plane5_3_of_3.png,fetal_femur/Patient01181_Plane5_3_of_3.png,376.4697570800781,2
fetal_femur,images/fetal_femur/Patient00757_Plane5_1_of_1.png,fetal_femur/Patient00757_Plane5_1_of_1.png,357.02783203125,2
fetal_femur,images/fetal_femur/Patient01754_Plane5_1_of_2.png,fetal_femur/Patient01754_Plane5_1_of_2.png,332.1869812011719,2
fetal_femur,images/fetal_femur/Patient00823_Plane5_1_of_1.png,fetal_femur/Patient00823_Plane5_1_of_1.png,324.6631774902344,2
fetal_femur,images/fetal_femur/Patient01209_Plane5_3_of_3.png,fetal_femur/Patient01209_Plane5_3_of_3.png,319.56781005859375,2
fetal_femur,images/fetal_femur/Patient01605_Plane5_2_of_2.png,fetal_femur/Patient01605_Plane5_2_of_2.png,308.5118713378906,2
fetal_femur,images/fetal_femur/Patient01476_Plane5_1_of_1.png,fetal_femur/Patient01476_Plane5_1_of_1.png,307.64825439453125,2
fetal_femur,images/fetal_femur/Patient01301_Plane5_1_of_2.png,fetal_femur/Patient01301_Plane5_1_of_2.png,288.4144287109375,2
fetal_femur,images/fetal_femur/Patient00716_Plane5_1_of_1.png,fetal_femur/Patient00716_Plane5_1_of_1.png,273.93505859375,2
fetal_femur,images/fetal_femur/Patient01107_Plane5_1_of_1.png,fetal_femur/Patient01107_Plane5_1_of_1.png,208.22341918945312,2
fetal_femur,images/fetal_femur/Patient01481_Plane5_1_of_1.png,fetal_femur/Patient01481_Plane5_1_of_1.png,200.95687866210938,2
fetal_femur,images/fetal_femur/Patient01318_Plane5_1_of_1.png,fetal_femur/Patient01318_Plane5_1_of_1.png,191.3430938720703,2
fetal_femur,images/fetal_femur/Patient01609_Plane5_1_of_1.png,fetal_femur/Patient01609_Plane5_1_of_1.png,185.408447265625,2
fetal_femur,images/fetal_femur/Patient01248_Plane5_1_of_1.png,fetal_femur/Patient01248_Plane5_1_of_1.png,182.91180419921875,2
fetal_femur,images/fetal_femur/Patient01249_Plane5_1_of_1.png,fetal_femur/Patient01249_Plane5_1_of_1.png,178.0416259765625,2
fetal_femur,images/fetal_femur/Patient01221_Plane5_2_of_2.png,fetal_femur/Patient01221_Plane5_2_of_2.png,163.5530548095703,2
fetal_femur,images/fetal_femur/Patient01301_Plane5_2_of_2.png,fetal_femur/Patient01301_Plane5_2_of_2.png,149.81430053710938,2
fetal_femur,images/fetal_femur/Patient01094_Plane5_3_of_4.png,fetal_femur/Patient01094_Plane5_3_of_4.png,146.78517150878906,2
fetal_femur,images/fetal_femur/Patient01304_Plane5_2_of_2.png,fetal_femur/Patient01304_Plane5_2_of_2.png,135.5603485107422,2
fetal_femur,images/fetal_femur/Patient00726_Plane5_1_of_1.png,fetal_femur/Patient00726_Plane5_1_of_1.png,134.8072052001953,2
fetal_femur,images/fetal_femur/Patient00863_Plane5_2_of_2.png,fetal_femur/Patient00863_Plane5_2_of_2.png,111.00666046142578,2
fetal_femur,images/fetal_femur/Patient00863_Plane5_1_of_2.png,fetal_femur/Patient00863_Plane5_1_of_2.png,98.0048599243164,2
fetal_femur,images/fetal_femur/Patient01035_Plane5_2_of_4.png,fetal_femur/Patient01035_Plane5_2_of_4.png,95.52290344238281,2
fetal_femur,images/fetal_femur/Patient01408_Plane5_2_of_2.png,fetal_femur/Patient01408_Plane5_2_of_2.png,87.79120635986328,2
fetal_femur,images/fetal_femur/Patient01035_Plane5_4_of_4.png,fetal_femur/Patient01035_Plane5_4_of_4.png,77.62525177001953,2
fetal_femur,images/fetal_femur/Patient00777_Plane5_1_of_1.png,fetal_femur/Patient00777_Plane5_1_of_1.png,35.052528381347656,2
fetal_femur,images/fetal_femur/Patient01025_Plane5_1_of_1.png,fetal_femur/Patient01025_Plane5_1_of_1.png,34.09608459472656,2
fetal_femur,images/fetal_femur/Patient01018_Plane5_1_of_1.png,fetal_femur/Patient01018_Plane5_1_of_1.png,29.988494873046875,2
fetal_femur,images/fetal_femur/Patient01607_Plane5_1_of_2.png,fetal_femur/Patient01607_Plane5_1_of_2.png,24.590065002441406,2
fetal_femur,images/fetal_femur/Patient01763_Plane5_1_of_2.png,fetal_femur/Patient01763_Plane5_1_of_2.png,24.295166015625,2
fetal_femur,images/fetal_femur/Patient01681_Plane5_1_of_2.png,fetal_femur/Patient01681_Plane5_1_of_2.png,23.238096237182617,2
fetal_femur,images/fetal_femur/Patient00911_Plane5_1_of_1.png,fetal_femur/Patient00911_Plane5_1_of_1.png,22.378658294677734,2
fetal_femur,images/fetal_femur/Patient01433_Plane5_1_of_3.png,fetal_femur/Patient01433_Plane5_1_of_3.png,22.003631591796875,2
fetal_femur,images/fetal_femur/Patient00794_Plane5_1_of_1.png,fetal_femur/Patient00794_Plane5_1_of_1.png,21.483238220214844,2
fetal_femur,images/fetal_femur/Patient00970_Plane5_1_of_2.png,fetal_femur/Patient00970_Plane5_1_of_2.png,20.647380828857422,2
fetal_femur,images/fetal_femur/Patient01189_Plane5_1_of_2.png,fetal_femur/Patient01189_Plane5_1_of_2.png,20.09587860107422,2
fetal_femur,images/fetal_femur/Patient01608_Plane5_1_of_1.png,fetal_femur/Patient01608_Plane5_1_of_1.png,19.904640197753906,2
fetal_femur,images/fetal_femur/Patient00697_Plane5_1_of_1.png,fetal_femur/Patient00697_Plane5_1_of_1.png,19.156396865844727,2
fetal_femur,images/fetal_femur/Patient00679_Plane5_1_of_1.png,fetal_femur/Patient00679_Plane5_1_of_1.png,19.05495834350586,2
fetal_femur,images/fetal_femur/Patient01447_Plane5_1_of_1.png,fetal_femur/Patient01447_Plane5_1_of_1.png,19.035043716430664,2
fetal_femur,images/fetal_femur/Patient01567_Plane5_1_of_1.png,fetal_femur/Patient01567_Plane5_1_of_1.png,18.607505798339844,2
fetal_femur,images/fetal_femur/Patient01590_Plane5_1_of_2.png,fetal_femur/Patient01590_Plane5_1_of_2.png,18.52839469909668,2
fetal_femur,images/fetal_femur/Patient01516_Plane5_1_of_3.png,fetal_femur/Patient01516_Plane5_1_of_3.png,18.44549560546875,2
fetal_femur,images/fetal_femur/Patient01075_Plane5_1_of_1.png,fetal_femur/Patient01075_Plane5_1_of_1.png,18.329456329345703,2
fetal_femur,images/fetal_femur/Patient01488_Plane5_2_of_2.png,fetal_femur/Patient01488_Plane5_2_of_2.png,18.258102416992188,2
fetal_femur,images/fetal_femur/Patient01162_Plane5_3_of_3.png,fetal_femur/Patient01162_Plane5_3_of_3.png,17.639265060424805,2
fetal_femur,images/fetal_femur/Patient00935_Plane5_3_of_3.png,fetal_femur/Patient00935_Plane5_3_of_3.png,17.59166717529297,2
fetal_femur,images/fetal_femur/Patient01063_Plane5_2_of_2.png,fetal_femur/Patient01063_Plane5_2_of_2.png,17.574626922607422,2
fetal_femur,images/fetal_femur/Patient01113_Plane5_2_of_2.png,fetal_femur/Patient01113_Plane5_2_of_2.png,17.36648178100586,2
fetal_femur,images/fetal_femur/Patient00775_Plane5_1_of_1.png,fetal_femur/Patient00775_Plane5_1_of_1.png,17.3262939453125,2
fetal_femur,images/fetal_femur/Patient00771_Plane5_1_of_1.png,fetal_femur/Patient00771_Plane5_1_of_1.png,17.163930892944336,2
fetal_femur,images/fetal_femur/Patient01707_Plane5_1_of_3.png,fetal_femur/Patient01707_Plane5_1_of_3.png,16.6633243560791,2
fetal_femur,images/fetal_femur/Patient01229_Plane5_2_of_2.png,fetal_femur/Patient01229_Plane5_2_of_2.png,16.538053512573242,2
fetal_femur,images/fetal_femur/Patient01604_Plane5_1_of_1.png,fetal_femur/Patient01604_Plane5_1_of_1.png,16.518171310424805,2
fetal_femur,images/fetal_femur/Patient01721_Plane5_1_of_2.png,fetal_femur/Patient01721_Plane5_1_of_2.png,16.36623764038086,2
fetal_femur,images/fetal_femur/Patient01606_Plane5_2_of_2.png,fetal_femur/Patient01606_Plane5_2_of_2.png,16.31416893005371,2
fetal_femur,images/fetal_femur/Patient01678_Plane5_1_of_2.png,fetal_femur/Patient01678_Plane5_1_of_2.png,16.141437530517578,2
fetal_femur,images/fetal_femur/Patient01572_Plane5_1_of_1.png,fetal_femur/Patient01572_Plane5_1_of_1.png,16.081758499145508,2
fetal_femur,images/fetal_femur/Patient01564_Plane5_2_of_2.png,fetal_femur/Patient01564_Plane5_2_of_2.png,16.059444427490234,2
fetal_femur,images/fetal_femur/Patient00627_Plane5_1_of_1.png,fetal_femur/Patient00627_Plane5_1_of_1.png,15.877452850341797,2
fetal_femur,images/fetal_femur/Patient00779_Plane5_2_of_2.png,fetal_femur/Patient00779_Plane5_2_of_2.png,15.682814598083496,2
fetal_femur,images/fetal_femur/Patient01216_Plane5_1_of_1.png,fetal_femur/Patient01216_Plane5_1_of_1.png,15.460945129394531,2
fetal_femur,images/fetal_femur/Patient01227_Plane5_3_of_3.png,fetal_femur/Patient01227_Plane5_3_of_3.png,15.29815673828125,2
fetal_femur,images/fetal_femur/Patient01063_Plane5_1_of_2.png,fetal_femur/Patient01063_Plane5_1_of_2.png,15.241510391235352,2
fetal_femur,images/fetal_femur/Patient01478_Plane5_1_of_1.png,fetal_femur/Patient01478_Plane5_1_of_1.png,15.200676918029785,2
fetal_femur,images/fetal_femur/Patient01116_Plane5_1_of_1.png,fetal_femur/Patient01116_Plane5_1_of_1.png,15.166818618774414,2
fetal_femur,images/fetal_femur/Patient01582_Plane5_1_of_3.png,fetal_femur/Patient01582_Plane5_1_of_3.png,15.144840240478516,2
fetal_femur,images/fetal_femur/Patient00671_Plane5_1_of_1.png,fetal_femur/Patient00671_Plane5_1_of_1.png,14.995437622070312,2
fetal_femur,images/fetal_femur/Patient01178_Plane5_1_of_2.png,fetal_femur/Patient01178_Plane5_1_of_2.png,14.743644714355469,2
fetal_femur,images/fetal_femur/Patient01286_Plane5_2_of_2.png,fetal_femur/Patient01286_Plane5_2_of_2.png,14.685188293457031,2
fetal_femur,images/fetal_femur/Patient01516_Plane5_2_of_3.png,fetal_femur/Patient01516_Plane5_2_of_3.png,14.626836776733398,2
fetal_femur,images/fetal_femur/Patient00930_Plane5_1_of_1.png,fetal_femur/Patient00930_Plane5_1_of_1.png,14.576541900634766,2
fetal_femur,images/fetal_femur/Patient01000_Plane5_1_of_3.png,fetal_femur/Patient01000_Plane5_1_of_3.png,14.50088119506836,2
fetal_femur,images/fetal_femur/Patient01140_Plane5_1_of_1.png,fetal_femur/Patient01140_Plane5_1_of_1.png,14.3683500289917,2
fetal_femur,images/fetal_femur/Patient00850_Plane5_1_of_1.png,fetal_femur/Patient00850_Plane5_1_of_1.png,14.280169486999512,2
fetal_femur,images/fetal_femur/Patient00973_Plane5_1_of_1.png,fetal_femur/Patient00973_Plane5_1_of_1.png,14.261913299560547,2
fetal_femur,images/fetal_femur/Patient01129_Plane5_4_of_4.png,fetal_femur/Patient01129_Plane5_4_of_4.png,14.038710594177246,2
fetal_femur,images/fetal_femur/Patient01619_Plane5_2_of_2.png,fetal_femur/Patient01619_Plane5_2_of_2.png,14.03689193725586,2
fetal_femur,images/fetal_femur/Patient01768_Plane5_1_of_1.png,fetal_femur/Patient01768_Plane5_1_of_1.png,13.91476821899414,2
fetal_femur,images/fetal_femur/Patient01677_Plane5_1_of_1.png,fetal_femur/Patient01677_Plane5_1_of_1.png,13.737626075744629,2
fetal_femur,images/fetal_femur/Patient01502_Plane5_1_of_1.png,fetal_femur/Patient01502_Plane5_1_of_1.png,13.729207038879395,2
fetal_femur,images/fetal_femur/Patient01261_Plane5_1_of_1.png,fetal_femur/Patient01261_Plane5_1_of_1.png,13.657001495361328,2
fetal_femur,images/fetal_femur/Patient00709_Plane5_1_of_1.png,fetal_femur/Patient00709_Plane5_1_of_1.png,13.64403247833252,2
fetal_femur,images/fetal_femur/Patient01610_Plane5_1_of_2.png,fetal_femur/Patient01610_Plane5_1_of_2.png,13.59886360168457,2
fetal_femur,images/fetal_femur/Patient01086_Plane5_1_of_1.png,fetal_femur/Patient01086_Plane5_1_of_1.png,13.436049461364746,2
fetal_femur,images/fetal_femur/Patient01271_Plane5_5_of_7.png,fetal_femur/Patient01271_Plane5_5_of_7.png,13.39290714263916,2
fetal_femur,images/fetal_femur/Patient00802_Plane5_1_of_1.png,fetal_femur/Patient00802_Plane5_1_of_1.png,13.320959091186523,2
fetal_femur,images/fetal_femur/Patient01367_Plane5_1_of_1.png,fetal_femur/Patient01367_Plane5_1_of_1.png,13.304925918579102,2
fetal_femur,images/fetal_femur/Patient00909_Plane5_2_of_2.png,fetal_femur/Patient00909_Plane5_2_of_2.png,13.227910995483398,2
fetal_femur,images/fetal_femur/Patient00665_Plane5_1_of_1.png,fetal_femur/Patient00665_Plane5_1_of_1.png,13.17554759979248,2
fetal_femur,images/fetal_femur/Patient01702_Plane5_1_of_1.png,fetal_femur/Patient01702_Plane5_1_of_1.png,13.164321899414062,2
fetal_femur,images/fetal_femur/Patient01398_Plane5_1_of_2.png,fetal_femur/Patient01398_Plane5_1_of_2.png,13.114089965820312,2
fetal_femur,images/fetal_femur/Patient01495_Plane5_2_of_2.png,fetal_femur/Patient01495_Plane5_2_of_2.png,13.061171531677246,2
fetal_femur,images/fetal_femur/Patient00667_Plane5_2_of_2.png,fetal_femur/Patient00667_Plane5_2_of_2.png,13.045687675476074,2
fetal_femur,images/fetal_femur/Patient00837_Plane5_1_of_2.png,fetal_femur/Patient00837_Plane5_1_of_2.png,12.945977210998535,2
fetal_femur,images/fetal_femur/Patient01708_Plane5_1_of_1.png,fetal_femur/Patient01708_Plane5_1_of_1.png,12.812231063842773,2
fetal_femur,images/fetal_femur/Patient01601_Plane5_4_of_4.png,fetal_femur/Patient01601_Plane5_4_of_4.png,12.764602661132812,2
fetal_femur,images/fetal_femur/Patient01169_Plane5_1_of_2.png,fetal_femur/Patient01169_Plane5_1_of_2.png,12.717424392700195,2
fetal_femur,images/fetal_femur/Patient00666_Plane5_1_of_1.png,fetal_femur/Patient00666_Plane5_1_of_1.png,12.651405334472656,2
fetal_femur,images/fetal_femur/Patient01306_Plane5_1_of_1.png,fetal_femur/Patient01306_Plane5_1_of_1.png,12.53471851348877,2
fetal_femur,images/fetal_femur/Patient01133_Plane5_1_of_1.png,fetal_femur/Patient01133_Plane5_1_of_1.png,12.411016464233398,2
fetal_femur,images/fetal_femur/Patient01582_Plane5_3_of_3.png,fetal_femur/Patient01582_Plane5_3_of_3.png,12.368349075317383,2
fetal_femur,images/fetal_femur/Patient01192_Plane5_1_of_1.png,fetal_femur/Patient01192_Plane5_1_of_1.png,12.27218246459961,2
fetal_femur,images/fetal_femur/Patient00678_Plane5_1_of_1.png,fetal_femur/Patient00678_Plane5_1_of_1.png,12.145905494689941,2
fetal_femur,images/fetal_femur/Patient00803_Plane5_1_of_5.png,fetal_femur/Patient00803_Plane5_1_of_5.png,12.144657135009766,2
fetal_femur,images/fetal_femur/Patient01177_Plane5_1_of_2.png,fetal_femur/Patient01177_Plane5_1_of_2.png,12.125761032104492,2
fetal_femur,images/fetal_femur/Patient00667_Plane5_1_of_2.png,fetal_femur/Patient00667_Plane5_1_of_2.png,12.114482879638672,2
fetal_femur,images/fetal_femur/Patient01004_Plane5_1_of_2.png,fetal_femur/Patient01004_Plane5_1_of_2.png,12.078659057617188,2
fetal_femur,images/fetal_femur/Patient01225_Plane5_1_of_2.png,fetal_femur/Patient01225_Plane5_1_of_2.png,12.027067184448242,2
fetal_femur,images/fetal_femur/Patient01219_Plane5_1_of_1.png,fetal_femur/Patient01219_Plane5_1_of_1.png,12.025527954101562,2
fetal_femur,images/fetal_femur/Patient01324_Plane5_3_of_3.png,fetal_femur/Patient01324_Plane5_3_of_3.png,11.88504409790039,2
fetal_femur,images/fetal_femur/Patient01130_Plane5_3_of_4.png,fetal_femur/Patient01130_Plane5_3_of_4.png,11.843588829040527,2
fetal_femur,images/fetal_femur/Patient00947_Plane5_1_of_1.png,fetal_femur/Patient00947_Plane5_1_of_1.png,11.611799240112305,2
fetal_femur,images/fetal_femur/Patient01732_Plane5_1_of_1.png,fetal_femur/Patient01732_Plane5_1_of_1.png,11.575923919677734,2
fetal_femur,images/fetal_femur/Patient01147_Plane5_1_of_1.png,fetal_femur/Patient01147_Plane5_1_of_1.png,11.459131240844727,2
fetal_femur,images/fetal_femur/Patient01710_Plane5_1_of_1.png,fetal_femur/Patient01710_Plane5_1_of_1.png,11.441482543945312,2
fetal_femur,images/fetal_femur/Patient01052_Plane5_2_of_2.png,fetal_femur/Patient01052_Plane5_2_of_2.png,11.390851974487305,2
fetal_femur,images/fetal_femur/Patient01085_Plane5_1_of_1.png,fetal_femur/Patient01085_Plane5_1_of_1.png,11.386041641235352,2
fetal_femur,images/fetal_femur/Patient01433_Plane5_2_of_3.png,fetal_femur/Patient01433_Plane5_2_of_3.png,11.362319946289062,2
fetal_femur,images/fetal_femur/Patient01539_Plane5_2_of_2.png,fetal_femur/Patient01539_Plane5_2_of_2.png,11.331808090209961,2
fetal_femur,images/fetal_femur/Patient01212_Plane5_2_of_4.png,fetal_femur/Patient01212_Plane5_2_of_4.png,11.31339168548584,2
fetal_femur,images/fetal_femur/Patient00950_Plane5_2_of_2.png,fetal_femur/Patient00950_Plane5_2_of_2.png,11.291279792785645,2
fetal_femur,images/fetal_femur/Patient01000_Plane5_3_of_3.png,fetal_femur/Patient01000_Plane5_3_of_3.png,11.238998413085938,2
fetal_femur,images/fetal_femur/Patient01337_Plane5_1_of_1.png,fetal_femur/Patient01337_Plane5_1_of_1.png,11.151457786560059,2
fetal_femur,images/fetal_femur/Patient00958_Plane5_1_of_1.png,fetal_femur/Patient00958_Plane5_1_of_1.png,11.150622367858887,2
fetal_femur,images/fetal_femur/Patient00855_Plane5_3_of_3.png,fetal_femur/Patient00855_Plane5_3_of_3.png,11.0684175491333,2
fetal_femur,images/fetal_femur/Patient00664_Plane5_1_of_1.png,fetal_femur/Patient00664_Plane5_1_of_1.png,11.064291000366211,2
fetal_femur,images/fetal_femur/Patient00982_Plane5_2_of_3.png,fetal_femur/Patient00982_Plane5_2_of_3.png,11.062846183776855,2
fetal_femur,images/fetal_femur/Patient00804_Plane5_1_of_1.png,fetal_femur/Patient00804_Plane5_1_of_1.png,10.980452537536621,2
fetal_femur,images/fetal_femur/Patient00830_Plane5_1_of_1.png,fetal_femur/Patient00830_Plane5_1_of_1.png,10.974836349487305,2
fetal_femur,images/fetal_femur/Patient00731_Plane5_1_of_2.png,fetal_femur/Patient00731_Plane5_1_of_2.png,10.966742515563965,2
fetal_femur,images/fetal_femur/Patient01175_Plane5_1_of_1.png,fetal_femur/Patient01175_Plane5_1_of_1.png,10.961932182312012,2
fetal_femur,images/fetal_femur/Patient01013_Plane5_1_of_1.png,fetal_femur/Patient01013_Plane5_1_of_1.png,10.947665214538574,2
fetal_femur,images/fetal_femur/Patient01345_Plane5_1_of_1.png,fetal_femur/Patient01345_Plane5_1_of_1.png,10.905637741088867,2
fetal_femur,images/fetal_femur/Patient01754_Plane5_2_of_2.png,fetal_femur/Patient01754_Plane5_2_of_2.png,10.878961563110352,2
fetal_femur,images/fetal_femur/Patient00948_Plane5_1_of_2.png,fetal_femur/Patient00948_Plane5_1_of_2.png,10.873451232910156,2
fetal_femur,images/fetal_femur/Patient01758_Plane5_1_of_1.png,fetal_femur/Patient01758_Plane5_1_of_1.png,10.854049682617188,2
fetal_femur,images/fetal_femur/Patient01600_Plane5_1_of_2.png,fetal_femur/Patient01600_Plane5_1_of_2.png,10.842977523803711,2
fetal_femur,images/fetal_femur/Patient00779_Plane5_1_of_2.png,fetal_femur/Patient00779_Plane5_1_of_2.png,10.835103988647461,2
fetal_femur,images/fetal_femur/Patient01196_Plane5_1_of_1.png,fetal_femur/Patient01196_Plane5_1_of_1.png,10.815220832824707,2
fetal_femur,images/fetal_femur/Patient01406_Plane5_1_of_1.png,fetal_femur/Patient01406_Plane5_1_of_1.png,10.802711486816406,2
fetal_femur,images/fetal_femur/Patient01275_Plane5_2_of_3.png,fetal_femur/Patient01275_Plane5_2_of_3.png,10.787734985351562,2
fetal_femur,images/fetal_femur/Patient00656_Plane5_1_of_1.png,fetal_femur/Patient00656_Plane5_1_of_1.png,10.751477241516113,2
fetal_femur,images/fetal_femur/Patient01774_Plane5_1_of_2.png,fetal_femur/Patient01774_Plane5_1_of_2.png,10.741645812988281,2
fetal_femur,images/fetal_femur/Patient01065_Plane5_2_of_4.png,fetal_femur/Patient01065_Plane5_2_of_4.png,10.718926429748535,2
fetal_femur,images/fetal_femur/Patient00866_Plane5_2_of_2.png,fetal_femur/Patient00866_Plane5_2_of_2.png,10.696660995483398,2
fetal_femur,images/fetal_femur/Patient01585_Plane5_2_of_2.png,fetal_femur/Patient01585_Plane5_2_of_2.png,10.69320297241211,2
fetal_femur,images/fetal_femur/Patient00847_Plane5_2_of_2.png,fetal_femur/Patient00847_Plane5_2_of_2.png,10.640884399414062,2
fetal_femur,images/fetal_femur/Patient00927_Plane5_1_of_1.png,fetal_femur/Patient00927_Plane5_1_of_1.png,10.553770065307617,2
fetal_femur,images/fetal_femur/Patient01271_Plane5_4_of_7.png,fetal_femur/Patient01271_Plane5_4_of_7.png,10.552230834960938,2
fetal_femur,images/fetal_femur/Patient00801_Plane5_1_of_1.png,fetal_femur/Patient00801_Plane5_1_of_1.png,10.526472091674805,2
fetal_femur,images/fetal_femur/Patient00906_Plane5_2_of_2.png,fetal_femur/Patient00906_Plane5_2_of_2.png,10.522821426391602,2
fetal_femur,images/fetal_femur/Patient00764_Plane5_1_of_1.png,fetal_femur/Patient00764_Plane5_1_of_1.png,10.503026008605957,2
fetal_femur,images/fetal_femur/Patient01679_Plane5_1_of_6.png,fetal_femur/Patient01679_Plane5_1_of_6.png,10.483365058898926,2
fetal_femur,images/fetal_femur/Patient00680_Plane5_1_of_1.png,fetal_femur/Patient00680_Plane5_1_of_1.png,10.376965522766113,2
fetal_femur,images/fetal_femur/Patient01372_Plane5_4_of_4.png,fetal_femur/Patient01372_Plane5_4_of_4.png,10.306920051574707,2
fetal_femur,images/fetal_femur/Patient00763_Plane5_1_of_1.png,fetal_femur/Patient00763_Plane5_1_of_1.png,10.28988265991211,2
fetal_femur,images/fetal_femur/Patient00840_Plane5_1_of_1.png,fetal_femur/Patient00840_Plane5_1_of_1.png,10.277990341186523,2
fetal_femur,images/fetal_femur/Patient01550_Plane5_1_of_1.png,fetal_femur/Patient01550_Plane5_1_of_1.png,10.27364444732666,2
fetal_femur,images/fetal_femur/Patient00896_Plane5_1_of_3.png,fetal_femur/Patient00896_Plane5_1_of_3.png,10.265717506408691,2
fetal_femur,images/fetal_femur/Patient01352_Plane5_1_of_2.png,fetal_femur/Patient01352_Plane5_1_of_2.png,10.211004257202148,2
fetal_femur,images/fetal_femur/Patient01680_Plane5_1_of_1.png,fetal_femur/Patient01680_Plane5_1_of_1.png,10.193697929382324,2
fetal_femur,images/fetal_femur/Patient01431_Plane5_1_of_1.png,fetal_femur/Patient01431_Plane5_1_of_1.png,10.190332412719727,2
fetal_femur,images/fetal_femur/Patient01262_Plane5_4_of_5.png,fetal_femur/Patient01262_Plane5_4_of_5.png,10.169986724853516,2
fetal_femur,images/fetal_femur/Patient01653_Plane5_3_of_3.png,fetal_femur/Patient01653_Plane5_3_of_3.png,10.143495559692383,2
fetal_femur,images/fetal_femur/Patient00736_Plane5_1_of_1.png,fetal_femur/Patient00736_Plane5_1_of_1.png,10.112543106079102,2
fetal_femur,images/fetal_femur/Patient01324_Plane5_2_of_3.png,fetal_femur/Patient01324_Plane5_2_of_3.png,10.111883163452148,2
fetal_femur,images/fetal_femur/Patient01164_Plane5_1_of_1.png,fetal_femur/Patient01164_Plane5_1_of_1.png,10.107169151306152,2
fetal_femur,images/fetal_femur/Patient00847_Plane5_1_of_2.png,fetal_femur/Patient00847_Plane5_1_of_2.png,10.106568336486816,2
fetal_femur,images/fetal_femur/Patient01319_Plane5_1_of_1.png,fetal_femur/Patient01319_Plane5_1_of_1.png,10.105173110961914,2
fetal_femur,images/fetal_femur/Patient01707_Plane5_3_of_3.png,fetal_femur/Patient01707_Plane5_3_of_3.png,10.062484741210938,2
fetal_femur,images/fetal_femur/Patient00649_Plane5_1_of_1.png,fetal_femur/Patient00649_Plane5_1_of_1.png,10.052838325500488,2
fetal_femur,images/fetal_femur/Patient00832_Plane5_2_of_2.png,fetal_femur/Patient00832_Plane5_2_of_2.png,10.051904678344727,2
fetal_femur,images/fetal_femur/Patient00782_Plane5_1_of_1.png,fetal_femur/Patient00782_Plane5_1_of_1.png,10.037089347839355,2
fetal_femur,images/fetal_femur/Patient01141_Plane5_1_of_1.png,fetal_femur/Patient01141_Plane5_1_of_1.png,10.005694389343262,2
fetal_femur,images/fetal_femur/Patient01480_Plane5_1_of_1.png,fetal_femur/Patient01480_Plane5_1_of_1.png,9.939684867858887,2
fetal_femur,images/fetal_femur/Patient01027_Plane5_1_of_1.png,fetal_femur/Patient01027_Plane5_1_of_1.png,9.90676498413086,2
fetal_femur,images/fetal_femur/Patient00936_Plane5_1_of_2.png,fetal_femur/Patient00936_Plane5_1_of_2.png,9.850109100341797,2
fetal_femur,images/fetal_femur/Patient01403_Plane5_1_of_1.png,fetal_femur/Patient01403_Plane5_1_of_1.png,9.767786979675293,2
fetal_femur,images/fetal_femur/Patient01132_Plane5_2_of_2.png,fetal_femur/Patient01132_Plane5_2_of_2.png,9.766809463500977,2
fetal_femur,images/fetal_femur/Patient01743_Plane5_1_of_3.png,fetal_femur/Patient01743_Plane5_1_of_3.png,9.72745418548584,2
fetal_femur,images/fetal_femur/Patient01775_Plane5_1_of_1.png,fetal_femur/Patient01775_Plane5_1_of_1.png,9.685748100280762,2
fetal_femur,images/fetal_femur/Patient01412_Plane5_1_of_2.png,fetal_femur/Patient01412_Plane5_1_of_2.png,9.651287078857422,2
fetal_femur,images/fetal_femur/Patient00661_Plane5_1_of_1.png,fetal_femur/Patient00661_Plane5_1_of_1.png,9.617673873901367,2
fetal_femur,images/fetal_femur/Patient01270_Plane5_2_of_2.png,fetal_femur/Patient01270_Plane5_2_of_2.png,9.612884521484375,2
fetal_femur,images/fetal_femur/Patient01678_Plane5_2_of_2.png,fetal_femur/Patient01678_Plane5_2_of_2.png,9.607087135314941,2
fetal_femur,images/fetal_femur/Patient01325_Plane5_1_of_1.png,fetal_femur/Patient01325_Plane5_1_of_1.png,9.506505012512207,2
fetal_femur,images/fetal_femur/Patient01458_Plane5_1_of_1.png,fetal_femur/Patient01458_Plane5_1_of_1.png,9.499933242797852,2
fetal_femur,images/fetal_femur/Patient00696_Plane5_1_of_1.png,fetal_femur/Patient00696_Plane5_1_of_1.png,9.49467658996582,2
fetal_femur,images/fetal_femur/Patient01256_Plane5_2_of_2.png,fetal_femur/Patient01256_Plane5_2_of_2.png,9.489166259765625,2
fetal_femur,images/fetal_femur/Patient01004_Plane5_2_of_2.png,fetal_femur/Patient01004_Plane5_2_of_2.png,9.453277587890625,2
fetal_femur,images/fetal_femur/Patient01174_Plane5_1_of_1.png,fetal_femur/Patient01174_Plane5_1_of_1.png,9.448814392089844,2
fetal_femur,images/fetal_femur/Patient01384_Plane5_1_of_1.png,fetal_femur/Patient01384_Plane5_1_of_1.png,9.389269828796387,2
fetal_femur,images/fetal_femur/Patient01495_Plane5_1_of_2.png,fetal_femur/Patient01495_Plane5_1_of_2.png,9.371755599975586,2
fetal_femur,images/fetal_femur/Patient00869_Plane5_1_of_1.png,fetal_femur/Patient00869_Plane5_1_of_1.png,9.357390403747559,2
fetal_femur,images/fetal_femur/Patient00960_Plane5_1_of_1.png,fetal_femur/Patient00960_Plane5_1_of_1.png,9.352210998535156,2
fetal_femur,images/fetal_femur/Patient01601_Plane5_1_of_4.png,fetal_femur/Patient01601_Plane5_1_of_4.png,9.347402572631836,2
fetal_femur,images/fetal_femur/Patient01521_Plane5_1_of_1.png,fetal_femur/Patient01521_Plane5_1_of_1.png,9.337018966674805,2
fetal_femur,images/fetal_femur/Patient01602_Plane5_2_of_3.png,fetal_femur/Patient01602_Plane5_2_of_3.png,9.336450576782227,2
fetal_femur,images/fetal_femur/Patient00806_Plane5_2_of_2.png,fetal_femur/Patient00806_Plane5_2_of_2.png,9.297887802124023,2
fetal_femur,images/fetal_femur/Patient01445_Plane5_1_of_1.png,fetal_femur/Patient01445_Plane5_1_of_1.png,9.292484283447266,2
fetal_femur,images/fetal_femur/Patient00708_Plane5_1_of_1.png,fetal_femur/Patient00708_Plane5_1_of_1.png,9.283134460449219,2
fetal_femur,images/fetal_femur/Patient01743_Plane5_3_of_3.png,fetal_femur/Patient01743_Plane5_3_of_3.png,9.272233963012695,2
fetal_femur,images/fetal_femur/Patient01467_Plane5_1_of_1.png,fetal_femur/Patient01467_Plane5_1_of_1.png,9.163211822509766,2
fetal_femur,images/fetal_femur/Patient01051_Plane5_1_of_1.png,fetal_femur/Patient01051_Plane5_1_of_1.png,9.138139724731445,2
fetal_femur,images/fetal_femur/Patient01015_Plane5_1_of_1.png,fetal_femur/Patient01015_Plane5_1_of_1.png,9.135635375976562,2
fetal_femur,images/fetal_femur/Patient01361_Plane5_1_of_1.png,fetal_femur/Patient01361_Plane5_1_of_1.png,9.128458023071289,2
fetal_femur,images/fetal_femur/Patient01408_Plane5_1_of_2.png,fetal_femur/Patient01408_Plane5_1_of_2.png,9.108068466186523,2
fetal_femur,images/fetal_femur/Patient01619_Plane5_1_of_2.png,fetal_femur/Patient01619_Plane5_1_of_2.png,9.081842422485352,2
fetal_femur,images/fetal_femur/Patient00873_Plane5_1_of_1.png,fetal_femur/Patient00873_Plane5_1_of_1.png,9.067748069763184,2
fetal_femur,images/fetal_femur/Patient01166_Plane5_1_of_1.png,fetal_femur/Patient01166_Plane5_1_of_1.png,9.048118591308594,2
fetal_femur,images/fetal_femur/Patient01098_Plane5_1_of_1.png,fetal_femur/Patient01098_Plane5_1_of_1.png,9.031414031982422,2
fetal_femur,images/fetal_femur/Patient01068_Plane5_2_of_2.png,fetal_femur/Patient01068_Plane5_2_of_2.png,9.023736953735352,2
fetal_femur,images/fetal_femur/Patient01747_Plane5_1_of_1.png,fetal_femur/Patient01747_Plane5_1_of_1.png,9.00501823425293,2
fetal_femur,images/fetal_femur/Patient01108_Plane5_1_of_1.png,fetal_femur/Patient01108_Plane5_1_of_1.png,8.98363971710205,2
fetal_femur,images/fetal_femur/Patient01177_Plane5_2_of_2.png,fetal_femur/Patient01177_Plane5_2_of_2.png,8.977153778076172,2
fetal_femur,images/fetal_femur/Patient01466_Plane5_1_of_1.png,fetal_femur/Patient01466_Plane5_1_of_1.png,8.958446502685547,2
fetal_femur,images/fetal_femur/Patient01362_Plane5_2_of_2.png,fetal_femur/Patient01362_Plane5_2_of_2.png,8.927967071533203,2
fetal_femur,images/fetal_femur/Patient01043_Plane5_1_of_2.png,fetal_femur/Patient01043_Plane5_1_of_2.png,8.919540405273438,2
fetal_femur,images/fetal_femur/Patient01189_Plane5_2_of_2.png,fetal_femur/Patient01189_Plane5_2_of_2.png,8.910042762756348,2
fetal_femur,images/fetal_femur/Patient01407_Plane5_1_of_2.png,fetal_femur/Patient01407_Plane5_1_of_2.png,8.903006553649902,2
fetal_femur,images/fetal_femur/Patient01237_Plane5_1_of_3.png,fetal_femur/Patient01237_Plane5_1_of_3.png,8.89659309387207,2
fetal_femur,images/fetal_femur/Patient01102_Plane5_1_of_1.png,fetal_femur/Patient01102_Plane5_1_of_1.png,8.890595436096191,2
fetal_femur,images/fetal_femur/Patient01592_Plane5_2_of_5.png,fetal_femur/Patient01592_Plane5_2_of_5.png,8.876108169555664,2
fetal_femur,images/fetal_femur/Patient01275_Plane5_1_of_3.png,fetal_femur/Patient01275_Plane5_1_of_3.png,8.867496490478516,2
fetal_femur,images/fetal_femur/Patient01683_Plane5_1_of_1.png,fetal_femur/Patient01683_Plane5_1_of_1.png,8.863619804382324,2
fetal_femur,images/fetal_femur/Patient01719_Plane5_1_of_2.png,fetal_femur/Patient01719_Plane5_1_of_2.png,8.856850624084473,2
fetal_femur,images/fetal_femur/Patient00761_Plane5_1_of_1.png,fetal_femur/Patient00761_Plane5_1_of_1.png,8.841472625732422,2
fetal_femur,images/fetal_femur/Patient01580_Plane5_1_of_2.png,fetal_femur/Patient01580_Plane5_1_of_2.png,8.824751853942871,2
fetal_femur,images/fetal_femur/Patient01022_Plane5_1_of_2.png,fetal_femur/Patient01022_Plane5_1_of_2.png,8.80982780456543,2
fetal_femur,images/fetal_femur/Patient01559_Plane5_1_of_2.png,fetal_femur/Patient01559_Plane5_1_of_2.png,8.80329418182373,2
fetal_femur,images/fetal_femur/Patient01181_Plane5_2_of_3.png,fetal_femur/Patient01181_Plane5_2_of_3.png,8.788150787353516,2
fetal_femur,images/fetal_femur/Patient01538_Plane5_1_of_1.png,fetal_femur/Patient01538_Plane5_1_of_1.png,8.779526710510254,2
fetal_femur,images/fetal_femur/Patient01537_Plane5_1_of_1.png,fetal_femur/Patient01537_Plane5_1_of_1.png,8.74842643737793,2
fetal_femur,images/fetal_femur/Patient00655_Plane5_1_of_1.png,fetal_femur/Patient00655_Plane5_1_of_1.png,8.738283157348633,2
fetal_femur,images/fetal_femur/Patient00910_Plane5_1_of_1.png,fetal_femur/Patient00910_Plane5_1_of_1.png,8.703999519348145,2
fetal_femur,images/fetal_femur/Patient01096_Plane5_1_of_1.png,fetal_femur/Patient01096_Plane5_1_of_1.png,8.660629272460938,2
fetal_femur,images/fetal_femur/Patient01539_Plane5_1_of_2.png,fetal_femur/Patient01539_Plane5_1_of_2.png,8.659502029418945,2
fetal_femur,images/fetal_femur/Patient01105_Plane5_1_of_2.png,fetal_femur/Patient01105_Plane5_1_of_2.png,8.641317367553711,2
fetal_femur,images/fetal_femur/Patient01088_Plane5_1_of_2.png,fetal_femur/Patient01088_Plane5_1_of_2.png,8.625993728637695,2
fetal_femur,images/fetal_femur/Patient01721_Plane5_2_of_2.png,fetal_femur/Patient01721_Plane5_2_of_2.png,8.607070922851562,2
fetal_femur,images/fetal_femur/Patient01582_Plane5_2_of_3.png,fetal_femur/Patient01582_Plane5_2_of_3.png,8.605843544006348,2
fetal_femur,images/fetal_femur/Patient01132_Plane5_1_of_2.png,fetal_femur/Patient01132_Plane5_1_of_2.png,8.597068786621094,2
fetal_femur,images/fetal_femur/Patient01145_Plane5_1_of_2.png,fetal_femur/Patient01145_Plane5_1_of_2.png,8.591333389282227,2
fetal_femur,images/fetal_femur/Patient01719_Plane5_2_of_2.png,fetal_femur/Patient01719_Plane5_2_of_2.png,8.568851470947266,2
fetal_femur,images/fetal_femur/Patient01743_Plane5_2_of_3.png,fetal_femur/Patient01743_Plane5_2_of_3.png,8.558610916137695,2
fetal_femur,images/fetal_femur/Patient01392_Plane5_1_of_1.png,fetal_femur/Patient01392_Plane5_1_of_1.png,8.554811477661133,2
fetal_femur,images/fetal_femur/Patient00970_Plane5_2_of_2.png,fetal_femur/Patient00970_Plane5_2_of_2.png,8.540005683898926,2
fetal_femur,images/fetal_femur/Patient01050_Plane5_1_of_2.png,fetal_femur/Patient01050_Plane5_1_of_2.png,8.537569046020508,2
fetal_femur,images/fetal_femur/Patient01193_Plane5_1_of_1.png,fetal_femur/Patient01193_Plane5_1_of_1.png,8.521183013916016,2
fetal_femur,images/fetal_femur/Patient01163_Plane5_1_of_1.png,fetal_femur/Patient01163_Plane5_1_of_1.png,8.506404876708984,2
fetal_femur,images/fetal_femur/Patient01711_Plane5_1_of_1.png,fetal_femur/Patient01711_Plane5_1_of_1.png,8.504162788391113,2
fetal_femur,images/fetal_femur/Patient01155_Plane5_2_of_2.png,fetal_femur/Patient01155_Plane5_2_of_2.png,8.480499267578125,2
fetal_femur,images/fetal_femur/Patient01601_Plane5_2_of_4.png,fetal_femur/Patient01601_Plane5_2_of_4.png,8.475994110107422,2
fetal_femur,images/fetal_femur/Patient01663_Plane5_2_of_2.png,fetal_femur/Patient01663_Plane5_2_of_2.png,8.461563110351562,2
fetal_femur,images/fetal_femur/Patient01763_Plane5_2_of_2.png,fetal_femur/Patient01763_Plane5_2_of_2.png,8.44590950012207,2
fetal_femur,images/fetal_femur/Patient01441_Plane5_1_of_1.png,fetal_femur/Patient01441_Plane5_1_of_1.png,8.444738388061523,2
fetal_femur,images/fetal_femur/Patient00674_Plane5_1_of_1.png,fetal_femur/Patient00674_Plane5_1_of_1.png,8.4218111038208,2
fetal_femur,images/fetal_femur/Patient01145_Plane5_2_of_2.png,fetal_femur/Patient01145_Plane5_2_of_2.png,8.421440124511719,2
fetal_femur,images/fetal_femur/Patient01029_Plane5_1_of_1.png,fetal_femur/Patient01029_Plane5_1_of_1.png,8.402000427246094,2
fetal_femur,images/fetal_femur/Patient00652_Plane5_1_of_1.png,fetal_femur/Patient00652_Plane5_1_of_1.png,8.397555351257324,2
fetal_femur,images/fetal_femur/Patient01611_Plane5_1_of_1.png,fetal_femur/Patient01611_Plane5_1_of_1.png,8.389720916748047,2
fetal_femur,images/fetal_femur/Patient01262_Plane5_5_of_5.png,fetal_femur/Patient01262_Plane5_5_of_5.png,8.385762214660645,2
fetal_femur,images/fetal_femur/Patient01761_Plane5_2_of_2.png,fetal_femur/Patient01761_Plane5_2_of_2.png,8.383636474609375,2
fetal_femur,images/fetal_femur/Patient01047_Plane5_1_of_2.png,fetal_femur/Patient01047_Plane5_1_of_2.png,8.366931915283203,2
fetal_femur,images/fetal_femur/Patient01375_Plane5_2_of_2.png,fetal_femur/Patient01375_Plane5_2_of_2.png,8.359238624572754,2
fetal_femur,images/fetal_femur/Patient01679_Plane5_6_of_6.png,fetal_femur/Patient01679_Plane5_6_of_6.png,8.316205024719238,2
fetal_femur,images/fetal_femur/Patient00996_Plane5_1_of_1.png,fetal_femur/Patient00996_Plane5_1_of_1.png,8.3133544921875,2
fetal_femur,images/fetal_femur/Patient01071_Plane5_2_of_2.png,fetal_femur/Patient01071_Plane5_2_of_2.png,8.292009353637695,2
fetal_femur,images/fetal_femur/Patient00849_Plane5_2_of_2.png,fetal_femur/Patient00849_Plane5_2_of_2.png,8.26927375793457,2
fetal_femur,images/fetal_femur/Patient01110_Plane5_1_of_1.png,fetal_femur/Patient01110_Plane5_1_of_1.png,8.249102592468262,2
fetal_femur,images/fetal_femur/Patient01052_Plane5_1_of_2.png,fetal_femur/Patient01052_Plane5_1_of_2.png,8.218563079833984,2
fetal_femur,images/fetal_femur/Patient01030_Plane5_1_of_3.png,fetal_femur/Patient01030_Plane5_1_of_3.png,8.214280128479004,2
fetal_femur,images/fetal_femur/Patient01246_Plane5_1_of_2.png,fetal_femur/Patient01246_Plane5_1_of_2.png,8.198287010192871,2
fetal_femur,images/fetal_femur/Patient01603_Plane5_1_of_1.png,fetal_femur/Patient01603_Plane5_1_of_1.png,8.190605163574219,2
fetal_femur,images/fetal_femur/Patient00629_Plane5_1_of_1.png,fetal_femur/Patient00629_Plane5_1_of_1.png,8.18919849395752,2
fetal_femur,images/fetal_femur/Patient01213_Plane5_2_of_3.png,fetal_femur/Patient01213_Plane5_2_of_3.png,8.187108993530273,2
fetal_femur,images/fetal_femur/Patient01206_Plane5_1_of_1.png,fetal_femur/Patient01206_Plane5_1_of_1.png,8.183135032653809,2
fetal_femur,images/fetal_femur/Patient01211_Plane5_1_of_2.png,fetal_femur/Patient01211_Plane5_1_of_2.png,8.153200149536133,2
fetal_femur,images/fetal_femur/Patient01026_Plane5_1_of_1.png,fetal_femur/Patient01026_Plane5_1_of_1.png,8.096263885498047,2
fetal_femur,images/fetal_femur/Patient00879_Plane5_1_of_1.png,fetal_femur/Patient00879_Plane5_1_of_1.png,8.090373039245605,2
fetal_femur,images/fetal_femur/Patient01464_Plane5_1_of_1.png,fetal_femur/Patient01464_Plane5_1_of_1.png,8.08635425567627,2
fetal_femur,images/fetal_femur/Patient01020_Plane5_1_of_2.png,fetal_femur/Patient01020_Plane5_1_of_2.png,8.069326400756836,2
fetal_femur,images/fetal_femur/Patient01595_Plane5_1_of_1.png,fetal_femur/Patient01595_Plane5_1_of_1.png,8.041738510131836,2
fetal_femur,images/fetal_femur/Patient01079_Plane5_1_of_1.png,fetal_femur/Patient01079_Plane5_1_of_1.png,8.036947250366211,2
fetal_femur,images/fetal_femur/Patient01682_Plane5_2_of_2.png,fetal_femur/Patient01682_Plane5_2_of_2.png,8.023425102233887,2
fetal_femur,images/fetal_femur/Patient01046_Plane5_3_of_3.png,fetal_femur/Patient01046_Plane5_3_of_3.png,7.98486328125,2
fetal_femur,images/fetal_femur/Patient01001_Plane5_1_of_1.png,fetal_femur/Patient01001_Plane5_1_of_1.png,7.978124141693115,2
fetal_femur,images/fetal_femur/Patient01459_Plane5_2_of_2.png,fetal_femur/Patient01459_Plane5_2_of_2.png,7.962911128997803,2
fetal_femur,images/fetal_femur/Patient00662_Plane5_1_of_1.png,fetal_femur/Patient00662_Plane5_1_of_1.png,7.958874702453613,2
fetal_femur,images/fetal_femur/Patient01456_Plane5_1_of_1.png,fetal_femur/Patient01456_Plane5_1_of_1.png,7.9587812423706055,2
fetal_femur,images/fetal_femur/Patient01205_Plane5_1_of_2.png,fetal_femur/Patient01205_Plane5_1_of_2.png,7.955524444580078,2
fetal_femur,images/fetal_femur/Patient01636_Plane5_1_of_1.png,fetal_femur/Patient01636_Plane5_1_of_1.png,7.945623874664307,2
fetal_femur,images/fetal_femur/Patient00995_Plane5_2_of_3.png,fetal_femur/Patient00995_Plane5_2_of_3.png,7.93630313873291,2
fetal_femur,images/fetal_femur/Patient01275_Plane5_3_of_3.png,fetal_femur/Patient01275_Plane5_3_of_3.png,7.923513412475586,2
fetal_femur,images/fetal_femur/Patient01616_Plane5_1_of_1.png,fetal_femur/Patient01616_Plane5_1_of_1.png,7.892923831939697,2
fetal_femur,images/fetal_femur/Patient01432_Plane5_1_of_2.png,fetal_femur/Patient01432_Plane5_1_of_2.png,7.887533187866211,2
fetal_femur,images/fetal_femur/Patient00942_Plane5_2_of_2.png,fetal_femur/Patient00942_Plane5_2_of_2.png,7.869129657745361,2
fetal_femur,images/fetal_femur/Patient01153_Plane5_1_of_1.png,fetal_femur/Patient01153_Plane5_1_of_1.png,7.83387565612793,2
fetal_femur,images/fetal_femur/Patient01369_Plane5_1_of_1.png,fetal_femur/Patient01369_Plane5_1_of_1.png,7.829067707061768,2
fetal_femur,images/fetal_femur/Patient01439_Plane5_1_of_1.png,fetal_femur/Patient01439_Plane5_1_of_1.png,7.817850112915039,2
fetal_femur,images/fetal_femur/Patient01235_Plane5_1_of_1.png,fetal_femur/Patient01235_Plane5_1_of_1.png,7.797852039337158,2
fetal_femur,images/fetal_femur/Patient01681_Plane5_2_of_2.png,fetal_femur/Patient01681_Plane5_2_of_2.png,7.788174152374268,2
fetal_femur,images/fetal_femur/Patient01627_Plane5_2_of_2.png,fetal_femur/Patient01627_Plane5_2_of_2.png,7.766318321228027,2
fetal_femur,images/fetal_femur/Patient00928_Plane5_1_of_1.png,fetal_femur/Patient00928_Plane5_1_of_1.png,7.746380805969238,2
fetal_femur,images/fetal_femur/Patient01632_Plane5_1_of_1.png,fetal_femur/Patient01632_Plane5_1_of_1.png,7.727238655090332,2
fetal_femur,images/fetal_femur/Patient00995_Plane5_3_of_3.png,fetal_femur/Patient00995_Plane5_3_of_3.png,7.718538284301758,2
fetal_femur,images/fetal_femur/Patient01265_Plane5_2_of_2.png,fetal_femur/Patient01265_Plane5_2_of_2.png,7.704880714416504,2
fetal_femur,images/fetal_femur/Patient01267_Plane5_2_of_2.png,fetal_femur/Patient01267_Plane5_2_of_2.png,7.701784610748291,2
fetal_femur,images/fetal_femur/Patient01778_Plane5_1_of_1.png,fetal_femur/Patient01778_Plane5_1_of_1.png,7.696140289306641,2
fetal_femur,images/fetal_femur/Patient00669_Plane5_1_of_1.png,fetal_femur/Patient00669_Plane5_1_of_1.png,7.693696022033691,2
fetal_femur,images/fetal_femur/Patient01771_Plane5_2_of_2.png,fetal_femur/Patient01771_Plane5_2_of_2.png,7.691043853759766,2
fetal_femur,images/fetal_femur/Patient01044_Plane5_1_of_1.png,fetal_femur/Patient01044_Plane5_1_of_1.png,7.682334899902344,2
fetal_femur,images/fetal_femur/Patient01630_Plane5_1_of_1.png,fetal_femur/Patient01630_Plane5_1_of_1.png,7.667041778564453,2
fetal_femur,images/fetal_femur/Patient01286_Plane5_1_of_2.png,fetal_femur/Patient01286_Plane5_1_of_2.png,7.665511608123779,2
fetal_femur,images/fetal_femur/Patient01228_Plane5_1_of_1.png,fetal_femur/Patient01228_Plane5_1_of_1.png,7.662685394287109,2
fetal_femur,images/fetal_femur/Patient00892_Plane5_1_of_1.png,fetal_femur/Patient00892_Plane5_1_of_1.png,7.662519454956055,2
fetal_femur,images/fetal_femur/Patient01575_Plane5_1_of_1.png,fetal_femur/Patient01575_Plane5_1_of_1.png,7.650005340576172,2
fetal_femur,images/fetal_femur/Patient01648_Plane5_5_of_5.png,fetal_femur/Patient01648_Plane5_5_of_5.png,7.64436149597168,2
fetal_femur,images/fetal_femur/Patient01653_Plane5_1_of_3.png,fetal_femur/Patient01653_Plane5_1_of_3.png,7.631945610046387,2
fetal_femur,images/fetal_femur/Patient01647_Plane5_3_of_4.png,fetal_femur/Patient01647_Plane5_3_of_4.png,7.6182780265808105,2
fetal_femur,images/fetal_femur/Patient01170_Plane5_1_of_1.png,fetal_femur/Patient01170_Plane5_1_of_1.png,7.611990928649902,2
fetal_femur,images/fetal_femur/Patient01224_Plane5_1_of_1.png,fetal_femur/Patient01224_Plane5_1_of_1.png,7.607481002807617,2
fetal_femur,images/fetal_femur/Patient01662_Plane5_2_of_2.png,fetal_femur/Patient01662_Plane5_2_of_2.png,7.591097354888916,2
fetal_femur,images/fetal_femur/Patient01524_Plane5_1_of_1.png,fetal_femur/Patient01524_Plane5_1_of_1.png,7.586291313171387,2
fetal_femur,images/fetal_femur/Patient01526_Plane5_1_of_1.png,fetal_femur/Patient01526_Plane5_1_of_1.png,7.5597405433654785,2
fetal_femur,images/fetal_femur/Patient01557_Plane5_1_of_2.png,fetal_femur/Patient01557_Plane5_1_of_2.png,7.556447982788086,2
fetal_femur,images/fetal_femur/Patient01423_Plane5_1_of_1.png,fetal_femur/Patient01423_Plane5_1_of_1.png,7.5522308349609375,2
fetal_femur,images/fetal_femur/Patient01558_Plane5_1_of_1.png,fetal_femur/Patient01558_Plane5_1_of_1.png,7.535989761352539,2
fetal_femur,images/fetal_femur/Patient01316_Plane5_2_of_2.png,fetal_femur/Patient01316_Plane5_2_of_2.png,7.531341552734375,2
fetal_femur,images/fetal_femur/Patient01323_Plane5_2_of_2.png,fetal_femur/Patient01323_Plane5_2_of_2.png,7.522005081176758,2
fetal_femur,images/fetal_femur/Patient00724_Plane5_1_of_1.png,fetal_femur/Patient00724_Plane5_1_of_1.png,7.519623279571533,2
fetal_femur,images/fetal_femur/Patient01416_Plane5_1_of_1.png,fetal_femur/Patient01416_Plane5_1_of_1.png,7.514254570007324,2
fetal_femur,images/fetal_femur/Patient01557_Plane5_2_of_2.png,fetal_femur/Patient01557_Plane5_2_of_2.png,7.48983097076416,2
fetal_femur,images/fetal_femur/Patient01371_Plane5_1_of_1.png,fetal_femur/Patient01371_Plane5_1_of_1.png,7.4607391357421875,2
fetal_femur,images/fetal_femur/Patient01487_Plane5_1_of_1.png,fetal_femur/Patient01487_Plane5_1_of_1.png,7.460278511047363,2
fetal_femur,images/fetal_femur/Patient00695_Plane5_1_of_1.png,fetal_femur/Patient00695_Plane5_1_of_1.png,7.459078788757324,2
fetal_femur,images/fetal_femur/Patient01002_Plane5_1_of_1.png,fetal_femur/Patient01002_Plane5_1_of_1.png,7.447845458984375,2
fetal_femur,images/fetal_femur/Patient01784_Plane5_1_of_1.png,fetal_femur/Patient01784_Plane5_1_of_1.png,7.429454803466797,2
fetal_femur,images/fetal_femur/Patient00894_Plane5_1_of_1.png,fetal_femur/Patient00894_Plane5_1_of_1.png,7.417609691619873,2
fetal_femur,images/fetal_femur/Patient00659_Plane5_1_of_1.png,fetal_femur/Patient00659_Plane5_1_of_1.png,7.38873291015625,2
fetal_femur,images/fetal_femur/Patient01209_Plane5_2_of_3.png,fetal_femur/Patient01209_Plane5_2_of_3.png,7.3797454833984375,2
fetal_femur,images/fetal_femur/Patient01229_Plane5_1_of_2.png,fetal_femur/Patient01229_Plane5_1_of_2.png,7.377640724182129,2
fetal_femur,images/fetal_femur/Patient00822_Plane5_1_of_1.png,fetal_femur/Patient00822_Plane5_1_of_1.png,7.364083766937256,2
fetal_femur,images/fetal_femur/Patient01023_Plane5_1_of_1.png,fetal_femur/Patient01023_Plane5_1_of_1.png,7.344203472137451,2
fetal_femur,images/fetal_femur/Patient01151_Plane5_2_of_4.png,fetal_femur/Patient01151_Plane5_2_of_4.png,7.324894905090332,2
fetal_femur,images/fetal_femur/Patient01043_Plane5_2_of_2.png,fetal_femur/Patient01043_Plane5_2_of_2.png,7.297486305236816,2
fetal_femur,images/fetal_femur/Patient01160_Plane5_1_of_2.png,fetal_femur/Patient01160_Plane5_1_of_2.png,7.252322196960449,2
fetal_femur,images/fetal_femur/Patient01592_Plane5_3_of_5.png,fetal_femur/Patient01592_Plane5_3_of_5.png,7.252182960510254,2
fetal_femur,images/fetal_femur/Patient00836_Plane5_1_of_1.png,fetal_femur/Patient00836_Plane5_1_of_1.png,7.244468688964844,2
fetal_femur,images/fetal_femur/Patient01118_Plane5_1_of_3.png,fetal_femur/Patient01118_Plane5_1_of_3.png,7.238424301147461,2
fetal_femur,images/fetal_femur/Patient01491_Plane5_2_of_2.png,fetal_femur/Patient01491_Plane5_2_of_2.png,7.1905035972595215,2
fetal_femur,images/fetal_femur/Patient01370_Plane5_1_of_1.png,fetal_femur/Patient01370_Plane5_1_of_1.png,7.188091278076172,2
fetal_femur,images/fetal_femur/Patient01227_Plane5_1_of_3.png,fetal_femur/Patient01227_Plane5_1_of_3.png,7.181380271911621,2
fetal_femur,images/fetal_femur/Patient01112_Plane5_2_of_2.png,fetal_femur/Patient01112_Plane5_2_of_2.png,7.180955410003662,2
fetal_femur,images/fetal_femur/Patient01651_Plane5_1_of_1.png,fetal_femur/Patient01651_Plane5_1_of_1.png,7.173739433288574,2
fetal_femur,images/fetal_femur/Patient01308_Plane5_1_of_1.png,fetal_femur/Patient01308_Plane5_1_of_1.png,7.164437294006348,2
fetal_femur,images/fetal_femur/Patient01707_Plane5_2_of_3.png,fetal_femur/Patient01707_Plane5_2_of_3.png,7.14293098449707,2
fetal_femur,images/fetal_femur/Patient01387_Plane5_1_of_1.png,fetal_femur/Patient01387_Plane5_1_of_1.png,7.138143539428711,2
fetal_femur,images/fetal_femur/Patient01157_Plane5_1_of_1.png,fetal_femur/Patient01157_Plane5_1_of_1.png,7.1297502517700195,2
fetal_femur,images/fetal_femur/Patient01210_Plane5_1_of_1.png,fetal_femur/Patient01210_Plane5_1_of_1.png,7.114500999450684,2
fetal_femur,images/fetal_femur/Patient00673_Plane5_1_of_1.png,fetal_femur/Patient00673_Plane5_1_of_1.png,7.108022212982178,2
fetal_femur,images/fetal_femur/Patient00675_Plane5_1_of_1.png,fetal_femur/Patient00675_Plane5_1_of_1.png,7.103976726531982,2
fetal_femur,images/fetal_femur/Patient01653_Plane5_2_of_3.png,fetal_femur/Patient01653_Plane5_2_of_3.png,7.100135803222656,2
fetal_femur,images/fetal_femur/Patient00791_Plane5_1_of_2.png,fetal_femur/Patient00791_Plane5_1_of_2.png,7.094967365264893,2
fetal_femur,images/fetal_femur/Patient01759_Plane5_1_of_1.png,fetal_femur/Patient01759_Plane5_1_of_1.png,7.094508171081543,2
fetal_femur,images/fetal_femur/Patient01046_Plane5_2_of_3.png,fetal_femur/Patient01046_Plane5_2_of_3.png,7.081877708435059,2
fetal_femur,images/fetal_femur/Patient01748_Plane5_1_of_1.png,fetal_femur/Patient01748_Plane5_1_of_1.png,7.049705505371094,2
fetal_femur,images/fetal_femur/Patient01686_Plane5_1_of_1.png,fetal_femur/Patient01686_Plane5_1_of_1.png,7.049623489379883,2
fetal_femur,images/fetal_femur/Patient00713_Plane5_2_of_2.png,fetal_femur/Patient00713_Plane5_2_of_2.png,7.04921817779541,2
fetal_femur,images/fetal_femur/Patient01602_Plane5_1_of_3.png,fetal_femur/Patient01602_Plane5_1_of_3.png,7.047122478485107,2
fetal_femur,images/fetal_femur/Patient01307_Plane5_1_of_2.png,fetal_femur/Patient01307_Plane5_1_of_2.png,7.042398452758789,2
fetal_femur,images/fetal_femur/Patient01062_Plane5_1_of_1.png,fetal_femur/Patient01062_Plane5_1_of_1.png,7.011360168457031,2
fetal_femur,images/fetal_femur/Patient01159_Plane5_1_of_1.png,fetal_femur/Patient01159_Plane5_1_of_1.png,7.006323337554932,2
fetal_femur,images/fetal_femur/Patient01011_Plane5_1_of_2.png,fetal_femur/Patient01011_Plane5_1_of_2.png,6.978338718414307,2
fetal_femur,images/fetal_femur/Patient00829_Plane5_3_of_3.png,fetal_femur/Patient00829_Plane5_3_of_3.png,6.962896347045898,2
fetal_femur,images/fetal_femur/Patient01613_Plane5_1_of_1.png,fetal_femur/Patient01613_Plane5_1_of_1.png,6.958830833435059,2
fetal_femur,images/fetal_femur/Patient01232_Plane5_3_of_3.png,fetal_femur/Patient01232_Plane5_3_of_3.png,6.956348896026611,2
fetal_femur,images/fetal_femur/Patient01649_Plane5_2_of_2.png,fetal_femur/Patient01649_Plane5_2_of_2.png,6.9484968185424805,2
fetal_femur,images/fetal_femur/Patient01475_Plane5_1_of_1.png,fetal_femur/Patient01475_Plane5_1_of_1.png,6.940646171569824,2
fetal_femur,images/fetal_femur/Patient01688_Plane5_1_of_2.png,fetal_femur/Patient01688_Plane5_1_of_2.png,6.924633502960205,2
fetal_femur,images/fetal_femur/Patient00897_Plane5_1_of_1.png,fetal_femur/Patient00897_Plane5_1_of_1.png,6.906098365783691,2
fetal_femur,images/fetal_femur/Patient00995_Plane5_1_of_3.png,fetal_femur/Patient00995_Plane5_1_of_3.png,6.899977207183838,2
fetal_femur,images/fetal_femur/Patient01365_Plane5_2_of_2.png,fetal_femur/Patient01365_Plane5_2_of_2.png,6.896964073181152,2
fetal_femur,images/fetal_femur/Patient00826_Plane5_1_of_2.png,fetal_femur/Patient00826_Plane5_1_of_2.png,6.889047622680664,2
fetal_femur,images/fetal_femur/Patient01391_Plane5_1_of_1.png,fetal_femur/Patient01391_Plane5_1_of_1.png,6.861169815063477,2
fetal_femur,images/fetal_femur/Patient01770_Plane5_1_of_2.png,fetal_femur/Patient01770_Plane5_1_of_2.png,6.845298767089844,2
fetal_femur,images/fetal_femur/Patient01060_Plane5_1_of_2.png,fetal_femur/Patient01060_Plane5_1_of_2.png,6.822505474090576,2
fetal_femur,images/fetal_femur/Patient01547_Plane5_1_of_1.png,fetal_femur/Patient01547_Plane5_1_of_1.png,6.787600994110107,2
fetal_femur,images/fetal_femur/Patient01581_Plane5_1_of_1.png,fetal_femur/Patient01581_Plane5_1_of_1.png,6.782601356506348,2
fetal_femur,images/fetal_femur/Patient01596_Plane5_1_of_1.png,fetal_femur/Patient01596_Plane5_1_of_1.png,6.7748637199401855,2
fetal_femur,images/fetal_femur/Patient01068_Plane5_1_of_2.png,fetal_femur/Patient01068_Plane5_1_of_2.png,6.750957012176514,2
fetal_femur,images/fetal_femur/Patient01647_Plane5_4_of_4.png,fetal_femur/Patient01647_Plane5_4_of_4.png,6.749861717224121,2
fetal_femur,images/fetal_femur/Patient01559_Plane5_2_of_2.png,fetal_femur/Patient01559_Plane5_2_of_2.png,6.74137544631958,2
fetal_femur,images/fetal_femur/Patient01127_Plane5_1_of_2.png,fetal_femur/Patient01127_Plane5_1_of_2.png,6.736257553100586,2
fetal_femur,images/fetal_femur/Patient01672_Plane5_1_of_2.png,fetal_femur/Patient01672_Plane5_1_of_2.png,6.712464809417725,2
fetal_femur,images/fetal_femur/Patient01067_Plane5_1_of_1.png,fetal_femur/Patient01067_Plane5_1_of_1.png,6.681695938110352,2
fetal_femur,images/fetal_femur/Patient01088_Plane5_2_of_2.png,fetal_femur/Patient01088_Plane5_2_of_2.png,6.677166938781738,2
fetal_femur,images/fetal_femur/Patient01019_Plane5_2_of_3.png,fetal_femur/Patient01019_Plane5_2_of_3.png,6.676348686218262,2
fetal_femur,images/fetal_femur/Patient01271_Plane5_6_of_7.png,fetal_femur/Patient01271_Plane5_6_of_7.png,6.667391777038574,2
fetal_femur,images/fetal_femur/Patient01634_Plane5_1_of_1.png,fetal_femur/Patient01634_Plane5_1_of_1.png,6.664172649383545,2
fetal_femur,images/fetal_femur/Patient01585_Plane5_1_of_2.png,fetal_femur/Patient01585_Plane5_1_of_2.png,6.64774227142334,2
fetal_femur,images/fetal_femur/Patient01009_Plane5_2_of_2.png,fetal_femur/Patient01009_Plane5_2_of_2.png,6.62889289855957,2
fetal_femur,images/fetal_femur/Patient01535_Plane5_1_of_1.png,fetal_femur/Patient01535_Plane5_1_of_1.png,6.620909690856934,2
fetal_femur,images/fetal_femur/Patient00699_Plane5_1_of_1.png,fetal_femur/Patient00699_Plane5_1_of_1.png,6.603208541870117,2
fetal_femur,images/fetal_femur/Patient00948_Plane5_2_of_2.png,fetal_femur/Patient00948_Plane5_2_of_2.png,6.599691390991211,2
fetal_femur,images/fetal_femur/Patient00754_Plane5_1_of_1.png,fetal_femur/Patient00754_Plane5_1_of_1.png,6.599108695983887,2
fetal_femur,images/fetal_femur/Patient00743_Plane5_1_of_1.png,fetal_femur/Patient00743_Plane5_1_of_1.png,6.5944085121154785,2
fetal_femur,images/fetal_femur/Patient01271_Plane5_7_of_7.png,fetal_femur/Patient01271_Plane5_7_of_7.png,6.593869209289551,2
fetal_femur,images/fetal_femur/Patient01432_Plane5_2_of_2.png,fetal_femur/Patient01432_Plane5_2_of_2.png,6.5898237228393555,2
fetal_femur,images/fetal_femur/Patient01787_Plane5_1_of_1.png,fetal_femur/Patient01787_Plane5_1_of_1.png,6.574859142303467,2
fetal_femur,images/fetal_femur/Patient01545_Plane5_2_of_2.png,fetal_femur/Patient01545_Plane5_2_of_2.png,6.559998512268066,2
fetal_femur,images/fetal_femur/Patient01792_Plane5_1_of_1.png,fetal_femur/Patient01792_Plane5_1_of_1.png,6.555418014526367,2
fetal_femur,images/fetal_femur/Patient00641_Plane5_1_of_1.png,fetal_femur/Patient00641_Plane5_1_of_1.png,6.537567138671875,2
fetal_femur,images/fetal_femur/Patient01071_Plane5_1_of_2.png,fetal_femur/Patient01071_Plane5_1_of_2.png,6.536439418792725,2
fetal_femur,images/fetal_femur/Patient00985_Plane5_4_of_4.png,fetal_femur/Patient00985_Plane5_4_of_4.png,6.533147811889648,2
fetal_femur,images/fetal_femur/Patient01518_Plane5_1_of_2.png,fetal_femur/Patient01518_Plane5_1_of_2.png,6.532845497131348,2
fetal_femur,images/fetal_femur/Patient01094_Plane5_2_of_4.png,fetal_femur/Patient01094_Plane5_2_of_4.png,6.529777526855469,2
fetal_femur,images/fetal_femur/Patient00722_Plane5_1_of_1.png,fetal_femur/Patient00722_Plane5_1_of_1.png,6.502317428588867,2
fetal_femur,images/fetal_femur/Patient00803_Plane5_2_of_5.png,fetal_femur/Patient00803_Plane5_2_of_5.png,6.494126319885254,2
fetal_femur,images/fetal_femur/Patient00705_Plane5_1_of_2.png,fetal_femur/Patient00705_Plane5_1_of_2.png,6.487790584564209,2
fetal_femur,images/fetal_femur/Patient00972_Plane5_2_of_2.png,fetal_femur/Patient00972_Plane5_2_of_2.png,6.468587875366211,2
fetal_femur,images/fetal_femur/Patient01307_Plane5_2_of_2.png,fetal_femur/Patient01307_Plane5_2_of_2.png,6.464968204498291,2
fetal_femur,images/fetal_femur/Patient01631_Plane5_1_of_1.png,fetal_femur/Patient01631_Plane5_1_of_1.png,6.464230537414551,2
fetal_femur,images/fetal_femur/Patient01327_Plane5_1_of_1.png,fetal_femur/Patient01327_Plane5_1_of_1.png,6.443375587463379,2
fetal_femur,images/fetal_femur/Patient01106_Plane5_1_of_2.png,fetal_femur/Patient01106_Plane5_1_of_2.png,6.419543266296387,2
fetal_femur,images/fetal_femur/Patient00884_Plane5_2_of_2.png,fetal_femur/Patient00884_Plane5_2_of_2.png,6.409954071044922,2
fetal_femur,images/fetal_femur/Patient00749_Plane5_1_of_2.png,fetal_femur/Patient00749_Plane5_1_of_2.png,6.400632858276367,2
fetal_femur,images/fetal_femur/Patient01100_Plane5_1_of_1.png,fetal_femur/Patient01100_Plane5_1_of_1.png,6.389401435852051,2
fetal_femur,images/fetal_femur/Patient01435_Plane5_2_of_2.png,fetal_femur/Patient01435_Plane5_2_of_2.png,6.359530925750732,2
fetal_femur,images/fetal_femur/Patient01326_Plane5_1_of_1.png,fetal_femur/Patient01326_Plane5_1_of_1.png,6.336482048034668,2
fetal_femur,images/fetal_femur/Patient00917_Plane5_2_of_2.png,fetal_femur/Patient00917_Plane5_2_of_2.png,6.324379920959473,2
fetal_femur,images/fetal_femur/Patient01647_Plane5_1_of_4.png,fetal_femur/Patient01647_Plane5_1_of_4.png,6.294980525970459,2
fetal_femur,images/fetal_femur/Patient01669_Plane5_1_of_1.png,fetal_femur/Patient01669_Plane5_1_of_1.png,6.278336048126221,2
fetal_femur,images/fetal_femur/Patient01401_Plane5_1_of_1.png,fetal_femur/Patient01401_Plane5_1_of_1.png,6.266967296600342,2
fetal_femur,images/fetal_femur/Patient01752_Plane5_2_of_2.png,fetal_femur/Patient01752_Plane5_2_of_2.png,6.266280174255371,2
fetal_femur,images/fetal_femur/Patient01696_Plane5_1_of_1.png,fetal_femur/Patient01696_Plane5_1_of_1.png,6.260880470275879,2
fetal_femur,images/fetal_femur/Patient01635_Plane5_2_of_2.png,fetal_femur/Patient01635_Plane5_2_of_2.png,6.260725021362305,2
fetal_femur,images/fetal_femur/Patient01032_Plane5_1_of_1.png,fetal_femur/Patient01032_Plane5_1_of_1.png,6.253296852111816,2
fetal_femur,images/fetal_femur/Patient00867_Plane5_1_of_1.png,fetal_femur/Patient00867_Plane5_1_of_1.png,6.24220609664917,2
fetal_femur,images/fetal_femur/Patient01592_Plane5_5_of_5.png,fetal_femur/Patient01592_Plane5_5_of_5.png,6.222253799438477,2
fetal_femur,images/fetal_femur/Patient00833_Plane5_1_of_1.png,fetal_femur/Patient00833_Plane5_1_of_1.png,6.2172746658325195,2
fetal_femur,images/fetal_femur/Patient01047_Plane5_2_of_2.png,fetal_femur/Patient01047_Plane5_2_of_2.png,6.190988540649414,2
fetal_femur,images/fetal_femur/Patient00909_Plane5_1_of_2.png,fetal_femur/Patient00909_Plane5_1_of_2.png,6.18637228012085,2
fetal_femur,images/fetal_femur/Patient01422_Plane5_2_of_2.png,fetal_femur/Patient01422_Plane5_2_of_2.png,6.181558609008789,2
fetal_femur,images/fetal_femur/Patient01342_Plane5_2_of_2.png,fetal_femur/Patient01342_Plane5_2_of_2.png,6.174896240234375,2
fetal_femur,images/fetal_femur/Patient01195_Plane5_1_of_1.png,fetal_femur/Patient01195_Plane5_1_of_1.png,6.135483741760254,2
fetal_femur,images/fetal_femur/Patient01522_Plane5_1_of_1.png,fetal_femur/Patient01522_Plane5_1_of_1.png,6.133891582489014,2
fetal_femur,images/fetal_femur/Patient00866_Plane5_1_of_2.png,fetal_femur/Patient00866_Plane5_1_of_2.png,6.129756927490234,2
fetal_femur,images/fetal_femur/Patient00650_Plane5_1_of_1.png,fetal_femur/Patient00650_Plane5_1_of_1.png,6.12803316116333,2
fetal_femur,images/fetal_femur/Patient00945_Plane5_1_of_1.png,fetal_femur/Patient00945_Plane5_1_of_1.png,6.119294166564941,2
fetal_femur,images/fetal_femur/Patient01679_Plane5_4_of_6.png,fetal_femur/Patient01679_Plane5_4_of_6.png,6.112730026245117,2
fetal_femur,images/fetal_femur/Patient01726_Plane5_1_of_1.png,fetal_femur/Patient01726_Plane5_1_of_1.png,6.087025165557861,2
fetal_femur,images/fetal_femur/Patient00861_Plane5_1_of_1.png,fetal_femur/Patient00861_Plane5_1_of_1.png,6.049341678619385,2
fetal_femur,images/fetal_femur/Patient01113_Plane5_1_of_2.png,fetal_femur/Patient01113_Plane5_1_of_2.png,6.0316362380981445,2
fetal_femur,images/fetal_femur/Patient01449_Plane5_1_of_1.png,fetal_femur/Patient01449_Plane5_1_of_1.png,6.024653434753418,2
fetal_femur,images/fetal_femur/Patient01176_Plane5_1_of_1.png,fetal_femur/Patient01176_Plane5_1_of_1.png,6.007399082183838,2
fetal_femur,images/fetal_femur/Patient01452_Plane5_1_of_1.png,fetal_femur/Patient01452_Plane5_1_of_1.png,6.004360198974609,2
fetal_femur,images/fetal_femur/Patient00955_Plane5_1_of_1.png,fetal_femur/Patient00955_Plane5_1_of_1.png,6.0011749267578125,2
fetal_femur,images/fetal_femur/Patient00772_Plane5_1_of_1.png,fetal_femur/Patient00772_Plane5_1_of_1.png,5.9927978515625,2
fetal_femur,images/fetal_femur/Patient00964_Plane5_3_of_3.png,fetal_femur/Patient00964_Plane5_3_of_3.png,5.989113807678223,2
fetal_femur,images/fetal_femur/Patient00985_Plane5_3_of_4.png,fetal_femur/Patient00985_Plane5_3_of_4.png,5.97749137878418,2
fetal_femur,images/fetal_femur/Patient01657_Plane5_1_of_1.png,fetal_femur/Patient01657_Plane5_1_of_1.png,5.95454740524292,2
fetal_femur,images/fetal_femur/Patient01788_Plane5_1_of_1.png,fetal_femur/Patient01788_Plane5_1_of_1.png,5.94448184967041,2
fetal_femur,images/fetal_femur/Patient01427_Plane5_1_of_1.png,fetal_femur/Patient01427_Plane5_1_of_1.png,5.942060947418213,2
fetal_femur,images/fetal_femur/Patient01289_Plane5_1_of_1.png,fetal_femur/Patient01289_Plane5_1_of_1.png,5.9241437911987305,2
fetal_femur,images/fetal_femur/Patient01212_Plane5_4_of_4.png,fetal_femur/Patient01212_Plane5_4_of_4.png,5.919429302215576,2
fetal_femur,images/fetal_femur/Patient01137_Plane5_1_of_2.png,fetal_femur/Patient01137_Plane5_1_of_2.png,5.912463188171387,2
fetal_femur,images/fetal_femur/Patient01691_Plane5_1_of_1.png,fetal_femur/Patient01691_Plane5_1_of_1.png,5.911252975463867,2
fetal_femur,images/fetal_femur/Patient01729_Plane5_1_of_1.png,fetal_femur/Patient01729_Plane5_1_of_1.png,5.892663955688477,2
fetal_femur,images/fetal_femur/Patient00915_Plane5_1_of_1.png,fetal_femur/Patient00915_Plane5_1_of_1.png,5.892165660858154,2
fetal_femur,images/fetal_femur/Patient00917_Plane5_1_of_2.png,fetal_femur/Patient00917_Plane5_1_of_2.png,5.878491401672363,2
fetal_femur,images/fetal_femur/Patient00803_Plane5_5_of_5.png,fetal_femur/Patient00803_Plane5_5_of_5.png,5.877574443817139,2
fetal_femur,images/fetal_femur/Patient01232_Plane5_1_of_3.png,fetal_femur/Patient01232_Plane5_1_of_3.png,5.865793228149414,2
fetal_femur,images/fetal_femur/Patient01223_Plane5_2_of_2.png,fetal_femur/Patient01223_Plane5_2_of_2.png,5.864577293395996,2
fetal_femur,images/fetal_femur/Patient01776_Plane5_1_of_1.png,fetal_femur/Patient01776_Plane5_1_of_1.png,5.860515594482422,2
fetal_femur,images/fetal_femur/Patient01346_Plane5_1_of_1.png,fetal_femur/Patient01346_Plane5_1_of_1.png,5.850905418395996,2
fetal_femur,images/fetal_femur/Patient01292_Plane5_1_of_1.png,fetal_femur/Patient01292_Plane5_1_of_1.png,5.843656539916992,2
fetal_femur,images/fetal_femur/Patient00975_Plane5_1_of_2.png,fetal_femur/Patient00975_Plane5_1_of_2.png,5.824010848999023,2
fetal_femur,images/fetal_femur/Patient01251_Plane5_1_of_1.png,fetal_femur/Patient01251_Plane5_1_of_1.png,5.813647270202637,2
fetal_femur,images/fetal_femur/Patient01587_Plane5_1_of_1.png,fetal_femur/Patient01587_Plane5_1_of_1.png,5.7743048667907715,2
fetal_femur,images/fetal_femur/Patient01777_Plane5_1_of_1.png,fetal_femur/Patient01777_Plane5_1_of_1.png,5.770846366882324,2
fetal_femur,images/fetal_femur/Patient01694_Plane5_1_of_1.png,fetal_femur/Patient01694_Plane5_1_of_1.png,5.766129493713379,2
fetal_femur,images/fetal_femur/Patient01671_Plane5_1_of_1.png,fetal_femur/Patient01671_Plane5_1_of_1.png,5.752851963043213,2
fetal_femur,images/fetal_femur/Patient01171_Plane5_1_of_2.png,fetal_femur/Patient01171_Plane5_1_of_2.png,5.7476654052734375,2
fetal_femur,images/fetal_femur/Patient01640_Plane5_1_of_1.png,fetal_femur/Patient01640_Plane5_1_of_1.png,5.735679626464844,2
fetal_femur,images/fetal_femur/Patient00766_Plane5_1_of_1.png,fetal_femur/Patient00766_Plane5_1_of_1.png,5.714791297912598,2
fetal_femur,images/fetal_femur/Patient00890_Plane5_1_of_2.png,fetal_femur/Patient00890_Plane5_1_of_2.png,5.7055768966674805,2
fetal_femur,images/fetal_femur/Patient01312_Plane5_1_of_1.png,fetal_femur/Patient01312_Plane5_1_of_1.png,5.698094367980957,2
fetal_femur,images/fetal_femur/Patient01271_Plane5_1_of_7.png,fetal_femur/Patient01271_Plane5_1_of_7.png,5.6841912269592285,2
fetal_femur,images/fetal_femur/Patient01209_Plane5_1_of_3.png,fetal_femur/Patient01209_Plane5_1_of_3.png,5.681296348571777,2
fetal_femur,images/fetal_femur/Patient01704_Plane5_2_of_2.png,fetal_femur/Patient01704_Plane5_2_of_2.png,5.664048671722412,2
fetal_femur,images/fetal_femur/Patient01750_Plane5_1_of_1.png,fetal_femur/Patient01750_Plane5_1_of_1.png,5.638027191162109,2
fetal_femur,images/fetal_femur/Patient01162_Plane5_2_of_3.png,fetal_femur/Patient01162_Plane5_2_of_3.png,5.626842498779297,2
fetal_femur,images/fetal_femur/Patient00859_Plane5_1_of_1.png,fetal_femur/Patient00859_Plane5_1_of_1.png,5.588343143463135,2
fetal_femur,images/fetal_femur/Patient01205_Plane5_2_of_2.png,fetal_femur/Patient01205_Plane5_2_of_2.png,5.575308799743652,2
fetal_femur,images/fetal_femur/Patient01739_Plane5_1_of_1.png,fetal_femur/Patient01739_Plane5_1_of_1.png,5.574051856994629,2
fetal_femur,images/fetal_femur/Patient01061_Plane5_1_of_1.png,fetal_femur/Patient01061_Plane5_1_of_1.png,5.57371187210083,2
fetal_femur,images/fetal_femur/Patient00905_Plane5_1_of_1.png,fetal_femur/Patient00905_Plane5_1_of_1.png,5.573407173156738,2
fetal_femur,images/fetal_femur/Patient01390_Plane5_1_of_1.png,fetal_femur/Patient01390_Plane5_1_of_1.png,5.571951866149902,2
fetal_femur,images/fetal_femur/Patient01516_Plane5_3_of_3.png,fetal_femur/Patient01516_Plane5_3_of_3.png,5.568516731262207,2
fetal_femur,images/fetal_femur/Patient01030_Plane5_2_of_3.png,fetal_femur/Patient01030_Plane5_2_of_3.png,5.545374870300293,2
fetal_femur,images/fetal_femur/Patient01713_Plane5_1_of_1.png,fetal_femur/Patient01713_Plane5_1_of_1.png,5.537564277648926,2
fetal_femur,images/fetal_femur/Patient00870_Plane5_1_of_1.png,fetal_femur/Patient00870_Plane5_1_of_1.png,5.52689266204834,2
fetal_femur,images/fetal_femur/Patient00168_Plane5_2_of_2.png,fetal_femur/Patient00168_Plane5_2_of_2.png,5.497464656829834,2
fetal_femur,images/fetal_femur/Patient01130_Plane5_4_of_4.png,fetal_femur/Patient01130_Plane5_4_of_4.png,5.475643634796143,2
fetal_femur,images/fetal_femur/Patient01648_Plane5_4_of_5.png,fetal_femur/Patient01648_Plane5_4_of_5.png,5.474529266357422,2
fetal_femur,images/fetal_femur/Patient00810_Plane5_1_of_1.png,fetal_femur/Patient00810_Plane5_1_of_1.png,5.46820592880249,2
fetal_femur,images/fetal_femur/Patient01395_Plane5_1_of_1.png,fetal_femur/Patient01395_Plane5_1_of_1.png,5.465875148773193,2
fetal_femur,images/fetal_femur/Patient01156_Plane5_1_of_2.png,fetal_femur/Patient01156_Plane5_1_of_2.png,5.457311630249023,2
fetal_femur,images/fetal_femur/Patient01151_Plane5_1_of_4.png,fetal_femur/Patient01151_Plane5_1_of_4.png,5.453183174133301,2
fetal_femur,images/fetal_femur/Patient00893_Plane5_1_of_1.png,fetal_femur/Patient00893_Plane5_1_of_1.png,5.450695991516113,2
fetal_femur,images/fetal_femur/Patient00874_Plane5_1_of_1.png,fetal_femur/Patient00874_Plane5_1_of_1.png,5.433197975158691,2
fetal_femur,images/fetal_femur/Patient01010_Plane5_1_of_1.png,fetal_femur/Patient01010_Plane5_1_of_1.png,5.426725387573242,2
fetal_femur,images/fetal_femur/Patient01422_Plane5_1_of_2.png,fetal_femur/Patient01422_Plane5_1_of_2.png,5.408761501312256,2
fetal_femur,images/fetal_femur/Patient01272_Plane5_1_of_1.png,fetal_femur/Patient01272_Plane5_1_of_1.png,5.408508777618408,2
fetal_femur,images/fetal_femur/Patient00890_Plane5_2_of_2.png,fetal_femur/Patient00890_Plane5_2_of_2.png,5.403116703033447,2
fetal_femur,images/fetal_femur/Patient01704_Plane5_1_of_2.png,fetal_femur/Patient01704_Plane5_1_of_2.png,5.39447021484375,2
fetal_femur,images/fetal_femur/Patient01658_Plane5_1_of_1.png,fetal_femur/Patient01658_Plane5_1_of_1.png,5.392282009124756,2
fetal_femur,images/fetal_femur/Patient00853_Plane5_1_of_1.png,fetal_femur/Patient00853_Plane5_1_of_1.png,5.390676498413086,2
fetal_femur,images/fetal_femur/Patient01393_Plane5_1_of_1.png,fetal_femur/Patient01393_Plane5_1_of_1.png,5.376441478729248,2
fetal_femur,images/fetal_femur/Patient01450_Plane5_1_of_1.png,fetal_femur/Patient01450_Plane5_1_of_1.png,5.3422722816467285,2
fetal_femur,images/fetal_femur/Patient01065_Plane5_1_of_4.png,fetal_femur/Patient01065_Plane5_1_of_4.png,5.333735942840576,2
fetal_femur,images/fetal_femur/Patient01250_Plane5_2_of_2.png,fetal_femur/Patient01250_Plane5_2_of_2.png,5.316107749938965,2
fetal_femur,images/fetal_femur/Patient01294_Plane5_1_of_2.png,fetal_femur/Patient01294_Plane5_1_of_2.png,5.314849853515625,2
fetal_femur,images/fetal_femur/Patient01620_Plane5_1_of_1.png,fetal_femur/Patient01620_Plane5_1_of_1.png,5.313004016876221,2
fetal_femur,images/fetal_femur/Patient01218_Plane5_1_of_1.png,fetal_femur/Patient01218_Plane5_1_of_1.png,5.299437522888184,2
fetal_femur,images/fetal_femur/Patient01741_Plane5_1_of_1.png,fetal_femur/Patient01741_Plane5_1_of_1.png,5.284582138061523,2
fetal_femur,images/fetal_femur/Patient01256_Plane5_1_of_2.png,fetal_femur/Patient01256_Plane5_1_of_2.png,5.284196376800537,2
fetal_femur,images/fetal_femur/Patient00631_Plane5_1_of_1.png,fetal_femur/Patient00631_Plane5_1_of_1.png,5.2610063552856445,2
fetal_femur,images/fetal_femur/Patient01005_Plane5_1_of_1.png,fetal_femur/Patient01005_Plane5_1_of_1.png,5.258899211883545,2
fetal_femur,images/fetal_femur/Patient00731_Plane5_2_of_2.png,fetal_femur/Patient00731_Plane5_2_of_2.png,5.228538990020752,2
fetal_femur,images/fetal_femur/Patient00888_Plane5_1_of_1.png,fetal_femur/Patient00888_Plane5_1_of_1.png,5.216209411621094,2
fetal_femur,images/fetal_femur/Patient01128_Plane5_1_of_1.png,fetal_femur/Patient01128_Plane5_1_of_1.png,5.212889194488525,2
fetal_femur,images/fetal_femur/Patient01485_Plane5_1_of_1.png,fetal_femur/Patient01485_Plane5_1_of_1.png,5.208038330078125,2
fetal_femur,images/fetal_femur/Patient01407_Plane5_2_of_2.png,fetal_femur/Patient01407_Plane5_2_of_2.png,5.203955173492432,2
fetal_femur,images/fetal_femur/Patient00852_Plane5_1_of_1.png,fetal_femur/Patient00852_Plane5_1_of_1.png,5.196879863739014,2
fetal_femur,images/fetal_femur/Patient01512_Plane5_1_of_1.png,fetal_femur/Patient01512_Plane5_1_of_1.png,5.194734573364258,2
fetal_femur,images/fetal_femur/Patient01269_Plane5_1_of_1.png,fetal_femur/Patient01269_Plane5_1_of_1.png,5.183578968048096,2
fetal_femur,images/fetal_femur/Patient00806_Plane5_1_of_2.png,fetal_femur/Patient00806_Plane5_1_of_2.png,5.169147968292236,2
fetal_femur,images/fetal_femur/Patient01684_Plane5_1_of_1.png,fetal_femur/Patient01684_Plane5_1_of_1.png,5.144694805145264,2
fetal_femur,images/fetal_femur/Patient00811_Plane5_1_of_1.png,fetal_femur/Patient00811_Plane5_1_of_1.png,5.142393112182617,2
fetal_femur,images/fetal_femur/Patient01420_Plane5_1_of_1.png,fetal_femur/Patient01420_Plane5_1_of_1.png,5.1361985206604,2
fetal_femur,images/fetal_femur/Patient01045_Plane5_1_of_2.png,fetal_femur/Patient01045_Plane5_1_of_2.png,5.131560325622559,2
fetal_femur,images/fetal_femur/Patient01354_Plane5_1_of_1.png,fetal_femur/Patient01354_Plane5_1_of_1.png,5.131021022796631,2
fetal_femur,images/fetal_femur/Patient00768_Plane5_1_of_2.png,fetal_femur/Patient00768_Plane5_1_of_2.png,5.126338958740234,2
fetal_femur,images/fetal_femur/Patient00919_Plane5_1_of_1.png,fetal_femur/Patient00919_Plane5_1_of_1.png,5.123557090759277,2
fetal_femur,images/fetal_femur/Patient01294_Plane5_2_of_2.png,fetal_femur/Patient01294_Plane5_2_of_2.png,5.1057329177856445,2
fetal_femur,images/fetal_femur/Patient01160_Plane5_2_of_2.png,fetal_femur/Patient01160_Plane5_2_of_2.png,5.101778507232666,2
fetal_femur,images/fetal_femur/Patient01324_Plane5_1_of_3.png,fetal_femur/Patient01324_Plane5_1_of_3.png,5.098409175872803,2
fetal_femur,images/fetal_femur/Patient01202_Plane5_2_of_2.png,fetal_femur/Patient01202_Plane5_2_of_2.png,5.074442386627197,2
fetal_femur,images/fetal_femur/Patient01118_Plane5_2_of_3.png,fetal_femur/Patient01118_Plane5_2_of_3.png,5.068081855773926,2
fetal_femur,images/fetal_femur/Patient01115_Plane5_1_of_1.png,fetal_femur/Patient01115_Plane5_1_of_1.png,5.042074203491211,2
fetal_femur,images/fetal_femur/Patient01078_Plane5_1_of_1.png,fetal_femur/Patient01078_Plane5_1_of_1.png,5.0369954109191895,2
fetal_femur,images/fetal_femur/Patient01217_Plane5_1_of_1.png,fetal_femur/Patient01217_Plane5_1_of_1.png,5.022854804992676,2
fetal_femur,images/fetal_femur/Patient00837_Plane5_2_of_2.png,fetal_femur/Patient00837_Plane5_2_of_2.png,5.005839824676514,2
fetal_femur,images/fetal_femur/Patient00712_Plane5_1_of_1.png,fetal_femur/Patient00712_Plane5_1_of_1.png,4.985641956329346,2
fetal_femur,images/fetal_femur/Patient01213_Plane5_1_of_3.png,fetal_femur/Patient01213_Plane5_1_of_3.png,4.975798606872559,2
fetal_femur,images/fetal_femur/Patient01780_Plane5_1_of_1.png,fetal_femur/Patient01780_Plane5_1_of_1.png,4.966503620147705,2
fetal_femur,images/fetal_femur/Patient01714_Plane5_1_of_1.png,fetal_femur/Patient01714_Plane5_1_of_1.png,4.96431303024292,2
fetal_femur,images/fetal_femur/Patient01545_Plane5_1_of_2.png,fetal_femur/Patient01545_Plane5_1_of_2.png,4.9630279541015625,2
fetal_femur,images/fetal_femur/Patient01162_Plane5_1_of_3.png,fetal_femur/Patient01162_Plane5_1_of_3.png,4.960081577301025,2
fetal_femur,images/fetal_femur/Patient01757_Plane5_1_of_1.png,fetal_femur/Patient01757_Plane5_1_of_1.png,4.957259178161621,2
fetal_femur,images/fetal_femur/Patient01030_Plane5_3_of_3.png,fetal_femur/Patient01030_Plane5_3_of_3.png,4.935920715332031,2
fetal_femur,images/fetal_femur/Patient00797_Plane5_1_of_1.png,fetal_femur/Patient00797_Plane5_1_of_1.png,4.935099124908447,2
fetal_femur,images/fetal_femur/Patient00936_Plane5_2_of_2.png,fetal_femur/Patient00936_Plane5_2_of_2.png,4.934284687042236,2
fetal_femur,images/fetal_femur/Patient01442_Plane5_1_of_1.png,fetal_femur/Patient01442_Plane5_1_of_1.png,4.923196315765381,2
fetal_femur,images/fetal_femur/Patient01352_Plane5_2_of_2.png,fetal_femur/Patient01352_Plane5_2_of_2.png,4.908248424530029,2
fetal_femur,images/fetal_femur/Patient00693_Plane5_1_of_1.png,fetal_femur/Patient00693_Plane5_1_of_1.png,4.907504081726074,2
fetal_femur,images/fetal_femur/Patient00884_Plane5_1_of_2.png,fetal_femur/Patient00884_Plane5_1_of_2.png,4.900203704833984,2
fetal_femur,images/fetal_femur/Patient01358_Plane5_2_of_2.png,fetal_femur/Patient01358_Plane5_2_of_2.png,4.891263961791992,2
fetal_femur,images/fetal_femur/Patient01165_Plane5_1_of_2.png,fetal_femur/Patient01165_Plane5_1_of_2.png,4.88215446472168,2
fetal_femur,images/fetal_femur/Patient00704_Plane5_1_of_1.png,fetal_femur/Patient00704_Plane5_1_of_1.png,4.878890037536621,2
fetal_femur,images/fetal_femur/Patient01274_Plane5_1_of_3.png,fetal_femur/Patient01274_Plane5_1_of_3.png,4.827561378479004,2
fetal_femur,images/fetal_femur/Patient01583_Plane5_1_of_1.png,fetal_femur/Patient01583_Plane5_1_of_1.png,4.8107194900512695,2
fetal_femur,images/fetal_femur/Patient00856_Plane5_1_of_1.png,fetal_femur/Patient00856_Plane5_1_of_1.png,4.808701515197754,2
fetal_femur,images/fetal_femur/Patient01372_Plane5_2_of_4.png,fetal_femur/Patient01372_Plane5_2_of_4.png,4.799848556518555,2
fetal_femur,images/fetal_femur/Patient01652_Plane5_1_of_1.png,fetal_femur/Patient01652_Plane5_1_of_1.png,4.776717185974121,2
fetal_femur,images/fetal_femur/Patient01323_Plane5_1_of_2.png,fetal_femur/Patient01323_Plane5_1_of_2.png,4.76942777633667,2
fetal_femur,images/fetal_femur/Patient01114_Plane5_2_of_2.png,fetal_femur/Patient01114_Plane5_2_of_2.png,4.7556562423706055,2
fetal_femur,images/fetal_femur/Patient00740_Plane5_1_of_1.png,fetal_femur/Patient00740_Plane5_1_of_1.png,4.743138313293457,2
fetal_femur,images/fetal_femur/Patient00789_Plane5_1_of_2.png,fetal_femur/Patient00789_Plane5_1_of_2.png,4.71293830871582,2
fetal_femur,images/fetal_femur/Patient01745_Plane5_1_of_1.png,fetal_femur/Patient01745_Plane5_1_of_1.png,4.704392910003662,2
fetal_femur,images/fetal_femur/Patient01597_Plane5_1_of_1.png,fetal_femur/Patient01597_Plane5_1_of_1.png,4.698934078216553,2
fetal_femur,images/fetal_femur/Patient01720_Plane5_1_of_1.png,fetal_femur/Patient01720_Plane5_1_of_1.png,4.670835971832275,2
fetal_femur,images/fetal_femur/Patient01139_Plane5_1_of_3.png,fetal_femur/Patient01139_Plane5_1_of_3.png,4.661665916442871,2
fetal_femur,images/fetal_femur/Patient00698_Plane5_1_of_1.png,fetal_femur/Patient00698_Plane5_1_of_1.png,4.652912139892578,2
fetal_femur,images/fetal_femur/Patient00872_Plane5_1_of_1.png,fetal_femur/Patient00872_Plane5_1_of_1.png,4.652367115020752,2
fetal_femur,images/fetal_femur/Patient01064_Plane5_1_of_1.png,fetal_femur/Patient01064_Plane5_1_of_1.png,4.646610736846924,2
fetal_femur,images/fetal_femur/Patient00643_Plane5_1_of_1.png,fetal_femur/Patient00643_Plane5_1_of_1.png,4.638984203338623,2
fetal_femur,images/fetal_femur/Patient01050_Plane5_2_of_2.png,fetal_femur/Patient01050_Plane5_2_of_2.png,4.6296706199646,2
fetal_femur,images/fetal_femur/Patient01151_Plane5_4_of_4.png,fetal_femur/Patient01151_Plane5_4_of_4.png,4.625300407409668,2
fetal_femur,images/fetal_femur/Patient00935_Plane5_2_of_3.png,fetal_femur/Patient00935_Plane5_2_of_3.png,4.589179992675781,2
fetal_femur,images/fetal_femur/Patient01149_Plane5_1_of_1.png,fetal_femur/Patient01149_Plane5_1_of_1.png,4.581507205963135,2
fetal_femur,images/fetal_femur/Patient00750_Plane5_1_of_1.png,fetal_femur/Patient00750_Plane5_1_of_1.png,4.545147895812988,2
fetal_femur,images/fetal_femur/Patient00937_Plane5_2_of_2.png,fetal_femur/Patient00937_Plane5_2_of_2.png,4.543303489685059,2
fetal_femur,images/fetal_femur/Patient01257_Plane5_1_of_1.png,fetal_femur/Patient01257_Plane5_1_of_1.png,4.505566596984863,2
fetal_femur,images/fetal_femur/Patient00907_Plane5_2_of_2.png,fetal_femur/Patient00907_Plane5_2_of_2.png,4.505251884460449,2
fetal_femur,images/fetal_femur/Patient01573_Plane5_1_of_1.png,fetal_femur/Patient01573_Plane5_1_of_1.png,4.487266540527344,2
fetal_femur,images/fetal_femur/Patient00781_Plane5_1_of_1.png,fetal_femur/Patient00781_Plane5_1_of_1.png,4.471757888793945,2
fetal_femur,images/fetal_femur/Patient00790_Plane5_1_of_1.png,fetal_femur/Patient00790_Plane5_1_of_1.png,4.461325645446777,2
fetal_femur,images/fetal_femur/Patient01199_Plane5_2_of_2.png,fetal_femur/Patient01199_Plane5_2_of_2.png,4.44862174987793,2
fetal_femur,images/fetal_femur/Patient01011_Plane5_2_of_2.png,fetal_femur/Patient01011_Plane5_2_of_2.png,4.426046371459961,2
fetal_femur,images/fetal_femur/Patient01330_Plane5_1_of_1.png,fetal_femur/Patient01330_Plane5_1_of_1.png,4.419622421264648,2
fetal_femur,images/fetal_femur/Patient00976_Plane5_1_of_1.png,fetal_femur/Patient00976_Plane5_1_of_1.png,4.4189934730529785,2
fetal_femur,images/fetal_femur/Patient00831_Plane5_2_of_2.png,fetal_femur/Patient00831_Plane5_2_of_2.png,4.3907294273376465,2
fetal_femur,images/fetal_femur/Patient01080_Plane5_2_of_2.png,fetal_femur/Patient01080_Plane5_2_of_2.png,4.381651878356934,2
fetal_femur,images/fetal_femur/Patient01120_Plane5_1_of_1.png,fetal_femur/Patient01120_Plane5_1_of_1.png,4.365516662597656,2
fetal_femur,images/fetal_femur/Patient01065_Plane5_4_of_4.png,fetal_femur/Patient01065_Plane5_4_of_4.png,4.349735260009766,2
fetal_femur,images/fetal_femur/Patient00849_Plane5_1_of_2.png,fetal_femur/Patient00849_Plane5_1_of_2.png,4.348840713500977,2
fetal_femur,images/fetal_femur/Patient01105_Plane5_2_of_2.png,fetal_femur/Patient01105_Plane5_2_of_2.png,4.337449550628662,2
fetal_femur,images/fetal_femur/Patient01505_Plane5_1_of_1.png,fetal_femur/Patient01505_Plane5_1_of_1.png,4.335455894470215,2
fetal_femur,images/fetal_femur/Patient01094_Plane5_4_of_4.png,fetal_femur/Patient01094_Plane5_4_of_4.png,4.313096046447754,2
fetal_femur,images/fetal_femur/Patient01322_Plane5_1_of_1.png,fetal_femur/Patient01322_Plane5_1_of_1.png,4.2631378173828125,2
fetal_femur,images/fetal_femur/Patient01124_Plane5_1_of_1.png,fetal_femur/Patient01124_Plane5_1_of_1.png,4.259765148162842,2
fetal_femur,images/fetal_femur/Patient01139_Plane5_2_of_3.png,fetal_femur/Patient01139_Plane5_2_of_3.png,4.248018741607666,2
fetal_femur,images/fetal_femur/Patient00647_Plane5_1_of_1.png,fetal_femur/Patient00647_Plane5_1_of_1.png,4.244806289672852,2
fetal_femur,images/fetal_femur/Patient01080_Plane5_1_of_2.png,fetal_femur/Patient01080_Plane5_1_of_2.png,4.226869583129883,2
fetal_femur,images/fetal_femur/Patient01331_Plane5_1_of_1.png,fetal_femur/Patient01331_Plane5_1_of_1.png,4.217935562133789,2
fetal_femur,images/fetal_femur/Patient00896_Plane5_2_of_3.png,fetal_femur/Patient00896_Plane5_2_of_3.png,4.205866813659668,2
fetal_femur,images/fetal_femur/Patient01435_Plane5_1_of_2.png,fetal_femur/Patient01435_Plane5_1_of_2.png,4.2019243240356445,2
fetal_femur,images/fetal_femur/Patient00753_Plane5_2_of_2.png,fetal_femur/Patient00753_Plane5_2_of_2.png,4.192481994628906,2
fetal_femur,images/fetal_femur/Patient01250_Plane5_1_of_2.png,fetal_femur/Patient01250_Plane5_1_of_2.png,4.184426784515381,2
fetal_femur,images/fetal_femur/Patient01771_Plane5_1_of_2.png,fetal_femur/Patient01771_Plane5_1_of_2.png,4.170671463012695,2
fetal_femur,images/fetal_femur/Patient01154_Plane5_1_of_1.png,fetal_femur/Patient01154_Plane5_1_of_1.png,4.134007453918457,2
fetal_femur,images/fetal_femur/Patient00668_Plane5_1_of_1.png,fetal_femur/Patient00668_Plane5_1_of_1.png,4.11704158782959,2
fetal_femur,images/fetal_femur/Patient00759_Plane5_1_of_1.png,fetal_femur/Patient00759_Plane5_1_of_1.png,4.112204074859619,2
fetal_femur,images/fetal_femur/Patient01491_Plane5_1_of_2.png,fetal_femur/Patient01491_Plane5_1_of_2.png,4.099353790283203,2
fetal_femur,images/fetal_femur/Patient01093_Plane5_1_of_1.png,fetal_femur/Patient01093_Plane5_1_of_1.png,4.085625648498535,2
fetal_femur,images/fetal_femur/Patient00713_Plane5_1_of_2.png,fetal_femur/Patient00713_Plane5_1_of_2.png,4.084227085113525,2
fetal_femur,images/fetal_femur/Patient01570_Plane5_1_of_1.png,fetal_femur/Patient01570_Plane5_1_of_1.png,4.080789089202881,2
fetal_femur,images/fetal_femur/Patient01543_Plane5_1_of_1.png,fetal_femur/Patient01543_Plane5_1_of_1.png,4.0561323165893555,2
fetal_femur,images/fetal_femur/Patient00959_Plane5_1_of_1.png,fetal_femur/Patient00959_Plane5_1_of_1.png,4.040616989135742,2
fetal_femur,images/fetal_femur/Patient01182_Plane5_2_of_2.png,fetal_femur/Patient01182_Plane5_2_of_2.png,4.023767471313477,2
fetal_femur,images/fetal_femur/Patient01129_Plane5_3_of_4.png,fetal_femur/Patient01129_Plane5_3_of_4.png,4.0210981369018555,2
fetal_femur,images/fetal_femur/Patient01728_Plane5_1_of_1.png,fetal_femur/Patient01728_Plane5_1_of_1.png,4.016012191772461,2
fetal_femur,images/fetal_femur/Patient00749_Plane5_2_of_2.png,fetal_femur/Patient00749_Plane5_2_of_2.png,4.005948066711426,2
fetal_femur,images/fetal_femur/Patient01705_Plane5_1_of_1.png,fetal_femur/Patient01705_Plane5_1_of_1.png,3.9958667755126953,2
fetal_femur,images/fetal_femur/Patient01374_Plane5_1_of_1.png,fetal_femur/Patient01374_Plane5_1_of_1.png,3.989011287689209,2
fetal_femur,images/fetal_femur/Patient00819_Plane5_1_of_1.png,fetal_femur/Patient00819_Plane5_1_of_1.png,3.9737548828125,2
fetal_femur,images/fetal_femur/Patient01675_Plane5_1_of_1.png,fetal_femur/Patient01675_Plane5_1_of_1.png,3.9726076126098633,2
fetal_femur,images/fetal_femur/Patient01635_Plane5_1_of_2.png,fetal_femur/Patient01635_Plane5_1_of_2.png,3.948178291320801,2
fetal_femur,images/fetal_femur/Patient01009_Plane5_1_of_2.png,fetal_femur/Patient01009_Plane5_1_of_2.png,3.9465363025665283,2
fetal_femur,images/fetal_femur/Patient01347_Plane5_2_of_2.png,fetal_femur/Patient01347_Plane5_2_of_2.png,3.943077564239502,2
fetal_femur,images/fetal_femur/Patient01614_Plane5_1_of_1.png,fetal_femur/Patient01614_Plane5_1_of_1.png,3.927388906478882,2
fetal_femur,images/fetal_femur/Patient01715_Plane5_1_of_1.png,fetal_femur/Patient01715_Plane5_1_of_1.png,3.9203882217407227,2
fetal_femur,images/fetal_femur/Patient01165_Plane5_2_of_2.png,fetal_femur/Patient01165_Plane5_2_of_2.png,3.9105119705200195,2
fetal_femur,images/fetal_femur/Patient01566_Plane5_1_of_1.png,fetal_femur/Patient01566_Plane5_1_of_1.png,3.9097046852111816,2
fetal_femur,images/fetal_femur/Patient01433_Plane5_3_of_3.png,fetal_femur/Patient01433_Plane5_3_of_3.png,3.9034738540649414,2
fetal_femur,images/fetal_femur/Patient01697_Plane5_1_of_1.png,fetal_femur/Patient01697_Plane5_1_of_1.png,3.9031124114990234,2
fetal_femur,images/fetal_femur/Patient01112_Plane5_1_of_2.png,fetal_femur/Patient01112_Plane5_1_of_2.png,3.900020122528076,2
fetal_femur,images/fetal_femur/Patient01668_Plane5_1_of_1.png,fetal_femur/Patient01668_Plane5_1_of_1.png,3.888481616973877,2
fetal_femur,images/fetal_femur/Patient01672_Plane5_2_of_2.png,fetal_femur/Patient01672_Plane5_2_of_2.png,3.886746406555176,2
fetal_femur,images/fetal_femur/Patient01752_Plane5_1_of_2.png,fetal_femur/Patient01752_Plane5_1_of_2.png,3.8836982250213623,2
fetal_femur,images/fetal_femur/Patient01510_Plane5_1_of_1.png,fetal_femur/Patient01510_Plane5_1_of_1.png,3.8647027015686035,2
fetal_femur,images/fetal_femur/Patient01627_Plane5_1_of_2.png,fetal_femur/Patient01627_Plane5_1_of_2.png,3.860189914703369,2
fetal_femur,images/fetal_femur/Patient01182_Plane5_1_of_2.png,fetal_femur/Patient01182_Plane5_1_of_2.png,3.855405330657959,2
fetal_femur,images/fetal_femur/Patient01693_Plane5_1_of_1.png,fetal_femur/Patient01693_Plane5_1_of_1.png,3.851101875305176,2
fetal_femur,images/fetal_femur/Patient01483_Plane5_1_of_2.png,fetal_femur/Patient01483_Plane5_1_of_2.png,3.8497378826141357,2
fetal_femur,images/fetal_femur/Patient01221_Plane5_1_of_2.png,fetal_femur/Patient01221_Plane5_1_of_2.png,3.842495918273926,2
fetal_femur,images/fetal_femur/Patient01179_Plane5_1_of_2.png,fetal_femur/Patient01179_Plane5_1_of_2.png,3.8187367916107178,2
fetal_femur,images/fetal_femur/Patient01137_Plane5_2_of_2.png,fetal_femur/Patient01137_Plane5_2_of_2.png,3.811069965362549,2
fetal_femur,images/fetal_femur/Patient01262_Plane5_3_of_5.png,fetal_femur/Patient01262_Plane5_3_of_5.png,3.7928853034973145,2
fetal_femur,images/fetal_femur/Patient01654_Plane5_1_of_1.png,fetal_femur/Patient01654_Plane5_1_of_1.png,3.7867891788482666,2
fetal_femur,images/fetal_femur/Patient01000_Plane5_2_of_3.png,fetal_femur/Patient01000_Plane5_2_of_3.png,3.712341785430908,2
fetal_femur,images/fetal_femur/Patient01237_Plane5_3_of_3.png,fetal_femur/Patient01237_Plane5_3_of_3.png,3.69948410987854,2
fetal_femur,images/fetal_femur/Patient01237_Plane5_2_of_3.png,fetal_femur/Patient01237_Plane5_2_of_3.png,3.6695291996002197,2
fetal_femur,images/fetal_femur/Patient01135_Plane5_1_of_1.png,fetal_femur/Patient01135_Plane5_1_of_1.png,3.659292697906494,2
fetal_femur,images/fetal_femur/Patient01329_Plane5_1_of_2.png,fetal_femur/Patient01329_Plane5_1_of_2.png,3.6464757919311523,2
fetal_femur,images/fetal_femur/Patient00935_Plane5_1_of_3.png,fetal_femur/Patient00935_Plane5_1_of_3.png,3.6398167610168457,2
fetal_femur,images/fetal_femur/Patient00738_Plane5_1_of_1.png,fetal_femur/Patient00738_Plane5_1_of_1.png,3.636096954345703,2
fetal_femur,images/fetal_femur/Patient01225_Plane5_2_of_2.png,fetal_femur/Patient01225_Plane5_2_of_2.png,3.6307268142700195,2
fetal_femur,images/fetal_femur/Patient01612_Plane5_1_of_1.png,fetal_femur/Patient01612_Plane5_1_of_1.png,3.6058783531188965,2
fetal_femur,images/fetal_femur/Patient00972_Plane5_1_of_2.png,fetal_femur/Patient00972_Plane5_1_of_2.png,3.589545726776123,2
fetal_femur,images/fetal_femur/Patient00942_Plane5_1_of_2.png,fetal_femur/Patient00942_Plane5_1_of_2.png,3.5595710277557373,2
fetal_femur,images/fetal_femur/Patient01178_Plane5_2_of_2.png,fetal_femur/Patient01178_Plane5_2_of_2.png,3.5499322414398193,2
fetal_femur,images/fetal_femur/Patient01717_Plane5_1_of_1.png,fetal_femur/Patient01717_Plane5_1_of_1.png,3.541623592376709,2
fetal_femur,images/fetal_femur/Patient00751_Plane5_1_of_1.png,fetal_femur/Patient00751_Plane5_1_of_1.png,3.533811569213867,2
fetal_femur,images/fetal_femur/Patient01014_Plane5_1_of_1.png,fetal_femur/Patient01014_Plane5_1_of_1.png,3.50734281539917,2
fetal_femur,images/fetal_femur/Patient01446_Plane5_1_of_1.png,fetal_femur/Patient01446_Plane5_1_of_1.png,3.4502246379852295,2
fetal_femur,images/fetal_femur/Patient01549_Plane5_1_of_1.png,fetal_femur/Patient01549_Plane5_1_of_1.png,3.4375298023223877,2
fetal_femur,images/fetal_femur/Patient00896_Plane5_3_of_3.png,fetal_femur/Patient00896_Plane5_3_of_3.png,3.433317184448242,2
fetal_femur,images/fetal_femur/Patient01183_Plane5_2_of_2.png,fetal_femur/Patient01183_Plane5_2_of_2.png,3.4312944412231445,2
fetal_femur,images/fetal_femur/Patient00922_Plane5_1_of_1.png,fetal_femur/Patient00922_Plane5_1_of_1.png,3.348850727081299,2
fetal_femur,images/fetal_femur/Patient01638_Plane5_1_of_1.png,fetal_femur/Patient01638_Plane5_1_of_1.png,3.255744457244873,2
fetal_femur,images/fetal_femur/Patient01048_Plane5_1_of_1.png,fetal_femur/Patient01048_Plane5_1_of_1.png,3.2242980003356934,2
fetal_femur,images/fetal_femur/Patient01081_Plane5_1_of_1.png,fetal_femur/Patient01081_Plane5_1_of_1.png,3.198819875717163,2
fetal_femur,images/fetal_femur/Patient01287_Plane5_1_of_1.png,fetal_femur/Patient01287_Plane5_1_of_1.png,3.1641833782196045,2
fetal_femur,images/fetal_femur/Patient00834_Plane5_1_of_1.png,fetal_femur/Patient00834_Plane5_1_of_1.png,3.1525075435638428,2
fetal_femur,images/fetal_femur/Patient00832_Plane5_1_of_2.png,fetal_femur/Patient00832_Plane5_1_of_2.png,3.1353349685668945,2
fetal_femur,images/fetal_femur/Patient01035_Plane5_3_of_4.png,fetal_femur/Patient01035_Plane5_3_of_4.png,3.109388828277588,2
fetal_femur,images/fetal_femur/Patient01364_Plane5_1_of_1.png,fetal_femur/Patient01364_Plane5_1_of_1.png,3.091459274291992,2
fetal_femur,images/fetal_femur/Patient01699_Plane5_1_of_1.png,fetal_femur/Patient01699_Plane5_1_of_1.png,3.0618786811828613,2
fetal_femur,images/fetal_femur/Patient01003_Plane5_1_of_1.png,fetal_femur/Patient01003_Plane5_1_of_1.png,2.973504066467285,2
fetal_femur,images/fetal_femur/Patient01688_Plane5_2_of_2.png,fetal_femur/Patient01688_Plane5_2_of_2.png,2.917102813720703,2
fetal_femur,images/fetal_femur/Patient00981_Plane5_1_of_1.png,fetal_femur/Patient00981_Plane5_1_of_1.png,2.8567001819610596,2
fetal_femur,images/fetal_femur/Patient01055_Plane5_1_of_1.png,fetal_femur/Patient01055_Plane5_1_of_1.png,2.8065857887268066,2
fetal_femur,images/fetal_femur/Patient00820_Plane5_1_of_1.png,fetal_femur/Patient00820_Plane5_1_of_1.png,2.7974650859832764,2
fetal_femur,images/fetal_femur/Patient00999_Plane5_1_of_1.png,fetal_femur/Patient00999_Plane5_1_of_1.png,2.767420768737793,2
fetal_femur,images/fetal_femur/Patient00814_Plane5_1_of_1.png,fetal_femur/Patient00814_Plane5_1_of_1.png,2.7577035427093506,2
fetal_femur,images/fetal_femur/Patient01650_Plane5_1_of_2.png,fetal_femur/Patient01650_Plane5_1_of_2.png,2.7076308727264404,2
fetal_femur,images/fetal_femur/Patient01188_Plane5_1_of_1.png,fetal_femur/Patient01188_Plane5_1_of_1.png,2.6721320152282715,2
fetal_femur,images/fetal_femur/Patient01290_Plane5_1_of_1.png,fetal_femur/Patient01290_Plane5_1_of_1.png,2.655463218688965,2
fetal_femur,images/fetal_femur/Patient01310_Plane5_1_of_1.png,fetal_femur/Patient01310_Plane5_1_of_1.png,2.653856039047241,2
fetal_femur,images/fetal_femur/Patient01060_Plane5_2_of_2.png,fetal_femur/Patient01060_Plane5_2_of_2.png,2.624802827835083,2
fetal_femur,images/fetal_femur/Patient00835_Plane5_1_of_1.png,fetal_femur/Patient00835_Plane5_1_of_1.png,2.623440980911255,2
fetal_femur,images/fetal_femur/Patient01610_Plane5_2_of_2.png,fetal_femur/Patient01610_Plane5_2_of_2.png,2.612299680709839,2
fetal_femur,images/fetal_femur/Patient01168_Plane5_1_of_1.png,fetal_femur/Patient01168_Plane5_1_of_1.png,2.5671017169952393,2
fetal_femur,images/fetal_femur/Patient00813_Plane5_1_of_1.png,fetal_femur/Patient00813_Plane5_1_of_1.png,2.5492029190063477,2
fetal_femur,images/fetal_femur/Patient01056_Plane5_1_of_1.png,fetal_femur/Patient01056_Plane5_1_of_1.png,2.5065431594848633,2
fetal_femur,images/fetal_femur/Patient01592_Plane5_1_of_5.png,fetal_femur/Patient01592_Plane5_1_of_5.png,2.433551788330078,2
fetal_femur,images/fetal_femur/Patient01142_Plane5_1_of_1.png,fetal_femur/Patient01142_Plane5_1_of_1.png,2.4024405479431152,2
fetal_femur,images/fetal_femur/Patient01092_Plane5_1_of_1.png,fetal_femur/Patient01092_Plane5_1_of_1.png,2.395824432373047,2
fetal_femur,images/fetal_femur/Patient01340_Plane5_2_of_2.png,fetal_femur/Patient01340_Plane5_2_of_2.png,2.3788771629333496,2
fetal_femur,images/fetal_femur/Patient01571_Plane5_1_of_1.png,fetal_femur/Patient01571_Plane5_1_of_1.png,2.3548450469970703,2
fetal_femur,images/fetal_femur/Patient00994_Plane5_1_of_1.png,fetal_femur/Patient00994_Plane5_1_of_1.png,2.250399351119995,2
fetal_femur,images/fetal_femur/Patient00998_Plane5_1_of_1.png,fetal_femur/Patient00998_Plane5_1_of_1.png,2.2421798706054688,2
fetal_femur,images/fetal_femur/Patient00707_Plane5_1_of_1.png,fetal_femur/Patient00707_Plane5_1_of_1.png,1.9825289249420166,2
fetal_femur,images/fetal_femur/Patient00795_Plane5_2_of_2.png,fetal_femur/Patient00795_Plane5_2_of_2.png,1.8105030059814453,2
fetal_femur,images/fetal_femur/Patient01500_Plane5_1_of_1.png,fetal_femur/Patient01500_Plane5_1_of_1.png,1.7463657855987549,2
fetal_femur,images/fetal_femur/Patient01770_Plane5_2_of_2.png,fetal_femur/Patient01770_Plane5_2_of_2.png,1.713010311126709,2
fetal_femur,images/fetal_femur/Patient01185_Plane5_1_of_1.png,fetal_femur/Patient01185_Plane5_1_of_1.png,1.694890022277832,2
fetal_femur,images/fetal_femur/Patient01012_Plane5_1_of_1.png,fetal_femur/Patient01012_Plane5_1_of_1.png,1.66670560836792,2
fetal_femur,images/fetal_femur/Patient00975_Plane5_2_of_2.png,fetal_femur/Patient00975_Plane5_2_of_2.png,1.2976016998291016,2
